relative_path,class_name,split
battery/battery_1.jpg,battery,train
battery/battery_100.jpg,battery,train
battery/battery_101.jpg,battery,train
battery/battery_103.jpg,battery,train
battery/battery_104.jpg,battery,train
battery/battery_105.jpg,battery,train
battery/battery_106.jpg,battery,train
battery/battery_107.jpg,battery,train
battery/battery_108.jpg,battery,train
battery/battery_109.jpg,battery,train
battery/battery_11.jpg,battery,train
battery/battery_112.jpg,battery,train
battery/battery_113.jpg,battery,train
battery/battery_114.jpg,battery,train
battery/battery_115.jpg,battery,train
battery/battery_116.jpg,battery,train
battery/battery_119.jpg,battery,train
battery/battery_12.jpg,battery,train
battery/battery_120.jpg,battery,train
battery/battery_121.jpg,battery,train
battery/battery_122.jpg,battery,train
battery/battery_124.jpg,battery,train
battery/battery_125.jpg,battery,train
battery/battery_126.jpg,battery,train
battery/battery_127.jpg,battery,train
battery/battery_129.jpg,battery,train
battery/battery_131.jpg,battery,train
battery/battery_132.jpg,battery,train
battery/battery_133.jpg,battery,train
battery/battery_134.jpg,battery,train
battery/battery_136.jpg,battery,train
battery/battery_137.jpg,battery,train
battery/battery_138.jpg,battery,train
battery/battery_139.jpg,battery,train
battery/battery_14.jpg,battery,train
battery/battery_140.jpg,battery,train
battery/battery_142.jpg,battery,train
battery/battery_143.jpg,battery,train
battery/battery_144.jpg,battery,train
battery/battery_145.jpg,battery,train
battery/battery_147.jpg,battery,train
battery/battery_148.jpg,battery,train
battery/battery_149.jpg,battery,train
battery/battery_15.jpg,battery,train
battery/battery_150.jpg,battery,train
battery/battery_152.jpg,battery,train
battery/battery_153.jpg,battery,train
battery/battery_154.jpg,battery,train
battery/battery_156.jpg,battery,train
battery/battery_158.jpg,battery,train
battery/battery_159.jpg,battery,train
battery/battery_16.jpg,battery,train
battery/battery_160.jpg,battery,train
battery/battery_161.jpg,battery,train
battery/battery_162.jpg,battery,train
battery/battery_164.jpg,battery,train
battery/battery_165.jpg,battery,train
battery/battery_166.jpg,battery,train
battery/battery_167.jpg,battery,train
battery/battery_168.jpg,battery,train
battery/battery_169.jpg,battery,train
battery/battery_17.jpg,battery,train
battery/battery_170.jpg,battery,train
battery/battery_172.jpg,battery,train
battery/battery_173.jpg,battery,train
battery/battery_174.jpg,battery,train
battery/battery_175.jpg,battery,train
battery/battery_177.jpg,battery,train
battery/battery_179.jpg,battery,train
battery/battery_18.jpg,battery,train
battery/battery_180.jpg,battery,train
battery/battery_182.jpg,battery,train
battery/battery_183.jpg,battery,train
battery/battery_184.jpg,battery,train
battery/battery_186.jpg,battery,train
battery/battery_187.jpg,battery,train
battery/battery_19.jpg,battery,train
battery/battery_190.jpg,battery,train
battery/battery_192.jpg,battery,train
battery/battery_193.jpg,battery,train
battery/battery_196.jpg,battery,train
battery/battery_197.jpg,battery,train
battery/battery_198.jpg,battery,train
battery/battery_199.jpg,battery,train
battery/battery_2.jpg,battery,train
battery/battery_200.jpg,battery,train
battery/battery_201.jpg,battery,train
battery/battery_202.jpg,battery,train
battery/battery_203.jpg,battery,train
battery/battery_204.jpg,battery,train
battery/battery_205.jpg,battery,train
battery/battery_206.jpg,battery,train
battery/battery_207.jpg,battery,train
battery/battery_210.jpg,battery,train
battery/battery_211.jpg,battery,train
battery/battery_212.jpg,battery,train
battery/battery_213.jpg,battery,train
battery/battery_217.jpg,battery,train
battery/battery_218.jpg,battery,train
battery/battery_219.jpg,battery,train
battery/battery_220.jpg,battery,train
battery/battery_221.jpg,battery,train
battery/battery_222.jpg,battery,train
battery/battery_224.jpg,battery,train
battery/battery_225.jpg,battery,train
battery/battery_226.jpg,battery,train
battery/battery_227.jpg,battery,train
battery/battery_229.jpg,battery,train
battery/battery_23.jpg,battery,train
battery/battery_232.jpg,battery,train
battery/battery_233.jpg,battery,train
battery/battery_234.jpg,battery,train
battery/battery_235.jpg,battery,train
battery/battery_236.jpg,battery,train
battery/battery_237.jpg,battery,train
battery/battery_238.jpg,battery,train
battery/battery_239.jpg,battery,train
battery/battery_240.jpg,battery,train
battery/battery_241.jpg,battery,train
battery/battery_245.jpg,battery,train
battery/battery_246.jpg,battery,train
battery/battery_247.jpg,battery,train
battery/battery_248.jpg,battery,train
battery/battery_25.jpg,battery,train
battery/battery_250.jpg,battery,train
battery/battery_251.jpg,battery,train
battery/battery_253.jpg,battery,train
battery/battery_254.jpg,battery,train
battery/battery_255.jpg,battery,train
battery/battery_256.jpg,battery,train
battery/battery_257.jpg,battery,train
battery/battery_258.jpg,battery,train
battery/battery_259.jpg,battery,train
battery/battery_26.jpg,battery,train
battery/battery_260.jpg,battery,train
battery/battery_261.jpg,battery,train
battery/battery_262.jpg,battery,train
battery/battery_263.jpg,battery,train
battery/battery_265.jpg,battery,train
battery/battery_266.jpg,battery,train
battery/battery_269.jpg,battery,train
battery/battery_270.jpg,battery,train
battery/battery_272.jpg,battery,train
battery/battery_273.jpg,battery,train
battery/battery_274.jpg,battery,train
battery/battery_275.jpg,battery,train
battery/battery_276.jpg,battery,train
battery/battery_278.jpg,battery,train
battery/battery_279.jpg,battery,train
battery/battery_282.jpg,battery,train
battery/battery_283.jpg,battery,train
battery/battery_286.jpg,battery,train
battery/battery_287.jpg,battery,train
battery/battery_288.jpg,battery,train
battery/battery_289.jpg,battery,train
battery/battery_29.jpg,battery,train
battery/battery_290.jpg,battery,train
battery/battery_291.jpg,battery,train
battery/battery_293.jpg,battery,train
battery/battery_296.jpg,battery,train
battery/battery_298.jpg,battery,train
battery/battery_299.jpg,battery,train
battery/battery_3.jpg,battery,train
battery/battery_30.jpg,battery,train
battery/battery_301.jpg,battery,train
battery/battery_302.jpg,battery,train
battery/battery_303.jpg,battery,train
battery/battery_304.jpg,battery,train
battery/battery_305.jpg,battery,train
battery/battery_307.jpg,battery,train
battery/battery_31.jpg,battery,train
battery/battery_310.jpg,battery,train
battery/battery_311.jpg,battery,train
battery/battery_312.jpg,battery,train
battery/battery_313.jpg,battery,train
battery/battery_314.jpg,battery,train
battery/battery_319.jpg,battery,train
battery/battery_32.jpg,battery,train
battery/battery_321.jpg,battery,train
battery/battery_322.jpg,battery,train
battery/battery_323.jpg,battery,train
battery/battery_324.jpg,battery,train
battery/battery_327.jpg,battery,train
battery/battery_328.jpg,battery,train
battery/battery_329.jpg,battery,train
battery/battery_33.jpg,battery,train
battery/battery_330.jpg,battery,train
battery/battery_332.jpg,battery,train
battery/battery_333.jpg,battery,train
battery/battery_334.jpg,battery,train
battery/battery_335.jpg,battery,train
battery/battery_336.jpg,battery,train
battery/battery_337.jpg,battery,train
battery/battery_338.jpg,battery,train
battery/battery_339.jpg,battery,train
battery/battery_340.jpg,battery,train
battery/battery_343.jpg,battery,train
battery/battery_344.jpg,battery,train
battery/battery_346.jpg,battery,train
battery/battery_347.jpg,battery,train
battery/battery_349.jpg,battery,train
battery/battery_35.jpg,battery,train
battery/battery_351.jpg,battery,train
battery/battery_352.jpg,battery,train
battery/battery_354.jpg,battery,train
battery/battery_355.jpg,battery,train
battery/battery_356.jpg,battery,train
battery/battery_357.jpg,battery,train
battery/battery_358.jpg,battery,train
battery/battery_36.jpg,battery,train
battery/battery_360.jpg,battery,train
battery/battery_361.jpg,battery,train
battery/battery_362.jpg,battery,train
battery/battery_364.jpg,battery,train
battery/battery_366.jpg,battery,train
battery/battery_367.jpg,battery,train
battery/battery_368.jpg,battery,train
battery/battery_369.jpg,battery,train
battery/battery_37.jpg,battery,train
battery/battery_370.jpg,battery,train
battery/battery_371.jpg,battery,train
battery/battery_372.jpg,battery,train
battery/battery_373.jpg,battery,train
battery/battery_374.jpg,battery,train
battery/battery_375.jpg,battery,train
battery/battery_376.jpg,battery,train
battery/battery_378.jpg,battery,train
battery/battery_379.jpg,battery,train
battery/battery_38.jpg,battery,train
battery/battery_380.jpg,battery,train
battery/battery_382.jpg,battery,train
battery/battery_384.jpg,battery,train
battery/battery_386.jpg,battery,train
battery/battery_387.jpg,battery,train
battery/battery_388.jpg,battery,train
battery/battery_389.jpg,battery,train
battery/battery_39.jpg,battery,train
battery/battery_390.jpg,battery,train
battery/battery_391.jpg,battery,train
battery/battery_393.jpg,battery,train
battery/battery_394.jpg,battery,train
battery/battery_395.jpg,battery,train
battery/battery_396.jpg,battery,train
battery/battery_398.jpg,battery,train
battery/battery_399.jpg,battery,train
battery/battery_4.jpg,battery,train
battery/battery_40.jpg,battery,train
battery/battery_400.jpg,battery,train
battery/battery_401.jpg,battery,train
battery/battery_403.jpg,battery,train
battery/battery_405.jpg,battery,train
battery/battery_406.jpg,battery,train
battery/battery_407.jpg,battery,train
battery/battery_409.jpg,battery,train
battery/battery_410.jpg,battery,train
battery/battery_413.jpg,battery,train
battery/battery_414.jpg,battery,train
battery/battery_415.jpg,battery,train
battery/battery_416.jpg,battery,train
battery/battery_417.jpg,battery,train
battery/battery_418.jpg,battery,train
battery/battery_419.jpg,battery,train
battery/battery_42.jpg,battery,train
battery/battery_420.jpg,battery,train
battery/battery_422.jpg,battery,train
battery/battery_423.jpg,battery,train
battery/battery_424.jpg,battery,train
battery/battery_425.jpg,battery,train
battery/battery_426.jpg,battery,train
battery/battery_427.jpg,battery,train
battery/battery_428.jpg,battery,train
battery/battery_43.jpg,battery,train
battery/battery_430.jpg,battery,train
battery/battery_431.jpg,battery,train
battery/battery_432.jpg,battery,train
battery/battery_433.jpg,battery,train
battery/battery_436.jpg,battery,train
battery/battery_437.jpg,battery,train
battery/battery_439.jpg,battery,train
battery/battery_441.jpg,battery,train
battery/battery_442.jpg,battery,train
battery/battery_443.jpg,battery,train
battery/battery_444.jpg,battery,train
battery/battery_449.jpg,battery,train
battery/battery_450.jpg,battery,train
battery/battery_453.jpg,battery,train
battery/battery_454.jpg,battery,train
battery/battery_455.jpg,battery,train
battery/battery_456.jpg,battery,train
battery/battery_458.jpg,battery,train
battery/battery_459.jpg,battery,train
battery/battery_462.jpg,battery,train
battery/battery_463.jpg,battery,train
battery/battery_464.jpg,battery,train
battery/battery_466.jpg,battery,train
battery/battery_467.jpg,battery,train
battery/battery_468.jpg,battery,train
battery/battery_47.jpg,battery,train
battery/battery_470.jpg,battery,train
battery/battery_472.jpg,battery,train
battery/battery_474.jpg,battery,train
battery/battery_475.jpg,battery,train
battery/battery_477.jpg,battery,train
battery/battery_478.jpg,battery,train
battery/battery_479.jpg,battery,train
battery/battery_48.jpg,battery,train
battery/battery_480.jpg,battery,train
battery/battery_481.jpg,battery,train
battery/battery_482.jpg,battery,train
battery/battery_483.jpg,battery,train
battery/battery_485.jpg,battery,train
battery/battery_486.jpg,battery,train
battery/battery_487.jpg,battery,train
battery/battery_488.jpg,battery,train
battery/battery_489.jpg,battery,train
battery/battery_49.jpg,battery,train
battery/battery_490.jpg,battery,train
battery/battery_492.jpg,battery,train
battery/battery_493.jpg,battery,train
battery/battery_495.jpg,battery,train
battery/battery_496.jpg,battery,train
battery/battery_498.jpg,battery,train
battery/battery_499.jpg,battery,train
battery/battery_5.jpg,battery,train
battery/battery_50.jpg,battery,train
battery/battery_500.jpg,battery,train
battery/battery_501.jpg,battery,train
battery/battery_502.jpg,battery,train
battery/battery_503.jpg,battery,train
battery/battery_504.jpg,battery,train
battery/battery_505.jpg,battery,train
battery/battery_506.jpg,battery,train
battery/battery_507.jpg,battery,train
battery/battery_51.jpg,battery,train
battery/battery_510.jpg,battery,train
battery/battery_515.jpg,battery,train
battery/battery_517.jpg,battery,train
battery/battery_518.jpg,battery,train
battery/battery_52.jpg,battery,train
battery/battery_520.jpg,battery,train
battery/battery_521.jpg,battery,train
battery/battery_522.jpg,battery,train
battery/battery_525.jpg,battery,train
battery/battery_529.jpg,battery,train
battery/battery_53.jpg,battery,train
battery/battery_530.jpg,battery,train
battery/battery_531.jpg,battery,train
battery/battery_532.jpg,battery,train
battery/battery_533.jpg,battery,train
battery/battery_534.jpg,battery,train
battery/battery_536.jpg,battery,train
battery/battery_537.jpg,battery,train
battery/battery_538.jpg,battery,train
battery/battery_540.jpg,battery,train
battery/battery_543.jpg,battery,train
battery/battery_544.jpg,battery,train
battery/battery_545.jpg,battery,train
battery/battery_547.jpg,battery,train
battery/battery_549.jpg,battery,train
battery/battery_55.jpg,battery,train
battery/battery_550.jpg,battery,train
battery/battery_552.jpg,battery,train
battery/battery_555.jpg,battery,train
battery/battery_556.jpg,battery,train
battery/battery_56.jpg,battery,train
battery/battery_560.jpg,battery,train
battery/battery_561.jpg,battery,train
battery/battery_562.jpg,battery,train
battery/battery_563.jpg,battery,train
battery/battery_564.jpg,battery,train
battery/battery_565.jpg,battery,train
battery/battery_566.jpg,battery,train
battery/battery_567.jpg,battery,train
battery/battery_569.jpg,battery,train
battery/battery_57.jpg,battery,train
battery/battery_570.jpg,battery,train
battery/battery_572.jpg,battery,train
battery/battery_573.jpg,battery,train
battery/battery_574.jpg,battery,train
battery/battery_575.jpg,battery,train
battery/battery_576.jpg,battery,train
battery/battery_577.jpg,battery,train
battery/battery_578.jpg,battery,train
battery/battery_579.jpg,battery,train
battery/battery_58.jpg,battery,train
battery/battery_580.jpg,battery,train
battery/battery_581.jpg,battery,train
battery/battery_582.jpg,battery,train
battery/battery_583.jpg,battery,train
battery/battery_584.jpg,battery,train
battery/battery_585.jpg,battery,train
battery/battery_587.jpg,battery,train
battery/battery_588.jpg,battery,train
battery/battery_589.jpg,battery,train
battery/battery_59.jpg,battery,train
battery/battery_590.jpg,battery,train
battery/battery_592.jpg,battery,train
battery/battery_593.jpg,battery,train
battery/battery_594.jpg,battery,train
battery/battery_596.jpg,battery,train
battery/battery_597.jpg,battery,train
battery/battery_599.jpg,battery,train
battery/battery_600.jpg,battery,train
battery/battery_601.jpg,battery,train
battery/battery_602.jpg,battery,train
battery/battery_61.jpg,battery,train
battery/battery_610.jpg,battery,train
battery/battery_611.jpg,battery,train
battery/battery_612.jpg,battery,train
battery/battery_613.jpg,battery,train
battery/battery_614.jpg,battery,train
battery/battery_617.jpg,battery,train
battery/battery_618.jpg,battery,train
battery/battery_62.jpg,battery,train
battery/battery_620.jpg,battery,train
battery/battery_621.jpg,battery,train
battery/battery_622.jpg,battery,train
battery/battery_623.jpg,battery,train
battery/battery_624.jpg,battery,train
battery/battery_625.jpg,battery,train
battery/battery_626.jpg,battery,train
battery/battery_627.jpg,battery,train
battery/battery_628.jpg,battery,train
battery/battery_629.jpg,battery,train
battery/battery_63.jpg,battery,train
battery/battery_630.jpg,battery,train
battery/battery_631.jpg,battery,train
battery/battery_633.jpg,battery,train
battery/battery_634.jpg,battery,train
battery/battery_635.jpg,battery,train
battery/battery_636.jpg,battery,train
battery/battery_637.jpg,battery,train
battery/battery_638.jpg,battery,train
battery/battery_639.jpg,battery,train
battery/battery_640.jpg,battery,train
battery/battery_641.jpg,battery,train
battery/battery_642.jpg,battery,train
battery/battery_643.jpg,battery,train
battery/battery_644.jpg,battery,train
battery/battery_645.jpg,battery,train
battery/battery_649.jpg,battery,train
battery/battery_65.jpg,battery,train
battery/battery_651.jpg,battery,train
battery/battery_653.jpg,battery,train
battery/battery_654.jpg,battery,train
battery/battery_655.jpg,battery,train
battery/battery_656.jpg,battery,train
battery/battery_658.jpg,battery,train
battery/battery_659.jpg,battery,train
battery/battery_66.jpg,battery,train
battery/battery_660.jpg,battery,train
battery/battery_662.jpg,battery,train
battery/battery_663.jpg,battery,train
battery/battery_665.jpg,battery,train
battery/battery_666.jpg,battery,train
battery/battery_667.jpg,battery,train
battery/battery_668.jpg,battery,train
battery/battery_67.jpg,battery,train
battery/battery_670.jpg,battery,train
battery/battery_671.jpg,battery,train
battery/battery_672.jpg,battery,train
battery/battery_674.jpg,battery,train
battery/battery_679.jpg,battery,train
battery/battery_68.jpg,battery,train
battery/battery_684.jpg,battery,train
battery/battery_685.jpg,battery,train
battery/battery_686.jpg,battery,train
battery/battery_687.jpg,battery,train
battery/battery_688.jpg,battery,train
battery/battery_69.jpg,battery,train
battery/battery_690.jpg,battery,train
battery/battery_691.jpg,battery,train
battery/battery_692.jpg,battery,train
battery/battery_694.jpg,battery,train
battery/battery_696.jpg,battery,train
battery/battery_698.jpg,battery,train
battery/battery_699.jpg,battery,train
battery/battery_7.jpg,battery,train
battery/battery_70.jpg,battery,train
battery/battery_700.jpg,battery,train
battery/battery_701.jpg,battery,train
battery/battery_702.jpg,battery,train
battery/battery_704.jpg,battery,train
battery/battery_705.jpg,battery,train
battery/battery_707.jpg,battery,train
battery/battery_709.jpg,battery,train
battery/battery_71.jpg,battery,train
battery/battery_710.jpg,battery,train
battery/battery_713.jpg,battery,train
battery/battery_715.jpg,battery,train
battery/battery_716.jpg,battery,train
battery/battery_718.jpg,battery,train
battery/battery_719.jpg,battery,train
battery/battery_72.jpg,battery,train
battery/battery_722.jpg,battery,train
battery/battery_723.jpg,battery,train
battery/battery_724.jpg,battery,train
battery/battery_725.jpg,battery,train
battery/battery_726.jpg,battery,train
battery/battery_732.jpg,battery,train
battery/battery_733.jpg,battery,train
battery/battery_734.jpg,battery,train
battery/battery_735.jpg,battery,train
battery/battery_736.jpg,battery,train
battery/battery_737.jpg,battery,train
battery/battery_739.jpg,battery,train
battery/battery_74.jpg,battery,train
battery/battery_740.jpg,battery,train
battery/battery_741.jpg,battery,train
battery/battery_742.jpg,battery,train
battery/battery_743.jpg,battery,train
battery/battery_744.jpg,battery,train
battery/battery_746.jpg,battery,train
battery/battery_748.jpg,battery,train
battery/battery_749.jpg,battery,train
battery/battery_750.jpg,battery,train
battery/battery_755.jpg,battery,train
battery/battery_757.jpg,battery,train
battery/battery_758.jpg,battery,train
battery/battery_759.jpg,battery,train
battery/battery_760.jpg,battery,train
battery/battery_761.jpg,battery,train
battery/battery_762.jpg,battery,train
battery/battery_763.jpg,battery,train
battery/battery_765.jpg,battery,train
battery/battery_769.jpg,battery,train
battery/battery_77.jpg,battery,train
battery/battery_770.jpg,battery,train
battery/battery_771.jpg,battery,train
battery/battery_774.jpg,battery,train
battery/battery_775.jpg,battery,train
battery/battery_776.jpg,battery,train
battery/battery_777.jpg,battery,train
battery/battery_778.jpg,battery,train
battery/battery_779.jpg,battery,train
battery/battery_78.jpg,battery,train
battery/battery_780.jpg,battery,train
battery/battery_781.jpg,battery,train
battery/battery_782.jpg,battery,train
battery/battery_783.jpg,battery,train
battery/battery_785.jpg,battery,train
battery/battery_786.jpg,battery,train
battery/battery_788.jpg,battery,train
battery/battery_789.jpg,battery,train
battery/battery_790.jpg,battery,train
battery/battery_793.jpg,battery,train
battery/battery_797.jpg,battery,train
battery/battery_80.jpg,battery,train
battery/battery_800.jpg,battery,train
battery/battery_802.jpg,battery,train
battery/battery_803.jpg,battery,train
battery/battery_805.jpg,battery,train
battery/battery_806.jpg,battery,train
battery/battery_807.jpg,battery,train
battery/battery_808.jpg,battery,train
battery/battery_809.jpg,battery,train
battery/battery_810.jpg,battery,train
battery/battery_811.jpg,battery,train
battery/battery_813.jpg,battery,train
battery/battery_814.jpg,battery,train
battery/battery_817.jpg,battery,train
battery/battery_821.jpg,battery,train
battery/battery_822.jpg,battery,train
battery/battery_823.jpg,battery,train
battery/battery_827.jpg,battery,train
battery/battery_829.jpg,battery,train
battery/battery_83.jpg,battery,train
battery/battery_830.jpg,battery,train
battery/battery_832.jpg,battery,train
battery/battery_833.jpg,battery,train
battery/battery_835.jpg,battery,train
battery/battery_836.jpg,battery,train
battery/battery_838.jpg,battery,train
battery/battery_840.jpg,battery,train
battery/battery_841.jpg,battery,train
battery/battery_842.jpg,battery,train
battery/battery_843.jpg,battery,train
battery/battery_844.jpg,battery,train
battery/battery_846.jpg,battery,train
battery/battery_848.jpg,battery,train
battery/battery_85.jpg,battery,train
battery/battery_850.jpg,battery,train
battery/battery_851.jpg,battery,train
battery/battery_856.jpg,battery,train
battery/battery_858.jpg,battery,train
battery/battery_859.jpg,battery,train
battery/battery_86.jpg,battery,train
battery/battery_860.jpg,battery,train
battery/battery_863.jpg,battery,train
battery/battery_864.jpg,battery,train
battery/battery_865.jpg,battery,train
battery/battery_866.jpg,battery,train
battery/battery_867.jpg,battery,train
battery/battery_869.jpg,battery,train
battery/battery_87.jpg,battery,train
battery/battery_870.jpg,battery,train
battery/battery_872.jpg,battery,train
battery/battery_874.jpg,battery,train
battery/battery_876.jpg,battery,train
battery/battery_878.jpg,battery,train
battery/battery_879.jpg,battery,train
battery/battery_880.jpg,battery,train
battery/battery_881.jpg,battery,train
battery/battery_882.jpg,battery,train
battery/battery_883.jpg,battery,train
battery/battery_884.jpg,battery,train
battery/battery_886.jpg,battery,train
battery/battery_887.jpg,battery,train
battery/battery_890.jpg,battery,train
battery/battery_891.jpg,battery,train
battery/battery_892.jpg,battery,train
battery/battery_893.jpg,battery,train
battery/battery_894.jpg,battery,train
battery/battery_896.jpg,battery,train
battery/battery_897.jpg,battery,train
battery/battery_898.jpg,battery,train
battery/battery_899.jpg,battery,train
battery/battery_9.jpg,battery,train
battery/battery_90.jpg,battery,train
battery/battery_901.jpg,battery,train
battery/battery_902.jpg,battery,train
battery/battery_903.jpg,battery,train
battery/battery_904.jpg,battery,train
battery/battery_905.jpg,battery,train
battery/battery_906.jpg,battery,train
battery/battery_907.jpg,battery,train
battery/battery_908.jpg,battery,train
battery/battery_91.jpg,battery,train
battery/battery_910.jpg,battery,train
battery/battery_911.jpg,battery,train
battery/battery_914.jpg,battery,train
battery/battery_915.jpg,battery,train
battery/battery_916.jpg,battery,train
battery/battery_917.jpg,battery,train
battery/battery_919.jpg,battery,train
battery/battery_92.jpg,battery,train
battery/battery_920.jpg,battery,train
battery/battery_921.jpg,battery,train
battery/battery_922.jpg,battery,train
battery/battery_923.jpg,battery,train
battery/battery_924.jpg,battery,train
battery/battery_926.jpg,battery,train
battery/battery_927.jpg,battery,train
battery/battery_928.jpg,battery,train
battery/battery_93.jpg,battery,train
battery/battery_930.jpg,battery,train
battery/battery_931.jpg,battery,train
battery/battery_934.jpg,battery,train
battery/battery_935.jpg,battery,train
battery/battery_936.jpg,battery,train
battery/battery_937.jpg,battery,train
battery/battery_938.jpg,battery,train
battery/battery_94.jpg,battery,train
battery/battery_940.jpg,battery,train
battery/battery_941.jpg,battery,train
battery/battery_942.jpg,battery,train
battery/battery_944.jpg,battery,train
battery/battery_945.jpg,battery,train
battery/battery_95.jpg,battery,train
battery/battery_98.jpg,battery,train
battery/battery_99.jpg,battery,train
biological/biological_10.jpg,biological,train
biological/biological_100.jpg,biological,train
biological/biological_104.jpg,biological,train
biological/biological_105.jpg,biological,train
biological/biological_106.jpg,biological,train
biological/biological_109.jpg,biological,train
biological/biological_110.jpg,biological,train
biological/biological_112.jpg,biological,train
biological/biological_113.jpg,biological,train
biological/biological_114.jpg,biological,train
biological/biological_115.jpg,biological,train
biological/biological_116.jpg,biological,train
biological/biological_117.jpg,biological,train
biological/biological_118.jpg,biological,train
biological/biological_12.jpg,biological,train
biological/biological_122.jpg,biological,train
biological/biological_123.jpg,biological,train
biological/biological_125.jpg,biological,train
biological/biological_126.jpg,biological,train
biological/biological_128.jpg,biological,train
biological/biological_129.jpg,biological,train
biological/biological_13.jpg,biological,train
biological/biological_130.jpg,biological,train
biological/biological_131.jpg,biological,train
biological/biological_132.jpg,biological,train
biological/biological_135.jpg,biological,train
biological/biological_137.jpg,biological,train
biological/biological_138.jpg,biological,train
biological/biological_139.jpg,biological,train
biological/biological_14.jpg,biological,train
biological/biological_141.jpg,biological,train
biological/biological_143.jpg,biological,train
biological/biological_145.jpg,biological,train
biological/biological_146.jpg,biological,train
biological/biological_147.jpg,biological,train
biological/biological_148.jpg,biological,train
biological/biological_149.jpg,biological,train
biological/biological_15.jpg,biological,train
biological/biological_150.jpg,biological,train
biological/biological_151.jpg,biological,train
biological/biological_152.jpg,biological,train
biological/biological_153.jpg,biological,train
biological/biological_154.jpg,biological,train
biological/biological_156.jpg,biological,train
biological/biological_157.jpg,biological,train
biological/biological_158.jpg,biological,train
biological/biological_159.jpg,biological,train
biological/biological_16.jpg,biological,train
biological/biological_161.jpg,biological,train
biological/biological_162.jpg,biological,train
biological/biological_163.jpg,biological,train
biological/biological_164.jpg,biological,train
biological/biological_165.jpg,biological,train
biological/biological_167.jpg,biological,train
biological/biological_168.jpg,biological,train
biological/biological_17.jpg,biological,train
biological/biological_170.jpg,biological,train
biological/biological_171.jpg,biological,train
biological/biological_172.jpg,biological,train
biological/biological_173.jpg,biological,train
biological/biological_175.jpg,biological,train
biological/biological_176.jpg,biological,train
biological/biological_177.jpg,biological,train
biological/biological_178.jpg,biological,train
biological/biological_180.jpg,biological,train
biological/biological_181.jpg,biological,train
biological/biological_182.jpg,biological,train
biological/biological_183.jpg,biological,train
biological/biological_185.jpg,biological,train
biological/biological_187.jpg,biological,train
biological/biological_188.jpg,biological,train
biological/biological_189.jpg,biological,train
biological/biological_19.jpg,biological,train
biological/biological_190.jpg,biological,train
biological/biological_191.jpg,biological,train
biological/biological_193.jpg,biological,train
biological/biological_195.jpg,biological,train
biological/biological_196.jpg,biological,train
biological/biological_197.jpg,biological,train
biological/biological_198.jpg,biological,train
biological/biological_199.jpg,biological,train
biological/biological_2.jpg,biological,train
biological/biological_200.jpg,biological,train
biological/biological_201.jpg,biological,train
biological/biological_202.jpg,biological,train
biological/biological_20240702_095915.jpg,biological,train
biological/biological_20241210_094427.jpg,biological,train
biological/biological_20241210_094718.jpg,biological,train
biological/biological_20241210_105007.jpg,biological,train
biological/biological_20241210_113856.jpg,biological,train
biological/biological_20241210_120630.jpg,biological,train
biological/biological_20241210_120708.jpg,biological,train
biological/biological_20241210_120715.jpg,biological,train
biological/biological_20241210_134059.jpg,biological,train
biological/biological_20241210_135048.jpg,biological,train
biological/biological_203.jpg,biological,train
biological/biological_207.jpg,biological,train
biological/biological_208.jpg,biological,train
biological/biological_21.jpg,biological,train
biological/biological_213.jpg,biological,train
biological/biological_217.jpg,biological,train
biological/biological_218.jpg,biological,train
biological/biological_22.jpg,biological,train
biological/biological_220.jpg,biological,train
biological/biological_221.jpg,biological,train
biological/biological_222.jpg,biological,train
biological/biological_223.jpg,biological,train
biological/biological_224.jpg,biological,train
biological/biological_225.jpg,biological,train
biological/biological_228.jpg,biological,train
biological/biological_23.jpg,biological,train
biological/biological_231.jpg,biological,train
biological/biological_232.jpg,biological,train
biological/biological_233.jpg,biological,train
biological/biological_235.jpg,biological,train
biological/biological_236.jpg,biological,train
biological/biological_238.jpg,biological,train
biological/biological_239.jpg,biological,train
biological/biological_24.jpg,biological,train
biological/biological_242.jpg,biological,train
biological/biological_243.jpg,biological,train
biological/biological_244.jpg,biological,train
biological/biological_246.jpg,biological,train
biological/biological_249.jpg,biological,train
biological/biological_250.jpg,biological,train
biological/biological_251.jpg,biological,train
biological/biological_252.jpg,biological,train
biological/biological_253.jpg,biological,train
biological/biological_254.jpg,biological,train
biological/biological_255.jpg,biological,train
biological/biological_256.jpg,biological,train
biological/biological_257.jpg,biological,train
biological/biological_258.jpg,biological,train
biological/biological_259.jpg,biological,train
biological/biological_26.jpg,biological,train
biological/biological_261.jpg,biological,train
biological/biological_263.jpg,biological,train
biological/biological_265.jpg,biological,train
biological/biological_266.jpg,biological,train
biological/biological_267.jpg,biological,train
biological/biological_269.jpg,biological,train
biological/biological_27.jpg,biological,train
biological/biological_270.jpg,biological,train
biological/biological_271.jpg,biological,train
biological/biological_272.jpg,biological,train
biological/biological_273.jpg,biological,train
biological/biological_274.jpg,biological,train
biological/biological_276.jpg,biological,train
biological/biological_277.jpg,biological,train
biological/biological_278.jpg,biological,train
biological/biological_279.jpg,biological,train
biological/biological_281.jpg,biological,train
biological/biological_283.jpg,biological,train
biological/biological_284.jpg,biological,train
biological/biological_285.jpg,biological,train
biological/biological_286.jpg,biological,train
biological/biological_288.jpg,biological,train
biological/biological_29.jpg,biological,train
biological/biological_290.jpg,biological,train
biological/biological_293.jpg,biological,train
biological/biological_295.jpg,biological,train
biological/biological_296.jpg,biological,train
biological/biological_297.jpg,biological,train
biological/biological_298.jpg,biological,train
biological/biological_3.jpg,biological,train
biological/biological_30.jpg,biological,train
biological/biological_300.jpg,biological,train
biological/biological_301.jpg,biological,train
biological/biological_302.jpg,biological,train
biological/biological_303.jpg,biological,train
biological/biological_306.jpg,biological,train
biological/biological_307.jpg,biological,train
biological/biological_308.jpg,biological,train
biological/biological_309.jpg,biological,train
biological/biological_31.jpg,biological,train
biological/biological_310.jpg,biological,train
biological/biological_311.jpg,biological,train
biological/biological_312.jpg,biological,train
biological/biological_313.jpg,biological,train
biological/biological_315.jpg,biological,train
biological/biological_316.jpg,biological,train
biological/biological_317.jpg,biological,train
biological/biological_318.jpg,biological,train
biological/biological_32.jpg,biological,train
biological/biological_321.jpg,biological,train
biological/biological_322.jpg,biological,train
biological/biological_323.jpg,biological,train
biological/biological_324.jpg,biological,train
biological/biological_325.jpg,biological,train
biological/biological_326.jpg,biological,train
biological/biological_327.jpg,biological,train
biological/biological_328.jpg,biological,train
biological/biological_33.jpg,biological,train
biological/biological_330.jpg,biological,train
biological/biological_331.jpg,biological,train
biological/biological_332.jpg,biological,train
biological/biological_333.jpg,biological,train
biological/biological_334.jpg,biological,train
biological/biological_335.jpg,biological,train
biological/biological_336.jpg,biological,train
biological/biological_337.jpg,biological,train
biological/biological_338.jpg,biological,train
biological/biological_339.jpg,biological,train
biological/biological_34.jpg,biological,train
biological/biological_341.jpg,biological,train
biological/biological_344.jpg,biological,train
biological/biological_345.jpg,biological,train
biological/biological_347.jpg,biological,train
biological/biological_35.jpg,biological,train
biological/biological_350.jpg,biological,train
biological/biological_354.jpg,biological,train
biological/biological_355.jpg,biological,train
biological/biological_357.jpg,biological,train
biological/biological_359.jpg,biological,train
biological/biological_36.jpg,biological,train
biological/biological_361.jpg,biological,train
biological/biological_362.jpg,biological,train
biological/biological_363.jpg,biological,train
biological/biological_365.jpg,biological,train
biological/biological_366.jpg,biological,train
biological/biological_367.jpg,biological,train
biological/biological_369.jpg,biological,train
biological/biological_37.jpg,biological,train
biological/biological_370.jpg,biological,train
biological/biological_371.jpg,biological,train
biological/biological_377.jpg,biological,train
biological/biological_379.jpg,biological,train
biological/biological_381.jpg,biological,train
biological/biological_383.jpg,biological,train
biological/biological_384.jpg,biological,train
biological/biological_385.jpg,biological,train
biological/biological_386.jpg,biological,train
biological/biological_388.jpg,biological,train
biological/biological_389.jpg,biological,train
biological/biological_39.jpg,biological,train
biological/biological_390.jpg,biological,train
biological/biological_391.jpg,biological,train
biological/biological_393.jpg,biological,train
biological/biological_394.jpg,biological,train
biological/biological_396.jpg,biological,train
biological/biological_397.jpg,biological,train
biological/biological_398.jpg,biological,train
biological/biological_40.jpg,biological,train
biological/biological_402.jpg,biological,train
biological/biological_403.jpg,biological,train
biological/biological_404.jpg,biological,train
biological/biological_405.jpg,biological,train
biological/biological_406.jpg,biological,train
biological/biological_408.jpg,biological,train
biological/biological_409.jpg,biological,train
biological/biological_41.jpg,biological,train
biological/biological_412.jpg,biological,train
biological/biological_414.jpg,biological,train
biological/biological_415.jpg,biological,train
biological/biological_416.jpg,biological,train
biological/biological_417.jpg,biological,train
biological/biological_418.jpg,biological,train
biological/biological_419.jpg,biological,train
biological/biological_42.jpg,biological,train
biological/biological_421.jpg,biological,train
biological/biological_422.jpg,biological,train
biological/biological_423.jpg,biological,train
biological/biological_424.jpg,biological,train
biological/biological_426.jpg,biological,train
biological/biological_429.jpg,biological,train
biological/biological_43.jpg,biological,train
biological/biological_430.jpg,biological,train
biological/biological_431.jpg,biological,train
biological/biological_432.jpg,biological,train
biological/biological_433.jpg,biological,train
biological/biological_435.jpg,biological,train
biological/biological_436.jpg,biological,train
biological/biological_437.jpg,biological,train
biological/biological_438.jpg,biological,train
biological/biological_440.jpg,biological,train
biological/biological_441.jpg,biological,train
biological/biological_442.jpg,biological,train
biological/biological_444.jpg,biological,train
biological/biological_445.jpg,biological,train
biological/biological_446.jpg,biological,train
biological/biological_447.jpg,biological,train
biological/biological_448.jpg,biological,train
biological/biological_45.jpg,biological,train
biological/biological_450.jpg,biological,train
biological/biological_452.jpg,biological,train
biological/biological_454.jpg,biological,train
biological/biological_455.jpg,biological,train
biological/biological_458.jpg,biological,train
biological/biological_459.jpg,biological,train
biological/biological_46.jpg,biological,train
biological/biological_460.jpg,biological,train
biological/biological_461.jpg,biological,train
biological/biological_462.jpg,biological,train
biological/biological_466.jpg,biological,train
biological/biological_468.jpg,biological,train
biological/biological_469.jpg,biological,train
biological/biological_47.jpg,biological,train
biological/biological_470.jpg,biological,train
biological/biological_471.jpg,biological,train
biological/biological_472.jpg,biological,train
biological/biological_474.jpg,biological,train
biological/biological_476.jpg,biological,train
biological/biological_477.jpg,biological,train
biological/biological_478.jpg,biological,train
biological/biological_480.jpg,biological,train
biological/biological_481.jpg,biological,train
biological/biological_482.jpg,biological,train
biological/biological_483.jpg,biological,train
biological/biological_485.jpg,biological,train
biological/biological_486.jpg,biological,train
biological/biological_487.jpg,biological,train
biological/biological_488.jpg,biological,train
biological/biological_489.jpg,biological,train
biological/biological_49.jpg,biological,train
biological/biological_491.jpg,biological,train
biological/biological_492.jpg,biological,train
biological/biological_493.jpg,biological,train
biological/biological_494.jpg,biological,train
biological/biological_495.jpg,biological,train
biological/biological_496.jpg,biological,train
biological/biological_497.jpg,biological,train
biological/biological_498.jpg,biological,train
biological/biological_499.jpg,biological,train
biological/biological_5.jpg,biological,train
biological/biological_501.jpg,biological,train
biological/biological_503.jpg,biological,train
biological/biological_504.jpg,biological,train
biological/biological_505.jpg,biological,train
biological/biological_506.jpg,biological,train
biological/biological_507.jpg,biological,train
biological/biological_51.jpg,biological,train
biological/biological_510.jpg,biological,train
biological/biological_511.jpg,biological,train
biological/biological_512.jpg,biological,train
biological/biological_513.jpg,biological,train
biological/biological_518.jpg,biological,train
biological/biological_519.jpg,biological,train
biological/biological_52.jpg,biological,train
biological/biological_520.jpg,biological,train
biological/biological_521.jpg,biological,train
biological/biological_522.jpg,biological,train
biological/biological_523.jpg,biological,train
biological/biological_524.jpg,biological,train
biological/biological_525.jpg,biological,train
biological/biological_526.jpg,biological,train
biological/biological_527.jpg,biological,train
biological/biological_528.jpg,biological,train
biological/biological_529.jpg,biological,train
biological/biological_53.jpg,biological,train
biological/biological_530.jpg,biological,train
biological/biological_531.jpg,biological,train
biological/biological_532.jpg,biological,train
biological/biological_533.jpg,biological,train
biological/biological_534.jpg,biological,train
biological/biological_535.jpg,biological,train
biological/biological_536.jpg,biological,train
biological/biological_539.jpg,biological,train
biological/biological_541.jpg,biological,train
biological/biological_542.jpg,biological,train
biological/biological_543.jpg,biological,train
biological/biological_544.jpg,biological,train
biological/biological_545.jpg,biological,train
biological/biological_546.jpg,biological,train
biological/biological_548.jpg,biological,train
biological/biological_55.jpg,biological,train
biological/biological_550.jpg,biological,train
biological/biological_551.jpg,biological,train
biological/biological_553.jpg,biological,train
biological/biological_554.jpg,biological,train
biological/biological_555.jpg,biological,train
biological/biological_556.jpg,biological,train
biological/biological_558.jpg,biological,train
biological/biological_559.jpg,biological,train
biological/biological_56.jpg,biological,train
biological/biological_561.jpg,biological,train
biological/biological_562.jpg,biological,train
biological/biological_564.jpg,biological,train
biological/biological_565.jpg,biological,train
biological/biological_567.jpg,biological,train
biological/biological_568.jpg,biological,train
biological/biological_569.jpg,biological,train
biological/biological_57.jpg,biological,train
biological/biological_571.jpg,biological,train
biological/biological_572.jpg,biological,train
biological/biological_573.jpg,biological,train
biological/biological_574.jpg,biological,train
biological/biological_575.jpg,biological,train
biological/biological_577.jpg,biological,train
biological/biological_578.jpg,biological,train
biological/biological_579.jpg,biological,train
biological/biological_581.jpg,biological,train
biological/biological_583.jpg,biological,train
biological/biological_584.jpg,biological,train
biological/biological_585.jpg,biological,train
biological/biological_587.jpg,biological,train
biological/biological_588.jpg,biological,train
biological/biological_589.jpg,biological,train
biological/biological_59.jpg,biological,train
biological/biological_591.jpg,biological,train
biological/biological_593.jpg,biological,train
biological/biological_594.jpg,biological,train
biological/biological_595.jpg,biological,train
biological/biological_596.jpg,biological,train
biological/biological_597.jpg,biological,train
biological/biological_599.jpg,biological,train
biological/biological_6.jpg,biological,train
biological/biological_60.jpg,biological,train
biological/biological_600.jpg,biological,train
biological/biological_602.jpg,biological,train
biological/biological_605.jpg,biological,train
biological/biological_606.jpg,biological,train
biological/biological_607.jpg,biological,train
biological/biological_609.jpg,biological,train
biological/biological_610.jpg,biological,train
biological/biological_611.jpg,biological,train
biological/biological_612.jpg,biological,train
biological/biological_613.jpg,biological,train
biological/biological_614.jpg,biological,train
biological/biological_615.jpg,biological,train
biological/biological_617.jpg,biological,train
biological/biological_618.jpg,biological,train
biological/biological_619.jpg,biological,train
biological/biological_62.jpg,biological,train
biological/biological_620.jpg,biological,train
biological/biological_621.jpg,biological,train
biological/biological_622.jpg,biological,train
biological/biological_624.jpg,biological,train
biological/biological_626.jpg,biological,train
biological/biological_627.jpg,biological,train
biological/biological_63.jpg,biological,train
biological/biological_631.jpg,biological,train
biological/biological_634.jpg,biological,train
biological/biological_635.jpg,biological,train
biological/biological_636.jpg,biological,train
biological/biological_637.jpg,biological,train
biological/biological_638.jpg,biological,train
biological/biological_64.jpg,biological,train
biological/biological_641.jpg,biological,train
biological/biological_643.jpg,biological,train
biological/biological_644.jpg,biological,train
biological/biological_645.jpg,biological,train
biological/biological_646.jpg,biological,train
biological/biological_647.jpg,biological,train
biological/biological_65.jpg,biological,train
biological/biological_650.jpg,biological,train
biological/biological_651.jpg,biological,train
biological/biological_653.jpg,biological,train
biological/biological_654.jpg,biological,train
biological/biological_656.jpg,biological,train
biological/biological_657.jpg,biological,train
biological/biological_658.jpg,biological,train
biological/biological_659.jpg,biological,train
biological/biological_660.jpg,biological,train
biological/biological_662.jpg,biological,train
biological/biological_663.jpg,biological,train
biological/biological_665.jpg,biological,train
biological/biological_667.jpg,biological,train
biological/biological_668.jpg,biological,train
biological/biological_670.jpg,biological,train
biological/biological_672.jpg,biological,train
biological/biological_674.jpg,biological,train
biological/biological_675.jpg,biological,train
biological/biological_676.jpg,biological,train
biological/biological_678.jpg,biological,train
biological/biological_679.jpg,biological,train
biological/biological_68.jpg,biological,train
biological/biological_680.jpg,biological,train
biological/biological_681.jpg,biological,train
biological/biological_685.jpg,biological,train
biological/biological_689.jpg,biological,train
biological/biological_69.jpg,biological,train
biological/biological_692.jpg,biological,train
biological/biological_693.jpg,biological,train
biological/biological_695.jpg,biological,train
biological/biological_696.jpg,biological,train
biological/biological_697.jpg,biological,train
biological/biological_698.jpg,biological,train
biological/biological_699.jpg,biological,train
biological/biological_7.jpg,biological,train
biological/biological_70.jpg,biological,train
biological/biological_700.jpg,biological,train
biological/biological_701.jpg,biological,train
biological/biological_703.jpg,biological,train
biological/biological_705.jpg,biological,train
biological/biological_706.jpg,biological,train
biological/biological_707.jpg,biological,train
biological/biological_710.jpg,biological,train
biological/biological_711.jpg,biological,train
biological/biological_712.jpg,biological,train
biological/biological_713.jpg,biological,train
biological/biological_715.jpg,biological,train
biological/biological_716.jpg,biological,train
biological/biological_717.jpg,biological,train
biological/biological_718.jpg,biological,train
biological/biological_72.jpg,biological,train
biological/biological_720.jpg,biological,train
biological/biological_721.jpg,biological,train
biological/biological_722.jpg,biological,train
biological/biological_723.jpg,biological,train
biological/biological_724.jpg,biological,train
biological/biological_725.jpg,biological,train
biological/biological_726.jpg,biological,train
biological/biological_728.jpg,biological,train
biological/biological_73.jpg,biological,train
biological/biological_730.jpg,biological,train
biological/biological_732.jpg,biological,train
biological/biological_733.jpg,biological,train
biological/biological_734.jpg,biological,train
biological/biological_735.jpg,biological,train
biological/biological_736.jpg,biological,train
biological/biological_737.jpg,biological,train
biological/biological_738.jpg,biological,train
biological/biological_739.jpg,biological,train
biological/biological_742.jpg,biological,train
biological/biological_745.jpg,biological,train
biological/biological_746.jpg,biological,train
biological/biological_748.jpg,biological,train
biological/biological_749.jpg,biological,train
biological/biological_75.jpg,biological,train
biological/biological_750.jpg,biological,train
biological/biological_751.jpg,biological,train
biological/biological_752.jpg,biological,train
biological/biological_753.jpg,biological,train
biological/biological_754.jpg,biological,train
biological/biological_755.jpg,biological,train
biological/biological_756.jpg,biological,train
biological/biological_757.jpg,biological,train
biological/biological_758.jpg,biological,train
biological/biological_759.jpg,biological,train
biological/biological_76.jpg,biological,train
biological/biological_760.jpg,biological,train
biological/biological_761.jpg,biological,train
biological/biological_763.jpg,biological,train
biological/biological_765.jpg,biological,train
biological/biological_766.jpg,biological,train
biological/biological_767.jpg,biological,train
biological/biological_769.jpg,biological,train
biological/biological_77.jpg,biological,train
biological/biological_770.jpg,biological,train
biological/biological_772.jpg,biological,train
biological/biological_773.jpg,biological,train
biological/biological_774.jpg,biological,train
biological/biological_776.jpg,biological,train
biological/biological_777.jpg,biological,train
biological/biological_778.jpg,biological,train
biological/biological_779.jpg,biological,train
biological/biological_78.jpg,biological,train
biological/biological_780.jpg,biological,train
biological/biological_781.jpg,biological,train
biological/biological_782.jpg,biological,train
biological/biological_783.jpg,biological,train
biological/biological_784.jpg,biological,train
biological/biological_785.jpg,biological,train
biological/biological_786.jpg,biological,train
biological/biological_787.jpg,biological,train
biological/biological_789.jpg,biological,train
biological/biological_790.jpg,biological,train
biological/biological_791.jpg,biological,train
biological/biological_792.jpg,biological,train
biological/biological_793.jpg,biological,train
biological/biological_794.jpg,biological,train
biological/biological_796.jpg,biological,train
biological/biological_8.jpg,biological,train
biological/biological_80.jpg,biological,train
biological/biological_800.jpg,biological,train
biological/biological_801.jpg,biological,train
biological/biological_803.jpg,biological,train
biological/biological_804.jpg,biological,train
biological/biological_805.jpg,biological,train
biological/biological_807.jpg,biological,train
biological/biological_809.jpg,biological,train
biological/biological_81.jpg,biological,train
biological/biological_810.jpg,biological,train
biological/biological_814.jpg,biological,train
biological/biological_815.jpg,biological,train
biological/biological_816.jpg,biological,train
biological/biological_817.jpg,biological,train
biological/biological_818.jpg,biological,train
biological/biological_82.jpg,biological,train
biological/biological_820.jpg,biological,train
biological/biological_822.jpg,biological,train
biological/biological_824.jpg,biological,train
biological/biological_825.jpg,biological,train
biological/biological_826.jpg,biological,train
biological/biological_828.jpg,biological,train
biological/biological_83.jpg,biological,train
biological/biological_830.jpg,biological,train
biological/biological_831.jpg,biological,train
biological/biological_832.jpg,biological,train
biological/biological_834.jpg,biological,train
biological/biological_839.jpg,biological,train
biological/biological_84.jpg,biological,train
biological/biological_843.jpg,biological,train
biological/biological_846.jpg,biological,train
biological/biological_85.jpg,biological,train
biological/biological_852.jpg,biological,train
biological/biological_853.jpg,biological,train
biological/biological_855.jpg,biological,train
biological/biological_856.jpg,biological,train
biological/biological_857.jpg,biological,train
biological/biological_859.jpg,biological,train
biological/biological_86.jpg,biological,train
biological/biological_860.jpg,biological,train
biological/biological_861.jpg,biological,train
biological/biological_862.jpg,biological,train
biological/biological_863.jpg,biological,train
biological/biological_866.jpg,biological,train
biological/biological_867.jpg,biological,train
biological/biological_868.jpg,biological,train
biological/biological_869.jpg,biological,train
biological/biological_871.jpg,biological,train
biological/biological_872.jpg,biological,train
biological/biological_875.jpg,biological,train
biological/biological_876.jpg,biological,train
biological/biological_877.jpg,biological,train
biological/biological_878.jpg,biological,train
biological/biological_879.jpg,biological,train
biological/biological_88.jpg,biological,train
biological/biological_880.jpg,biological,train
biological/biological_882.jpg,biological,train
biological/biological_883.jpg,biological,train
biological/biological_884.jpg,biological,train
biological/biological_886.jpg,biological,train
biological/biological_887.jpg,biological,train
biological/biological_888.jpg,biological,train
biological/biological_889.jpg,biological,train
biological/biological_89.jpg,biological,train
biological/biological_890.jpg,biological,train
biological/biological_891.jpg,biological,train
biological/biological_892.jpg,biological,train
biological/biological_894.jpg,biological,train
biological/biological_895.jpg,biological,train
biological/biological_896.jpg,biological,train
biological/biological_899.jpg,biological,train
biological/biological_9.jpg,biological,train
biological/biological_901.jpg,biological,train
biological/biological_902.jpg,biological,train
biological/biological_903.jpg,biological,train
biological/biological_904.jpg,biological,train
biological/biological_905.jpg,biological,train
biological/biological_907.jpg,biological,train
biological/biological_91.jpg,biological,train
biological/biological_910.jpg,biological,train
biological/biological_913.jpg,biological,train
biological/biological_914.jpg,biological,train
biological/biological_917.jpg,biological,train
biological/biological_918.jpg,biological,train
biological/biological_919.jpg,biological,train
biological/biological_92.jpg,biological,train
biological/biological_920.jpg,biological,train
biological/biological_921.jpg,biological,train
biological/biological_922.jpg,biological,train
biological/biological_923.jpg,biological,train
biological/biological_924.jpg,biological,train
biological/biological_925.jpg,biological,train
biological/biological_927.jpg,biological,train
biological/biological_928.jpg,biological,train
biological/biological_929.jpg,biological,train
biological/biological_93.jpg,biological,train
biological/biological_930.jpg,biological,train
biological/biological_931.jpg,biological,train
biological/biological_932.jpg,biological,train
biological/biological_933.jpg,biological,train
biological/biological_934.jpg,biological,train
biological/biological_936.jpg,biological,train
biological/biological_939.jpg,biological,train
biological/biological_94.jpg,biological,train
biological/biological_941.jpg,biological,train
biological/biological_942.jpg,biological,train
biological/biological_943.jpg,biological,train
biological/biological_944.jpg,biological,train
biological/biological_946.jpg,biological,train
biological/biological_950.jpg,biological,train
biological/biological_951.jpg,biological,train
biological/biological_952.jpg,biological,train
biological/biological_953.jpg,biological,train
biological/biological_955.jpg,biological,train
biological/biological_956.jpg,biological,train
biological/biological_957.jpg,biological,train
biological/biological_958.jpg,biological,train
biological/biological_959.jpg,biological,train
biological/biological_962.jpg,biological,train
biological/biological_964.jpg,biological,train
biological/biological_968.jpg,biological,train
biological/biological_97.jpg,biological,train
biological/biological_970.jpg,biological,train
biological/biological_971.jpg,biological,train
biological/biological_972.jpg,biological,train
biological/biological_973.jpg,biological,train
biological/biological_975.jpg,biological,train
biological/biological_977.jpg,biological,train
biological/biological_978.jpg,biological,train
biological/biological_979.jpg,biological,train
biological/biological_980.jpg,biological,train
biological/biological_982.jpg,biological,train
biological/biological_984.jpg,biological,train
biological/biological_985.jpg,biological,train
biological/biological_99.jpg,biological,train
cardboard/cardboard_1.jpg,cardboard,train
cardboard/cardboard_1002.jpg,cardboard,train
cardboard/cardboard_1003.jpg,cardboard,train
cardboard/cardboard_1005.jpg,cardboard,train
cardboard/cardboard_1006.jpg,cardboard,train
cardboard/cardboard_1009.jpg,cardboard,train
cardboard/cardboard_101.jpg,cardboard,train
cardboard/cardboard_1010.jpg,cardboard,train
cardboard/cardboard_1014.jpg,cardboard,train
cardboard/cardboard_1016.jpg,cardboard,train
cardboard/cardboard_1018.jpg,cardboard,train
cardboard/cardboard_1019.jpg,cardboard,train
cardboard/cardboard_102.jpg,cardboard,train
cardboard/cardboard_1021.jpg,cardboard,train
cardboard/cardboard_1023.jpg,cardboard,train
cardboard/cardboard_1026.jpg,cardboard,train
cardboard/cardboard_1027.jpg,cardboard,train
cardboard/cardboard_1028.jpg,cardboard,train
cardboard/cardboard_1029.jpg,cardboard,train
cardboard/cardboard_103.jpg,cardboard,train
cardboard/cardboard_1030.jpg,cardboard,train
cardboard/cardboard_1033.jpg,cardboard,train
cardboard/cardboard_1034.jpg,cardboard,train
cardboard/cardboard_1036.jpg,cardboard,train
cardboard/cardboard_1037.jpg,cardboard,train
cardboard/cardboard_1038.jpg,cardboard,train
cardboard/cardboard_1039.jpg,cardboard,train
cardboard/cardboard_1040.jpg,cardboard,train
cardboard/cardboard_1043.jpg,cardboard,train
cardboard/cardboard_1044.jpg,cardboard,train
cardboard/cardboard_1045.jpg,cardboard,train
cardboard/cardboard_1046.jpg,cardboard,train
cardboard/cardboard_1047.jpg,cardboard,train
cardboard/cardboard_105.jpg,cardboard,train
cardboard/cardboard_1050.jpg,cardboard,train
cardboard/cardboard_1051.jpg,cardboard,train
cardboard/cardboard_1052.jpg,cardboard,train
cardboard/cardboard_1053.jpg,cardboard,train
cardboard/cardboard_1054.jpg,cardboard,train
cardboard/cardboard_1057.jpg,cardboard,train
cardboard/cardboard_1058.jpg,cardboard,train
cardboard/cardboard_1059.jpg,cardboard,train
cardboard/cardboard_1062.jpg,cardboard,train
cardboard/cardboard_1063.jpg,cardboard,train
cardboard/cardboard_1065.jpg,cardboard,train
cardboard/cardboard_1067.jpg,cardboard,train
cardboard/cardboard_1068.jpg,cardboard,train
cardboard/cardboard_1069.jpg,cardboard,train
cardboard/cardboard_107.jpg,cardboard,train
cardboard/cardboard_1070.jpg,cardboard,train
cardboard/cardboard_1072.jpg,cardboard,train
cardboard/cardboard_1078.jpg,cardboard,train
cardboard/cardboard_1079.jpg,cardboard,train
cardboard/cardboard_108.jpg,cardboard,train
cardboard/cardboard_1084.jpg,cardboard,train
cardboard/cardboard_1085.jpg,cardboard,train
cardboard/cardboard_1087.jpg,cardboard,train
cardboard/cardboard_1089.jpg,cardboard,train
cardboard/cardboard_1090.jpg,cardboard,train
cardboard/cardboard_1091.jpg,cardboard,train
cardboard/cardboard_1093.jpg,cardboard,train
cardboard/cardboard_1094.jpg,cardboard,train
cardboard/cardboard_1095.jpg,cardboard,train
cardboard/cardboard_1096.jpg,cardboard,train
cardboard/cardboard_1097.jpg,cardboard,train
cardboard/cardboard_11.jpg,cardboard,train
cardboard/cardboard_1102.jpg,cardboard,train
cardboard/cardboard_1104.jpg,cardboard,train
cardboard/cardboard_1105.jpg,cardboard,train
cardboard/cardboard_1107.jpg,cardboard,train
cardboard/cardboard_1109.jpg,cardboard,train
cardboard/cardboard_111.jpg,cardboard,train
cardboard/cardboard_1111.jpg,cardboard,train
cardboard/cardboard_1114.jpg,cardboard,train
cardboard/cardboard_1115.jpg,cardboard,train
cardboard/cardboard_1116.jpg,cardboard,train
cardboard/cardboard_1119.jpg,cardboard,train
cardboard/cardboard_1121.jpg,cardboard,train
cardboard/cardboard_1123.jpg,cardboard,train
cardboard/cardboard_1124.jpg,cardboard,train
cardboard/cardboard_1126.jpg,cardboard,train
cardboard/cardboard_1128.jpg,cardboard,train
cardboard/cardboard_113.jpg,cardboard,train
cardboard/cardboard_1130.jpg,cardboard,train
cardboard/cardboard_1131.jpg,cardboard,train
cardboard/cardboard_1132.jpg,cardboard,train
cardboard/cardboard_1133.jpg,cardboard,train
cardboard/cardboard_1136.jpg,cardboard,train
cardboard/cardboard_1139.jpg,cardboard,train
cardboard/cardboard_114.jpg,cardboard,train
cardboard/cardboard_1142.jpg,cardboard,train
cardboard/cardboard_1144.jpg,cardboard,train
cardboard/cardboard_1145.jpg,cardboard,train
cardboard/cardboard_1146.jpg,cardboard,train
cardboard/cardboard_1147.jpg,cardboard,train
cardboard/cardboard_1148.jpg,cardboard,train
cardboard/cardboard_115.jpg,cardboard,train
cardboard/cardboard_1154.jpg,cardboard,train
cardboard/cardboard_1155.jpg,cardboard,train
cardboard/cardboard_116.jpg,cardboard,train
cardboard/cardboard_1161.jpg,cardboard,train
cardboard/cardboard_1164.jpg,cardboard,train
cardboard/cardboard_1167.jpg,cardboard,train
cardboard/cardboard_1169.jpg,cardboard,train
cardboard/cardboard_117.jpg,cardboard,train
cardboard/cardboard_1172.jpg,cardboard,train
cardboard/cardboard_1174.jpg,cardboard,train
cardboard/cardboard_1175.jpg,cardboard,train
cardboard/cardboard_1178.jpg,cardboard,train
cardboard/cardboard_1179.jpg,cardboard,train
cardboard/cardboard_1180.jpg,cardboard,train
cardboard/cardboard_1184.jpg,cardboard,train
cardboard/cardboard_1185.jpg,cardboard,train
cardboard/cardboard_1186.jpg,cardboard,train
cardboard/cardboard_1189.jpg,cardboard,train
cardboard/cardboard_1190.jpg,cardboard,train
cardboard/cardboard_1197.jpg,cardboard,train
cardboard/cardboard_1198.jpg,cardboard,train
cardboard/cardboard_1199.jpg,cardboard,train
cardboard/cardboard_1200.jpg,cardboard,train
cardboard/cardboard_1201.jpg,cardboard,train
cardboard/cardboard_1203.jpg,cardboard,train
cardboard/cardboard_1205.jpg,cardboard,train
cardboard/cardboard_1206.jpg,cardboard,train
cardboard/cardboard_1208.jpg,cardboard,train
cardboard/cardboard_1209.jpg,cardboard,train
cardboard/cardboard_121.jpg,cardboard,train
cardboard/cardboard_1210.jpg,cardboard,train
cardboard/cardboard_1212.jpg,cardboard,train
cardboard/cardboard_1213.jpg,cardboard,train
cardboard/cardboard_1214.jpg,cardboard,train
cardboard/cardboard_1215.jpg,cardboard,train
cardboard/cardboard_1216.jpg,cardboard,train
cardboard/cardboard_1219.jpg,cardboard,train
cardboard/cardboard_122.jpg,cardboard,train
cardboard/cardboard_1220.jpg,cardboard,train
cardboard/cardboard_1221.jpg,cardboard,train
cardboard/cardboard_1222.jpg,cardboard,train
cardboard/cardboard_1223.jpg,cardboard,train
cardboard/cardboard_1224.jpg,cardboard,train
cardboard/cardboard_1226.jpg,cardboard,train
cardboard/cardboard_1227.jpg,cardboard,train
cardboard/cardboard_1228.jpg,cardboard,train
cardboard/cardboard_123.jpg,cardboard,train
cardboard/cardboard_1230.jpg,cardboard,train
cardboard/cardboard_1231.jpg,cardboard,train
cardboard/cardboard_1233.jpg,cardboard,train
cardboard/cardboard_1234.jpg,cardboard,train
cardboard/cardboard_1235.jpg,cardboard,train
cardboard/cardboard_1236.jpg,cardboard,train
cardboard/cardboard_1238.jpg,cardboard,train
cardboard/cardboard_1239.jpg,cardboard,train
cardboard/cardboard_124.jpg,cardboard,train
cardboard/cardboard_1243.jpg,cardboard,train
cardboard/cardboard_1245.jpg,cardboard,train
cardboard/cardboard_1247.jpg,cardboard,train
cardboard/cardboard_1248.jpg,cardboard,train
cardboard/cardboard_1249.jpg,cardboard,train
cardboard/cardboard_125.jpg,cardboard,train
cardboard/cardboard_1252.jpg,cardboard,train
cardboard/cardboard_1253.jpg,cardboard,train
cardboard/cardboard_1255.jpg,cardboard,train
cardboard/cardboard_1256.jpg,cardboard,train
cardboard/cardboard_1257.jpg,cardboard,train
cardboard/cardboard_126.jpg,cardboard,train
cardboard/cardboard_1261.jpg,cardboard,train
cardboard/cardboard_1262.jpg,cardboard,train
cardboard/cardboard_1264.jpg,cardboard,train
cardboard/cardboard_1265.jpg,cardboard,train
cardboard/cardboard_1266.jpg,cardboard,train
cardboard/cardboard_1267.jpg,cardboard,train
cardboard/cardboard_1268.jpg,cardboard,train
cardboard/cardboard_1269.jpg,cardboard,train
cardboard/cardboard_127.jpg,cardboard,train
cardboard/cardboard_1270.jpg,cardboard,train
cardboard/cardboard_1271.jpg,cardboard,train
cardboard/cardboard_1272.jpg,cardboard,train
cardboard/cardboard_1273.jpg,cardboard,train
cardboard/cardboard_1274.jpg,cardboard,train
cardboard/cardboard_1276.jpg,cardboard,train
cardboard/cardboard_1278.jpg,cardboard,train
cardboard/cardboard_128.jpg,cardboard,train
cardboard/cardboard_1280.jpg,cardboard,train
cardboard/cardboard_1281.jpg,cardboard,train
cardboard/cardboard_1282.jpg,cardboard,train
cardboard/cardboard_1285.jpg,cardboard,train
cardboard/cardboard_1286.jpg,cardboard,train
cardboard/cardboard_1287.jpg,cardboard,train
cardboard/cardboard_1289.jpg,cardboard,train
cardboard/cardboard_1292.jpg,cardboard,train
cardboard/cardboard_1293.jpg,cardboard,train
cardboard/cardboard_1294.jpg,cardboard,train
cardboard/cardboard_1295.jpg,cardboard,train
cardboard/cardboard_1296.jpg,cardboard,train
cardboard/cardboard_1297.jpg,cardboard,train
cardboard/cardboard_1298.jpg,cardboard,train
cardboard/cardboard_1299.jpg,cardboard,train
cardboard/cardboard_1300.jpg,cardboard,train
cardboard/cardboard_1301.jpg,cardboard,train
cardboard/cardboard_1302.jpg,cardboard,train
cardboard/cardboard_1303.jpg,cardboard,train
cardboard/cardboard_1305.jpg,cardboard,train
cardboard/cardboard_1306.jpg,cardboard,train
cardboard/cardboard_1311.jpg,cardboard,train
cardboard/cardboard_1312.jpg,cardboard,train
cardboard/cardboard_1315.jpg,cardboard,train
cardboard/cardboard_1316.jpg,cardboard,train
cardboard/cardboard_1317.jpg,cardboard,train
cardboard/cardboard_1320.jpg,cardboard,train
cardboard/cardboard_1321.jpg,cardboard,train
cardboard/cardboard_1322.jpg,cardboard,train
cardboard/cardboard_1323.jpg,cardboard,train
cardboard/cardboard_1324.jpg,cardboard,train
cardboard/cardboard_1326.jpg,cardboard,train
cardboard/cardboard_1327.jpg,cardboard,train
cardboard/cardboard_1328.jpg,cardboard,train
cardboard/cardboard_1329.jpg,cardboard,train
cardboard/cardboard_1331.jpg,cardboard,train
cardboard/cardboard_1333.jpg,cardboard,train
cardboard/cardboard_1334.jpg,cardboard,train
cardboard/cardboard_1335.jpg,cardboard,train
cardboard/cardboard_1342.jpg,cardboard,train
cardboard/cardboard_1343.jpg,cardboard,train
cardboard/cardboard_1346.jpg,cardboard,train
cardboard/cardboard_135.jpg,cardboard,train
cardboard/cardboard_1350.jpg,cardboard,train
cardboard/cardboard_1351.jpg,cardboard,train
cardboard/cardboard_1352.jpg,cardboard,train
cardboard/cardboard_1354.jpg,cardboard,train
cardboard/cardboard_1355.jpg,cardboard,train
cardboard/cardboard_1362.jpg,cardboard,train
cardboard/cardboard_1363.jpg,cardboard,train
cardboard/cardboard_1365.jpg,cardboard,train
cardboard/cardboard_1366.jpg,cardboard,train
cardboard/cardboard_1370.jpg,cardboard,train
cardboard/cardboard_1371.jpg,cardboard,train
cardboard/cardboard_1372.jpg,cardboard,train
cardboard/cardboard_1373.jpg,cardboard,train
cardboard/cardboard_1376.jpg,cardboard,train
cardboard/cardboard_1378.jpg,cardboard,train
cardboard/cardboard_1380.jpg,cardboard,train
cardboard/cardboard_1382.jpg,cardboard,train
cardboard/cardboard_1384.jpg,cardboard,train
cardboard/cardboard_1385.jpg,cardboard,train
cardboard/cardboard_1386.jpg,cardboard,train
cardboard/cardboard_1389.jpg,cardboard,train
cardboard/cardboard_139.jpg,cardboard,train
cardboard/cardboard_1390.jpg,cardboard,train
cardboard/cardboard_1391.jpg,cardboard,train
cardboard/cardboard_1394.jpg,cardboard,train
cardboard/cardboard_1396.jpg,cardboard,train
cardboard/cardboard_1399.jpg,cardboard,train
cardboard/cardboard_14.jpg,cardboard,train
cardboard/cardboard_140.jpg,cardboard,train
cardboard/cardboard_1400.jpg,cardboard,train
cardboard/cardboard_1404.jpg,cardboard,train
cardboard/cardboard_1406.jpg,cardboard,train
cardboard/cardboard_1408.jpg,cardboard,train
cardboard/cardboard_141.jpg,cardboard,train
cardboard/cardboard_1411.jpg,cardboard,train
cardboard/cardboard_1413.jpg,cardboard,train
cardboard/cardboard_1416.jpg,cardboard,train
cardboard/cardboard_1417.jpg,cardboard,train
cardboard/cardboard_1418.jpg,cardboard,train
cardboard/cardboard_1420.jpg,cardboard,train
cardboard/cardboard_1421.jpg,cardboard,train
cardboard/cardboard_1422.jpg,cardboard,train
cardboard/cardboard_1424.jpg,cardboard,train
cardboard/cardboard_1425.jpg,cardboard,train
cardboard/cardboard_1427.jpg,cardboard,train
cardboard/cardboard_1429.jpg,cardboard,train
cardboard/cardboard_143.jpg,cardboard,train
cardboard/cardboard_1430.jpg,cardboard,train
cardboard/cardboard_1431.jpg,cardboard,train
cardboard/cardboard_1432.jpg,cardboard,train
cardboard/cardboard_1433.jpg,cardboard,train
cardboard/cardboard_1435.jpg,cardboard,train
cardboard/cardboard_1437.jpg,cardboard,train
cardboard/cardboard_1439.jpg,cardboard,train
cardboard/cardboard_1440.jpg,cardboard,train
cardboard/cardboard_1442.jpg,cardboard,train
cardboard/cardboard_1443.jpg,cardboard,train
cardboard/cardboard_1446.jpg,cardboard,train
cardboard/cardboard_1448.jpg,cardboard,train
cardboard/cardboard_145.jpg,cardboard,train
cardboard/cardboard_1450.jpg,cardboard,train
cardboard/cardboard_1451.jpg,cardboard,train
cardboard/cardboard_1452.jpg,cardboard,train
cardboard/cardboard_1455.jpg,cardboard,train
cardboard/cardboard_1456.jpg,cardboard,train
cardboard/cardboard_1457.jpg,cardboard,train
cardboard/cardboard_1458.jpg,cardboard,train
cardboard/cardboard_146.jpg,cardboard,train
cardboard/cardboard_1460.jpg,cardboard,train
cardboard/cardboard_1462.jpg,cardboard,train
cardboard/cardboard_1465.jpg,cardboard,train
cardboard/cardboard_1466.jpg,cardboard,train
cardboard/cardboard_1467.jpg,cardboard,train
cardboard/cardboard_1468.jpg,cardboard,train
cardboard/cardboard_1469.jpg,cardboard,train
cardboard/cardboard_1476.jpg,cardboard,train
cardboard/cardboard_1477.jpg,cardboard,train
cardboard/cardboard_1478.jpg,cardboard,train
cardboard/cardboard_1479.jpg,cardboard,train
cardboard/cardboard_148.jpg,cardboard,train
cardboard/cardboard_1480.jpg,cardboard,train
cardboard/cardboard_1483.jpg,cardboard,train
cardboard/cardboard_1484.jpg,cardboard,train
cardboard/cardboard_1485.jpg,cardboard,train
cardboard/cardboard_1486.jpg,cardboard,train
cardboard/cardboard_1487.jpg,cardboard,train
cardboard/cardboard_1489.jpg,cardboard,train
cardboard/cardboard_149.jpg,cardboard,train
cardboard/cardboard_1490.jpg,cardboard,train
cardboard/cardboard_1491.jpg,cardboard,train
cardboard/cardboard_1492.jpg,cardboard,train
cardboard/cardboard_1495.jpg,cardboard,train
cardboard/cardboard_15.jpg,cardboard,train
cardboard/cardboard_150.jpg,cardboard,train
cardboard/cardboard_1501.jpg,cardboard,train
cardboard/cardboard_1503.jpg,cardboard,train
cardboard/cardboard_1504.jpg,cardboard,train
cardboard/cardboard_1505.jpg,cardboard,train
cardboard/cardboard_1506.jpg,cardboard,train
cardboard/cardboard_1508.jpg,cardboard,train
cardboard/cardboard_1509.jpg,cardboard,train
cardboard/cardboard_1510.jpg,cardboard,train
cardboard/cardboard_1511.jpg,cardboard,train
cardboard/cardboard_1512.jpg,cardboard,train
cardboard/cardboard_1514.jpg,cardboard,train
cardboard/cardboard_1515.jpg,cardboard,train
cardboard/cardboard_1517.jpg,cardboard,train
cardboard/cardboard_1520.jpg,cardboard,train
cardboard/cardboard_1522.jpg,cardboard,train
cardboard/cardboard_1523.jpg,cardboard,train
cardboard/cardboard_1524.jpg,cardboard,train
cardboard/cardboard_1530.jpg,cardboard,train
cardboard/cardboard_1534.jpg,cardboard,train
cardboard/cardboard_1535.jpg,cardboard,train
cardboard/cardboard_1536.jpg,cardboard,train
cardboard/cardboard_1538.jpg,cardboard,train
cardboard/cardboard_1539.jpg,cardboard,train
cardboard/cardboard_154.jpg,cardboard,train
cardboard/cardboard_1543.jpg,cardboard,train
cardboard/cardboard_1544.jpg,cardboard,train
cardboard/cardboard_1546.jpg,cardboard,train
cardboard/cardboard_1547.jpg,cardboard,train
cardboard/cardboard_1549.jpg,cardboard,train
cardboard/cardboard_155.jpg,cardboard,train
cardboard/cardboard_1550.jpg,cardboard,train
cardboard/cardboard_1551.jpg,cardboard,train
cardboard/cardboard_1552.jpg,cardboard,train
cardboard/cardboard_1554.jpg,cardboard,train
cardboard/cardboard_1556.jpg,cardboard,train
cardboard/cardboard_156.jpg,cardboard,train
cardboard/cardboard_1562.jpg,cardboard,train
cardboard/cardboard_1563.jpg,cardboard,train
cardboard/cardboard_1564.jpg,cardboard,train
cardboard/cardboard_1567.jpg,cardboard,train
cardboard/cardboard_1568.jpg,cardboard,train
cardboard/cardboard_1569.jpg,cardboard,train
cardboard/cardboard_1571.jpg,cardboard,train
cardboard/cardboard_1573.jpg,cardboard,train
cardboard/cardboard_1576.jpg,cardboard,train
cardboard/cardboard_1577.jpg,cardboard,train
cardboard/cardboard_1578.jpg,cardboard,train
cardboard/cardboard_1579.jpg,cardboard,train
cardboard/cardboard_158.jpg,cardboard,train
cardboard/cardboard_1581.jpg,cardboard,train
cardboard/cardboard_1583.jpg,cardboard,train
cardboard/cardboard_1584.jpg,cardboard,train
cardboard/cardboard_1586.jpg,cardboard,train
cardboard/cardboard_1588.jpg,cardboard,train
cardboard/cardboard_159.jpg,cardboard,train
cardboard/cardboard_1591.jpg,cardboard,train
cardboard/cardboard_1594.jpg,cardboard,train
cardboard/cardboard_1597.jpg,cardboard,train
cardboard/cardboard_1598.jpg,cardboard,train
cardboard/cardboard_1599.jpg,cardboard,train
cardboard/cardboard_1600.jpg,cardboard,train
cardboard/cardboard_1601.jpg,cardboard,train
cardboard/cardboard_1602.jpg,cardboard,train
cardboard/cardboard_1603.jpg,cardboard,train
cardboard/cardboard_1607.jpg,cardboard,train
cardboard/cardboard_1608.jpg,cardboard,train
cardboard/cardboard_1609.jpg,cardboard,train
cardboard/cardboard_1612.jpg,cardboard,train
cardboard/cardboard_1615.jpg,cardboard,train
cardboard/cardboard_1618.jpg,cardboard,train
cardboard/cardboard_1619.jpg,cardboard,train
cardboard/cardboard_162.jpg,cardboard,train
cardboard/cardboard_1622.jpg,cardboard,train
cardboard/cardboard_1623.jpg,cardboard,train
cardboard/cardboard_1624.jpg,cardboard,train
cardboard/cardboard_1625.jpg,cardboard,train
cardboard/cardboard_1626.jpg,cardboard,train
cardboard/cardboard_163.jpg,cardboard,train
cardboard/cardboard_1631.jpg,cardboard,train
cardboard/cardboard_1632.jpg,cardboard,train
cardboard/cardboard_1633.jpg,cardboard,train
cardboard/cardboard_1635.jpg,cardboard,train
cardboard/cardboard_1636.jpg,cardboard,train
cardboard/cardboard_1637.jpg,cardboard,train
cardboard/cardboard_1639.jpg,cardboard,train
cardboard/cardboard_164.jpg,cardboard,train
cardboard/cardboard_1644.jpg,cardboard,train
cardboard/cardboard_1645.jpg,cardboard,train
cardboard/cardboard_1646.jpg,cardboard,train
cardboard/cardboard_1647.jpg,cardboard,train
cardboard/cardboard_165.jpg,cardboard,train
cardboard/cardboard_1653.jpg,cardboard,train
cardboard/cardboard_1654.jpg,cardboard,train
cardboard/cardboard_1655.jpg,cardboard,train
cardboard/cardboard_1656.jpg,cardboard,train
cardboard/cardboard_1657.jpg,cardboard,train
cardboard/cardboard_1658.jpg,cardboard,train
cardboard/cardboard_166.jpg,cardboard,train
cardboard/cardboard_1660.jpg,cardboard,train
cardboard/cardboard_1661.jpg,cardboard,train
cardboard/cardboard_1662.jpg,cardboard,train
cardboard/cardboard_1663.jpg,cardboard,train
cardboard/cardboard_1664.jpg,cardboard,train
cardboard/cardboard_1665.jpg,cardboard,train
cardboard/cardboard_1669.jpg,cardboard,train
cardboard/cardboard_1670.jpg,cardboard,train
cardboard/cardboard_1671.jpg,cardboard,train
cardboard/cardboard_1675.jpg,cardboard,train
cardboard/cardboard_1677.jpg,cardboard,train
cardboard/cardboard_1680.jpg,cardboard,train
cardboard/cardboard_1681.jpg,cardboard,train
cardboard/cardboard_1689.jpg,cardboard,train
cardboard/cardboard_1690.jpg,cardboard,train
cardboard/cardboard_1693.jpg,cardboard,train
cardboard/cardboard_1694.jpg,cardboard,train
cardboard/cardboard_1696.jpg,cardboard,train
cardboard/cardboard_1698.jpg,cardboard,train
cardboard/cardboard_1699.jpg,cardboard,train
cardboard/cardboard_17.jpg,cardboard,train
cardboard/cardboard_1700.jpg,cardboard,train
cardboard/cardboard_1701.jpg,cardboard,train
cardboard/cardboard_1702.jpg,cardboard,train
cardboard/cardboard_1703.jpg,cardboard,train
cardboard/cardboard_1706.jpg,cardboard,train
cardboard/cardboard_1707.jpg,cardboard,train
cardboard/cardboard_1708.jpg,cardboard,train
cardboard/cardboard_1709.jpg,cardboard,train
cardboard/cardboard_171.jpg,cardboard,train
cardboard/cardboard_1710.jpg,cardboard,train
cardboard/cardboard_1712.jpg,cardboard,train
cardboard/cardboard_1713.jpg,cardboard,train
cardboard/cardboard_1716.jpg,cardboard,train
cardboard/cardboard_1719.jpg,cardboard,train
cardboard/cardboard_172.jpg,cardboard,train
cardboard/cardboard_1726.jpg,cardboard,train
cardboard/cardboard_1727.jpg,cardboard,train
cardboard/cardboard_173.jpg,cardboard,train
cardboard/cardboard_1730.jpg,cardboard,train
cardboard/cardboard_1731.jpg,cardboard,train
cardboard/cardboard_1733.jpg,cardboard,train
cardboard/cardboard_1739.jpg,cardboard,train
cardboard/cardboard_1740.jpg,cardboard,train
cardboard/cardboard_1742.jpg,cardboard,train
cardboard/cardboard_1743.jpg,cardboard,train
cardboard/cardboard_1745.jpg,cardboard,train
cardboard/cardboard_1746.jpg,cardboard,train
cardboard/cardboard_1748.jpg,cardboard,train
cardboard/cardboard_1749.jpg,cardboard,train
cardboard/cardboard_1751.jpg,cardboard,train
cardboard/cardboard_1753.jpg,cardboard,train
cardboard/cardboard_1756.jpg,cardboard,train
cardboard/cardboard_1758.jpg,cardboard,train
cardboard/cardboard_176.jpg,cardboard,train
cardboard/cardboard_1761.jpg,cardboard,train
cardboard/cardboard_1763.jpg,cardboard,train
cardboard/cardboard_1764.jpg,cardboard,train
cardboard/cardboard_1765.jpg,cardboard,train
cardboard/cardboard_1766.jpg,cardboard,train
cardboard/cardboard_1768.jpg,cardboard,train
cardboard/cardboard_1770.jpg,cardboard,train
cardboard/cardboard_1771.jpg,cardboard,train
cardboard/cardboard_1772.jpg,cardboard,train
cardboard/cardboard_178.jpg,cardboard,train
cardboard/cardboard_1780.jpg,cardboard,train
cardboard/cardboard_1781.jpg,cardboard,train
cardboard/cardboard_1785.jpg,cardboard,train
cardboard/cardboard_1789.jpg,cardboard,train
cardboard/cardboard_179.jpg,cardboard,train
cardboard/cardboard_1790.jpg,cardboard,train
cardboard/cardboard_1791.jpg,cardboard,train
cardboard/cardboard_1795.jpg,cardboard,train
cardboard/cardboard_1796.jpg,cardboard,train
cardboard/cardboard_1798.jpg,cardboard,train
cardboard/cardboard_18.jpg,cardboard,train
cardboard/cardboard_180.jpg,cardboard,train
cardboard/cardboard_1800.jpg,cardboard,train
cardboard/cardboard_1802.jpg,cardboard,train
cardboard/cardboard_1806.jpg,cardboard,train
cardboard/cardboard_1809.jpg,cardboard,train
cardboard/cardboard_1810.jpg,cardboard,train
cardboard/cardboard_1811.jpg,cardboard,train
cardboard/cardboard_1812.jpg,cardboard,train
cardboard/cardboard_1813.jpg,cardboard,train
cardboard/cardboard_1814.jpg,cardboard,train
cardboard/cardboard_1818.jpg,cardboard,train
cardboard/cardboard_1821.jpg,cardboard,train
cardboard/cardboard_1822.jpg,cardboard,train
cardboard/cardboard_1823.jpg,cardboard,train
cardboard/cardboard_1825.jpg,cardboard,train
cardboard/cardboard_1826.jpg,cardboard,train
cardboard/cardboard_1827.jpg,cardboard,train
cardboard/cardboard_1829.jpg,cardboard,train
cardboard/cardboard_1830.jpg,cardboard,train
cardboard/cardboard_1832.jpg,cardboard,train
cardboard/cardboard_1833.jpg,cardboard,train
cardboard/cardboard_1834.jpg,cardboard,train
cardboard/cardboard_1837.jpg,cardboard,train
cardboard/cardboard_1838.jpg,cardboard,train
cardboard/cardboard_1839.jpg,cardboard,train
cardboard/cardboard_1840.jpg,cardboard,train
cardboard/cardboard_1843.jpg,cardboard,train
cardboard/cardboard_1845.jpg,cardboard,train
cardboard/cardboard_1846.jpg,cardboard,train
cardboard/cardboard_1847.jpg,cardboard,train
cardboard/cardboard_1850.jpg,cardboard,train
cardboard/cardboard_1851.jpg,cardboard,train
cardboard/cardboard_1852.jpg,cardboard,train
cardboard/cardboard_1854.jpg,cardboard,train
cardboard/cardboard_1856.jpg,cardboard,train
cardboard/cardboard_1857.jpg,cardboard,train
cardboard/cardboard_1858.jpg,cardboard,train
cardboard/cardboard_1860.jpg,cardboard,train
cardboard/cardboard_1862.jpg,cardboard,train
cardboard/cardboard_1864.jpg,cardboard,train
cardboard/cardboard_1865.jpg,cardboard,train
cardboard/cardboard_1866.jpg,cardboard,train
cardboard/cardboard_1867.jpg,cardboard,train
cardboard/cardboard_1868.jpg,cardboard,train
cardboard/cardboard_1870.jpg,cardboard,train
cardboard/cardboard_1872.jpg,cardboard,train
cardboard/cardboard_1874.jpg,cardboard,train
cardboard/cardboard_1879.jpg,cardboard,train
cardboard/cardboard_1881.jpg,cardboard,train
cardboard/cardboard_1882.jpg,cardboard,train
cardboard/cardboard_1884.jpg,cardboard,train
cardboard/cardboard_1887.jpg,cardboard,train
cardboard/cardboard_1888.jpg,cardboard,train
cardboard/cardboard_1889.jpg,cardboard,train
cardboard/cardboard_189.jpg,cardboard,train
cardboard/cardboard_1890.jpg,cardboard,train
cardboard/cardboard_1893.jpg,cardboard,train
cardboard/cardboard_1894.jpg,cardboard,train
cardboard/cardboard_1895.jpg,cardboard,train
cardboard/cardboard_1896.jpg,cardboard,train
cardboard/cardboard_1897.jpg,cardboard,train
cardboard/cardboard_1898.jpg,cardboard,train
cardboard/cardboard_1899.jpg,cardboard,train
cardboard/cardboard_19.jpg,cardboard,train
cardboard/cardboard_1900.jpg,cardboard,train
cardboard/cardboard_1901.jpg,cardboard,train
cardboard/cardboard_1902.jpg,cardboard,train
cardboard/cardboard_1903.jpg,cardboard,train
cardboard/cardboard_1905.jpg,cardboard,train
cardboard/cardboard_1907.jpg,cardboard,train
cardboard/cardboard_1909.jpg,cardboard,train
cardboard/cardboard_1912.jpg,cardboard,train
cardboard/cardboard_1914.jpg,cardboard,train
cardboard/cardboard_1917.jpg,cardboard,train
cardboard/cardboard_1918.jpg,cardboard,train
cardboard/cardboard_192.jpg,cardboard,train
cardboard/cardboard_1922.jpg,cardboard,train
cardboard/cardboard_1924.jpg,cardboard,train
cardboard/cardboard_1925.jpg,cardboard,train
cardboard/cardboard_1929.jpg,cardboard,train
cardboard/cardboard_193.jpg,cardboard,train
cardboard/cardboard_1931.jpg,cardboard,train
cardboard/cardboard_1932.jpg,cardboard,train
cardboard/cardboard_1936.jpg,cardboard,train
cardboard/cardboard_1937.jpg,cardboard,train
cardboard/cardboard_1939.jpg,cardboard,train
cardboard/cardboard_1940.jpg,cardboard,train
cardboard/cardboard_1941.jpg,cardboard,train
cardboard/cardboard_1943.jpg,cardboard,train
cardboard/cardboard_1944.jpg,cardboard,train
cardboard/cardboard_1945.jpg,cardboard,train
cardboard/cardboard_1946.jpg,cardboard,train
cardboard/cardboard_1949.jpg,cardboard,train
cardboard/cardboard_195.jpg,cardboard,train
cardboard/cardboard_1952.jpg,cardboard,train
cardboard/cardboard_1954.jpg,cardboard,train
cardboard/cardboard_1955.jpg,cardboard,train
cardboard/cardboard_1956.jpg,cardboard,train
cardboard/cardboard_1958.jpg,cardboard,train
cardboard/cardboard_196.jpg,cardboard,train
cardboard/cardboard_1961.jpg,cardboard,train
cardboard/cardboard_1963.jpg,cardboard,train
cardboard/cardboard_1964.jpg,cardboard,train
cardboard/cardboard_1965.jpg,cardboard,train
cardboard/cardboard_1966.jpg,cardboard,train
cardboard/cardboard_197.jpg,cardboard,train
cardboard/cardboard_1970.jpg,cardboard,train
cardboard/cardboard_1971.jpg,cardboard,train
cardboard/cardboard_1972.jpg,cardboard,train
cardboard/cardboard_1976.jpg,cardboard,train
cardboard/cardboard_1978.jpg,cardboard,train
cardboard/cardboard_1981.jpg,cardboard,train
cardboard/cardboard_1982.jpg,cardboard,train
cardboard/cardboard_1983.jpg,cardboard,train
cardboard/cardboard_1986.jpg,cardboard,train
cardboard/cardboard_199.jpg,cardboard,train
cardboard/cardboard_1992.jpg,cardboard,train
cardboard/cardboard_1993.jpg,cardboard,train
cardboard/cardboard_1994.jpg,cardboard,train
cardboard/cardboard_1995.jpg,cardboard,train
cardboard/cardboard_1997.jpg,cardboard,train
cardboard/cardboard_1998.jpg,cardboard,train
cardboard/cardboard_2.jpg,cardboard,train
cardboard/cardboard_20.jpg,cardboard,train
cardboard/cardboard_200.jpg,cardboard,train
cardboard/cardboard_2001.jpg,cardboard,train
cardboard/cardboard_2004.jpg,cardboard,train
cardboard/cardboard_2005.jpg,cardboard,train
cardboard/cardboard_2007.jpg,cardboard,train
cardboard/cardboard_2009.jpg,cardboard,train
cardboard/cardboard_201.jpg,cardboard,train
cardboard/cardboard_2010.jpg,cardboard,train
cardboard/cardboard_2012.jpg,cardboard,train
cardboard/cardboard_2014.jpg,cardboard,train
cardboard/cardboard_2015.jpg,cardboard,train
cardboard/cardboard_2016.jpg,cardboard,train
cardboard/cardboard_2018.jpg,cardboard,train
cardboard/cardboard_202.jpg,cardboard,train
cardboard/cardboard_2020.jpg,cardboard,train
cardboard/cardboard_2022.jpg,cardboard,train
cardboard/cardboard_2024.jpg,cardboard,train
cardboard/cardboard_20240626_150628.jpg,cardboard,train
cardboard/cardboard_20240626_150640.jpg,cardboard,train
cardboard/cardboard_20240626_152434.jpg,cardboard,train
cardboard/cardboard_20240628_161451.jpg,cardboard,train
cardboard/cardboard_20240628_161510.jpg,cardboard,train
cardboard/cardboard_20240628_161809.jpg,cardboard,train
cardboard/cardboard_20240713_122251.jpg,cardboard,train
cardboard/cardboard_20240718_093839.jpg,cardboard,train
cardboard/cardboard_20241.jpg,cardboard,train
cardboard/cardboard_20241.png,cardboard,train
cardboard/cardboard_20241210_094611.jpg,cardboard,train
cardboard/cardboard_2026.jpg,cardboard,train
cardboard/cardboard_2027.jpg,cardboard,train
cardboard/cardboard_2028.jpg,cardboard,train
cardboard/cardboard_2029.jpg,cardboard,train
cardboard/cardboard_203.jpg,cardboard,train
cardboard/cardboard_2031.jpg,cardboard,train
cardboard/cardboard_2033.jpg,cardboard,train
cardboard/cardboard_2035.jpg,cardboard,train
cardboard/cardboard_2037.jpg,cardboard,train
cardboard/cardboard_2038.jpg,cardboard,train
cardboard/cardboard_2039.jpg,cardboard,train
cardboard/cardboard_204.jpg,cardboard,train
cardboard/cardboard_2040.jpg,cardboard,train
cardboard/cardboard_2042.jpg,cardboard,train
cardboard/cardboard_2045.jpg,cardboard,train
cardboard/cardboard_2048.jpg,cardboard,train
cardboard/cardboard_2049.jpg,cardboard,train
cardboard/cardboard_2052.jpg,cardboard,train
cardboard/cardboard_2054.jpg,cardboard,train
cardboard/cardboard_2056.jpg,cardboard,train
cardboard/cardboard_2058.jpg,cardboard,train
cardboard/cardboard_2059.jpg,cardboard,train
cardboard/cardboard_206.jpg,cardboard,train
cardboard/cardboard_2060.jpg,cardboard,train
cardboard/cardboard_2061.jpg,cardboard,train
cardboard/cardboard_2062.jpg,cardboard,train
cardboard/cardboard_2063.jpg,cardboard,train
cardboard/cardboard_2064.jpg,cardboard,train
cardboard/cardboard_2065.jpg,cardboard,train
cardboard/cardboard_2069.jpg,cardboard,train
cardboard/cardboard_2070.jpg,cardboard,train
cardboard/cardboard_2071.jpg,cardboard,train
cardboard/cardboard_2072.jpg,cardboard,train
cardboard/cardboard_2074.jpg,cardboard,train
cardboard/cardboard_2075.jpg,cardboard,train
cardboard/cardboard_2077.jpg,cardboard,train
cardboard/cardboard_2078.jpg,cardboard,train
cardboard/cardboard_2081.jpg,cardboard,train
cardboard/cardboard_2083.jpg,cardboard,train
cardboard/cardboard_2085.jpg,cardboard,train
cardboard/cardboard_2086.jpg,cardboard,train
cardboard/cardboard_2087.jpg,cardboard,train
cardboard/cardboard_2089.jpg,cardboard,train
cardboard/cardboard_209.jpg,cardboard,train
cardboard/cardboard_2090.jpg,cardboard,train
cardboard/cardboard_2092.jpg,cardboard,train
cardboard/cardboard_2093.jpg,cardboard,train
cardboard/cardboard_2094.jpg,cardboard,train
cardboard/cardboard_2098.jpg,cardboard,train
cardboard/cardboard_210.jpg,cardboard,train
cardboard/cardboard_2100.jpg,cardboard,train
cardboard/cardboard_2103.jpg,cardboard,train
cardboard/cardboard_2105.jpg,cardboard,train
cardboard/cardboard_2106.jpg,cardboard,train
cardboard/cardboard_2107.jpg,cardboard,train
cardboard/cardboard_211.jpg,cardboard,train
cardboard/cardboard_2112.jpg,cardboard,train
cardboard/cardboard_2116.jpg,cardboard,train
cardboard/cardboard_2117.jpg,cardboard,train
cardboard/cardboard_212.jpg,cardboard,train
cardboard/cardboard_2121.jpg,cardboard,train
cardboard/cardboard_2122.jpg,cardboard,train
cardboard/cardboard_2126.jpg,cardboard,train
cardboard/cardboard_2127.jpg,cardboard,train
cardboard/cardboard_2130.jpg,cardboard,train
cardboard/cardboard_2131.jpg,cardboard,train
cardboard/cardboard_2132.jpg,cardboard,train
cardboard/cardboard_2135.jpg,cardboard,train
cardboard/cardboard_2136.jpg,cardboard,train
cardboard/cardboard_2137.jpg,cardboard,train
cardboard/cardboard_2138.jpg,cardboard,train
cardboard/cardboard_2140.jpg,cardboard,train
cardboard/cardboard_2142.jpg,cardboard,train
cardboard/cardboard_2145.jpg,cardboard,train
cardboard/cardboard_2146.jpg,cardboard,train
cardboard/cardboard_2149.jpg,cardboard,train
cardboard/cardboard_2153.jpg,cardboard,train
cardboard/cardboard_2159.jpg,cardboard,train
cardboard/cardboard_2161.jpg,cardboard,train
cardboard/cardboard_2162.jpg,cardboard,train
cardboard/cardboard_2163.jpg,cardboard,train
cardboard/cardboard_2164.jpg,cardboard,train
cardboard/cardboard_2165.jpg,cardboard,train
cardboard/cardboard_2166.jpg,cardboard,train
cardboard/cardboard_2167.jpg,cardboard,train
cardboard/cardboard_217.jpg,cardboard,train
cardboard/cardboard_2171.jpg,cardboard,train
cardboard/cardboard_2173.jpg,cardboard,train
cardboard/cardboard_2174.jpg,cardboard,train
cardboard/cardboard_2178.jpg,cardboard,train
cardboard/cardboard_218.jpg,cardboard,train
cardboard/cardboard_2182.jpg,cardboard,train
cardboard/cardboard_2183.jpg,cardboard,train
cardboard/cardboard_2184.jpg,cardboard,train
cardboard/cardboard_2186.jpg,cardboard,train
cardboard/cardboard_2187.jpg,cardboard,train
cardboard/cardboard_2188.jpg,cardboard,train
cardboard/cardboard_2189.jpg,cardboard,train
cardboard/cardboard_2191.jpg,cardboard,train
cardboard/cardboard_2193.jpg,cardboard,train
cardboard/cardboard_2194.jpg,cardboard,train
cardboard/cardboard_2196.jpg,cardboard,train
cardboard/cardboard_22.jpg,cardboard,train
cardboard/cardboard_2200.jpg,cardboard,train
cardboard/cardboard_2201.jpg,cardboard,train
cardboard/cardboard_2202.jpg,cardboard,train
cardboard/cardboard_2203.jpg,cardboard,train
cardboard/cardboard_2204.jpg,cardboard,train
cardboard/cardboard_2205.jpg,cardboard,train
cardboard/cardboard_2206.jpg,cardboard,train
cardboard/cardboard_221.jpg,cardboard,train
cardboard/cardboard_2212.jpg,cardboard,train
cardboard/cardboard_2213.jpg,cardboard,train
cardboard/cardboard_2217.jpg,cardboard,train
cardboard/cardboard_2218.jpg,cardboard,train
cardboard/cardboard_2219.jpg,cardboard,train
cardboard/cardboard_222.jpg,cardboard,train
cardboard/cardboard_2220.jpg,cardboard,train
cardboard/cardboard_2222.jpg,cardboard,train
cardboard/cardboard_2225.jpg,cardboard,train
cardboard/cardboard_2227.jpg,cardboard,train
cardboard/cardboard_2228.jpg,cardboard,train
cardboard/cardboard_2232.jpg,cardboard,train
cardboard/cardboard_2233.jpg,cardboard,train
cardboard/cardboard_2234.jpg,cardboard,train
cardboard/cardboard_2236.jpg,cardboard,train
cardboard/cardboard_2237.jpg,cardboard,train
cardboard/cardboard_224.jpg,cardboard,train
cardboard/cardboard_2240.jpg,cardboard,train
cardboard/cardboard_2245.jpg,cardboard,train
cardboard/cardboard_2246.jpg,cardboard,train
cardboard/cardboard_2247.jpg,cardboard,train
cardboard/cardboard_2248.jpg,cardboard,train
cardboard/cardboard_225.jpg,cardboard,train
cardboard/cardboard_2251.jpg,cardboard,train
cardboard/cardboard_2255.jpg,cardboard,train
cardboard/cardboard_2256.jpg,cardboard,train
cardboard/cardboard_2259.jpg,cardboard,train
cardboard/cardboard_226.jpg,cardboard,train
cardboard/cardboard_2260.jpg,cardboard,train
cardboard/cardboard_2263.jpg,cardboard,train
cardboard/cardboard_2268.jpg,cardboard,train
cardboard/cardboard_2269.jpg,cardboard,train
cardboard/cardboard_2270.jpg,cardboard,train
cardboard/cardboard_2272.jpg,cardboard,train
cardboard/cardboard_2273.jpg,cardboard,train
cardboard/cardboard_2274.jpg,cardboard,train
cardboard/cardboard_2275.jpg,cardboard,train
cardboard/cardboard_2277.jpg,cardboard,train
cardboard/cardboard_2278.jpg,cardboard,train
cardboard/cardboard_2279.jpg,cardboard,train
cardboard/cardboard_228.jpg,cardboard,train
cardboard/cardboard_2280.jpg,cardboard,train
cardboard/cardboard_2281.jpg,cardboard,train
cardboard/cardboard_2282.jpg,cardboard,train
cardboard/cardboard_2283.jpg,cardboard,train
cardboard/cardboard_2285.jpg,cardboard,train
cardboard/cardboard_2288.jpg,cardboard,train
cardboard/cardboard_2290.jpg,cardboard,train
cardboard/cardboard_2294.jpg,cardboard,train
cardboard/cardboard_2295.jpg,cardboard,train
cardboard/cardboard_23.jpg,cardboard,train
cardboard/cardboard_2302.jpg,cardboard,train
cardboard/cardboard_2303.jpg,cardboard,train
cardboard/cardboard_2305.jpg,cardboard,train
cardboard/cardboard_2306.jpg,cardboard,train
cardboard/cardboard_2307.jpg,cardboard,train
cardboard/cardboard_2308.jpg,cardboard,train
cardboard/cardboard_2311.jpg,cardboard,train
cardboard/cardboard_2313.jpg,cardboard,train
cardboard/cardboard_2314.jpg,cardboard,train
cardboard/cardboard_2317.jpg,cardboard,train
cardboard/cardboard_2318.jpg,cardboard,train
cardboard/cardboard_2319.jpg,cardboard,train
cardboard/cardboard_232.jpg,cardboard,train
cardboard/cardboard_2320.jpg,cardboard,train
cardboard/cardboard_2322.jpg,cardboard,train
cardboard/cardboard_2323.jpg,cardboard,train
cardboard/cardboard_2327.jpg,cardboard,train
cardboard/cardboard_2329.jpg,cardboard,train
cardboard/cardboard_2330.jpg,cardboard,train
cardboard/cardboard_2331.jpg,cardboard,train
cardboard/cardboard_2332.jpg,cardboard,train
cardboard/cardboard_2333.jpg,cardboard,train
cardboard/cardboard_2334.jpg,cardboard,train
cardboard/cardboard_2335.jpg,cardboard,train
cardboard/cardboard_2336.jpg,cardboard,train
cardboard/cardboard_2338.jpg,cardboard,train
cardboard/cardboard_2341.jpg,cardboard,train
cardboard/cardboard_236.jpg,cardboard,train
cardboard/cardboard_239.jpg,cardboard,train
cardboard/cardboard_24.jpg,cardboard,train
cardboard/cardboard_240.jpg,cardboard,train
cardboard/cardboard_241.jpg,cardboard,train
cardboard/cardboard_242.jpg,cardboard,train
cardboard/cardboard_244.jpg,cardboard,train
cardboard/cardboard_247.jpg,cardboard,train
cardboard/cardboard_251.jpg,cardboard,train
cardboard/cardboard_254.jpg,cardboard,train
cardboard/cardboard_255.jpg,cardboard,train
cardboard/cardboard_256.jpg,cardboard,train
cardboard/cardboard_26.jpg,cardboard,train
cardboard/cardboard_260.jpg,cardboard,train
cardboard/cardboard_263.jpg,cardboard,train
cardboard/cardboard_264.jpg,cardboard,train
cardboard/cardboard_268.jpg,cardboard,train
cardboard/cardboard_270.jpg,cardboard,train
cardboard/cardboard_271.jpg,cardboard,train
cardboard/cardboard_275.jpg,cardboard,train
cardboard/cardboard_279.jpg,cardboard,train
cardboard/cardboard_28.jpg,cardboard,train
cardboard/cardboard_280.jpg,cardboard,train
cardboard/cardboard_284.jpg,cardboard,train
cardboard/cardboard_285.jpg,cardboard,train
cardboard/cardboard_286.jpg,cardboard,train
cardboard/cardboard_287.jpg,cardboard,train
cardboard/cardboard_288.jpg,cardboard,train
cardboard/cardboard_289.jpg,cardboard,train
cardboard/cardboard_29.jpg,cardboard,train
cardboard/cardboard_291.jpg,cardboard,train
cardboard/cardboard_292.jpg,cardboard,train
cardboard/cardboard_294.jpg,cardboard,train
cardboard/cardboard_295.jpg,cardboard,train
cardboard/cardboard_297.jpg,cardboard,train
cardboard/cardboard_298.jpg,cardboard,train
cardboard/cardboard_299.jpg,cardboard,train
cardboard/cardboard_30.jpg,cardboard,train
cardboard/cardboard_301.jpg,cardboard,train
cardboard/cardboard_303.jpg,cardboard,train
cardboard/cardboard_304.jpg,cardboard,train
cardboard/cardboard_306.jpg,cardboard,train
cardboard/cardboard_307.jpg,cardboard,train
cardboard/cardboard_309.jpg,cardboard,train
cardboard/cardboard_31.jpg,cardboard,train
cardboard/cardboard_310.jpg,cardboard,train
cardboard/cardboard_311.jpg,cardboard,train
cardboard/cardboard_313.jpg,cardboard,train
cardboard/cardboard_315.jpg,cardboard,train
cardboard/cardboard_319.jpg,cardboard,train
cardboard/cardboard_321.jpg,cardboard,train
cardboard/cardboard_322.jpg,cardboard,train
cardboard/cardboard_324.jpg,cardboard,train
cardboard/cardboard_326.jpg,cardboard,train
cardboard/cardboard_33.jpg,cardboard,train
cardboard/cardboard_330.jpg,cardboard,train
cardboard/cardboard_331.jpg,cardboard,train
cardboard/cardboard_332.jpg,cardboard,train
cardboard/cardboard_333.jpg,cardboard,train
cardboard/cardboard_334.jpg,cardboard,train
cardboard/cardboard_335.jpg,cardboard,train
cardboard/cardboard_336.jpg,cardboard,train
cardboard/cardboard_339.jpg,cardboard,train
cardboard/cardboard_343.jpg,cardboard,train
cardboard/cardboard_345.jpg,cardboard,train
cardboard/cardboard_346.jpg,cardboard,train
cardboard/cardboard_347.jpg,cardboard,train
cardboard/cardboard_348.jpg,cardboard,train
cardboard/cardboard_349.jpg,cardboard,train
cardboard/cardboard_353.jpg,cardboard,train
cardboard/cardboard_355.jpg,cardboard,train
cardboard/cardboard_357.jpg,cardboard,train
cardboard/cardboard_360.jpg,cardboard,train
cardboard/cardboard_361.jpg,cardboard,train
cardboard/cardboard_363.jpg,cardboard,train
cardboard/cardboard_365.jpg,cardboard,train
cardboard/cardboard_366.jpg,cardboard,train
cardboard/cardboard_368.jpg,cardboard,train
cardboard/cardboard_371.jpg,cardboard,train
cardboard/cardboard_373.jpg,cardboard,train
cardboard/cardboard_375.jpg,cardboard,train
cardboard/cardboard_376.jpg,cardboard,train
cardboard/cardboard_38.jpg,cardboard,train
cardboard/cardboard_380.jpg,cardboard,train
cardboard/cardboard_381.jpg,cardboard,train
cardboard/cardboard_382.jpg,cardboard,train
cardboard/cardboard_383.jpg,cardboard,train
cardboard/cardboard_384.jpg,cardboard,train
cardboard/cardboard_388.jpg,cardboard,train
cardboard/cardboard_391.jpg,cardboard,train
cardboard/cardboard_392.jpg,cardboard,train
cardboard/cardboard_393.jpg,cardboard,train
cardboard/cardboard_395.jpg,cardboard,train
cardboard/cardboard_396.jpg,cardboard,train
cardboard/cardboard_398.jpg,cardboard,train
cardboard/cardboard_4.jpg,cardboard,train
cardboard/cardboard_400.jpg,cardboard,train
cardboard/cardboard_401.jpg,cardboard,train
cardboard/cardboard_404.jpg,cardboard,train
cardboard/cardboard_405.jpg,cardboard,train
cardboard/cardboard_406.jpg,cardboard,train
cardboard/cardboard_408.jpg,cardboard,train
cardboard/cardboard_41.jpg,cardboard,train
cardboard/cardboard_410.jpg,cardboard,train
cardboard/cardboard_413.jpg,cardboard,train
cardboard/cardboard_415.jpg,cardboard,train
cardboard/cardboard_417.jpg,cardboard,train
cardboard/cardboard_418.jpg,cardboard,train
cardboard/cardboard_421.jpg,cardboard,train
cardboard/cardboard_423.jpg,cardboard,train
cardboard/cardboard_425.jpg,cardboard,train
cardboard/cardboard_428.jpg,cardboard,train
cardboard/cardboard_429.jpg,cardboard,train
cardboard/cardboard_430.jpg,cardboard,train
cardboard/cardboard_431.jpg,cardboard,train
cardboard/cardboard_432.jpg,cardboard,train
cardboard/cardboard_434.jpg,cardboard,train
cardboard/cardboard_435.jpg,cardboard,train
cardboard/cardboard_437.jpg,cardboard,train
cardboard/cardboard_44.jpg,cardboard,train
cardboard/cardboard_442.jpg,cardboard,train
cardboard/cardboard_443.jpg,cardboard,train
cardboard/cardboard_444.jpg,cardboard,train
cardboard/cardboard_446.jpg,cardboard,train
cardboard/cardboard_448.jpg,cardboard,train
cardboard/cardboard_449.jpg,cardboard,train
cardboard/cardboard_452.jpg,cardboard,train
cardboard/cardboard_454.jpg,cardboard,train
cardboard/cardboard_455.jpg,cardboard,train
cardboard/cardboard_456.jpg,cardboard,train
cardboard/cardboard_457.jpg,cardboard,train
cardboard/cardboard_46.jpg,cardboard,train
cardboard/cardboard_460.jpg,cardboard,train
cardboard/cardboard_464.jpg,cardboard,train
cardboard/cardboard_465.jpg,cardboard,train
cardboard/cardboard_466.jpg,cardboard,train
cardboard/cardboard_467.jpg,cardboard,train
cardboard/cardboard_469.jpg,cardboard,train
cardboard/cardboard_472.jpg,cardboard,train
cardboard/cardboard_473.jpg,cardboard,train
cardboard/cardboard_474.jpg,cardboard,train
cardboard/cardboard_475.jpg,cardboard,train
cardboard/cardboard_477.jpg,cardboard,train
cardboard/cardboard_478.jpg,cardboard,train
cardboard/cardboard_482.jpg,cardboard,train
cardboard/cardboard_485.jpg,cardboard,train
cardboard/cardboard_489.jpg,cardboard,train
cardboard/cardboard_49.jpg,cardboard,train
cardboard/cardboard_490.jpg,cardboard,train
cardboard/cardboard_491.jpg,cardboard,train
cardboard/cardboard_492.jpg,cardboard,train
cardboard/cardboard_493.jpg,cardboard,train
cardboard/cardboard_496.jpg,cardboard,train
cardboard/cardboard_498.jpg,cardboard,train
cardboard/cardboard_499.jpg,cardboard,train
cardboard/cardboard_50.jpg,cardboard,train
cardboard/cardboard_501.jpg,cardboard,train
cardboard/cardboard_502.jpg,cardboard,train
cardboard/cardboard_503.jpg,cardboard,train
cardboard/cardboard_505.jpg,cardboard,train
cardboard/cardboard_507.jpg,cardboard,train
cardboard/cardboard_508.jpg,cardboard,train
cardboard/cardboard_51.jpg,cardboard,train
cardboard/cardboard_510.jpg,cardboard,train
cardboard/cardboard_513.jpg,cardboard,train
cardboard/cardboard_514.jpg,cardboard,train
cardboard/cardboard_516.jpg,cardboard,train
cardboard/cardboard_517.jpg,cardboard,train
cardboard/cardboard_52.jpg,cardboard,train
cardboard/cardboard_520.jpg,cardboard,train
cardboard/cardboard_523.jpg,cardboard,train
cardboard/cardboard_524.jpg,cardboard,train
cardboard/cardboard_527.jpg,cardboard,train
cardboard/cardboard_528.jpg,cardboard,train
cardboard/cardboard_53.jpg,cardboard,train
cardboard/cardboard_532.jpg,cardboard,train
cardboard/cardboard_534.jpg,cardboard,train
cardboard/cardboard_535.jpg,cardboard,train
cardboard/cardboard_539.jpg,cardboard,train
cardboard/cardboard_545.jpg,cardboard,train
cardboard/cardboard_55.jpg,cardboard,train
cardboard/cardboard_550.jpg,cardboard,train
cardboard/cardboard_552.jpg,cardboard,train
cardboard/cardboard_553.jpg,cardboard,train
cardboard/cardboard_556.jpg,cardboard,train
cardboard/cardboard_557.jpg,cardboard,train
cardboard/cardboard_558.jpg,cardboard,train
cardboard/cardboard_56.jpg,cardboard,train
cardboard/cardboard_560.jpg,cardboard,train
cardboard/cardboard_561.jpg,cardboard,train
cardboard/cardboard_563.jpg,cardboard,train
cardboard/cardboard_564.jpg,cardboard,train
cardboard/cardboard_565.jpg,cardboard,train
cardboard/cardboard_566.jpg,cardboard,train
cardboard/cardboard_568.jpg,cardboard,train
cardboard/cardboard_571.jpg,cardboard,train
cardboard/cardboard_572.jpg,cardboard,train
cardboard/cardboard_574.jpg,cardboard,train
cardboard/cardboard_576.jpg,cardboard,train
cardboard/cardboard_579.jpg,cardboard,train
cardboard/cardboard_58.jpg,cardboard,train
cardboard/cardboard_585.jpg,cardboard,train
cardboard/cardboard_588.jpg,cardboard,train
cardboard/cardboard_589.jpg,cardboard,train
cardboard/cardboard_59.jpg,cardboard,train
cardboard/cardboard_592.jpg,cardboard,train
cardboard/cardboard_594.jpg,cardboard,train
cardboard/cardboard_595.jpg,cardboard,train
cardboard/cardboard_596.jpg,cardboard,train
cardboard/cardboard_6.jpg,cardboard,train
cardboard/cardboard_60.jpg,cardboard,train
cardboard/cardboard_600.jpg,cardboard,train
cardboard/cardboard_602.jpg,cardboard,train
cardboard/cardboard_603.jpg,cardboard,train
cardboard/cardboard_604.jpg,cardboard,train
cardboard/cardboard_605.jpg,cardboard,train
cardboard/cardboard_610.jpg,cardboard,train
cardboard/cardboard_611.jpg,cardboard,train
cardboard/cardboard_612.jpg,cardboard,train
cardboard/cardboard_613.jpg,cardboard,train
cardboard/cardboard_615.jpg,cardboard,train
cardboard/cardboard_617.jpg,cardboard,train
cardboard/cardboard_618.jpg,cardboard,train
cardboard/cardboard_619.jpg,cardboard,train
cardboard/cardboard_62.jpg,cardboard,train
cardboard/cardboard_620.jpg,cardboard,train
cardboard/cardboard_621.jpg,cardboard,train
cardboard/cardboard_622.jpg,cardboard,train
cardboard/cardboard_623.jpg,cardboard,train
cardboard/cardboard_626.jpg,cardboard,train
cardboard/cardboard_627.jpg,cardboard,train
cardboard/cardboard_628.jpg,cardboard,train
cardboard/cardboard_629.jpg,cardboard,train
cardboard/cardboard_632.jpg,cardboard,train
cardboard/cardboard_635.jpg,cardboard,train
cardboard/cardboard_636.jpg,cardboard,train
cardboard/cardboard_637.jpg,cardboard,train
cardboard/cardboard_64.jpg,cardboard,train
cardboard/cardboard_641.jpg,cardboard,train
cardboard/cardboard_642.jpg,cardboard,train
cardboard/cardboard_647.jpg,cardboard,train
cardboard/cardboard_648.jpg,cardboard,train
cardboard/cardboard_649.jpg,cardboard,train
cardboard/cardboard_650.jpg,cardboard,train
cardboard/cardboard_651.jpg,cardboard,train
cardboard/cardboard_652.jpg,cardboard,train
cardboard/cardboard_653.jpg,cardboard,train
cardboard/cardboard_654.jpg,cardboard,train
cardboard/cardboard_656.jpg,cardboard,train
cardboard/cardboard_660.jpg,cardboard,train
cardboard/cardboard_661.jpg,cardboard,train
cardboard/cardboard_663.jpg,cardboard,train
cardboard/cardboard_665.jpg,cardboard,train
cardboard/cardboard_668.jpg,cardboard,train
cardboard/cardboard_669.jpg,cardboard,train
cardboard/cardboard_67.jpg,cardboard,train
cardboard/cardboard_670.jpg,cardboard,train
cardboard/cardboard_672.jpg,cardboard,train
cardboard/cardboard_673.jpg,cardboard,train
cardboard/cardboard_674.jpg,cardboard,train
cardboard/cardboard_675.jpg,cardboard,train
cardboard/cardboard_677.jpg,cardboard,train
cardboard/cardboard_678.jpg,cardboard,train
cardboard/cardboard_679.jpg,cardboard,train
cardboard/cardboard_681.jpg,cardboard,train
cardboard/cardboard_683.jpg,cardboard,train
cardboard/cardboard_685.jpg,cardboard,train
cardboard/cardboard_69.jpg,cardboard,train
cardboard/cardboard_691.jpg,cardboard,train
cardboard/cardboard_692.jpg,cardboard,train
cardboard/cardboard_694.jpg,cardboard,train
cardboard/cardboard_697.jpg,cardboard,train
cardboard/cardboard_7.jpg,cardboard,train
cardboard/cardboard_700.jpg,cardboard,train
cardboard/cardboard_703.jpg,cardboard,train
cardboard/cardboard_705.jpg,cardboard,train
cardboard/cardboard_706.jpg,cardboard,train
cardboard/cardboard_71.jpg,cardboard,train
cardboard/cardboard_710.jpg,cardboard,train
cardboard/cardboard_711.jpg,cardboard,train
cardboard/cardboard_712.jpg,cardboard,train
cardboard/cardboard_714.jpg,cardboard,train
cardboard/cardboard_715.jpg,cardboard,train
cardboard/cardboard_716.jpg,cardboard,train
cardboard/cardboard_719.jpg,cardboard,train
cardboard/cardboard_720.jpg,cardboard,train
cardboard/cardboard_723.jpg,cardboard,train
cardboard/cardboard_725.jpg,cardboard,train
cardboard/cardboard_726.jpg,cardboard,train
cardboard/cardboard_727.jpg,cardboard,train
cardboard/cardboard_728.jpg,cardboard,train
cardboard/cardboard_729.jpg,cardboard,train
cardboard/cardboard_73.jpg,cardboard,train
cardboard/cardboard_730.jpg,cardboard,train
cardboard/cardboard_732.jpg,cardboard,train
cardboard/cardboard_733.jpg,cardboard,train
cardboard/cardboard_734.jpg,cardboard,train
cardboard/cardboard_735.jpg,cardboard,train
cardboard/cardboard_736.jpg,cardboard,train
cardboard/cardboard_737.jpg,cardboard,train
cardboard/cardboard_739.jpg,cardboard,train
cardboard/cardboard_74.jpg,cardboard,train
cardboard/cardboard_741.jpg,cardboard,train
cardboard/cardboard_742.jpg,cardboard,train
cardboard/cardboard_743.jpg,cardboard,train
cardboard/cardboard_744.jpg,cardboard,train
cardboard/cardboard_745.jpg,cardboard,train
cardboard/cardboard_755.jpg,cardboard,train
cardboard/cardboard_757.jpg,cardboard,train
cardboard/cardboard_760.jpg,cardboard,train
cardboard/cardboard_763.jpg,cardboard,train
cardboard/cardboard_766.jpg,cardboard,train
cardboard/cardboard_77.jpg,cardboard,train
cardboard/cardboard_771.jpg,cardboard,train
cardboard/cardboard_772.jpg,cardboard,train
cardboard/cardboard_775.jpg,cardboard,train
cardboard/cardboard_777.jpg,cardboard,train
cardboard/cardboard_78.jpg,cardboard,train
cardboard/cardboard_780.jpg,cardboard,train
cardboard/cardboard_781.jpg,cardboard,train
cardboard/cardboard_782.jpg,cardboard,train
cardboard/cardboard_785.jpg,cardboard,train
cardboard/cardboard_788.jpg,cardboard,train
cardboard/cardboard_789.jpg,cardboard,train
cardboard/cardboard_790.jpg,cardboard,train
cardboard/cardboard_793.jpg,cardboard,train
cardboard/cardboard_795.jpg,cardboard,train
cardboard/cardboard_799.jpg,cardboard,train
cardboard/cardboard_8.jpg,cardboard,train
cardboard/cardboard_800.jpg,cardboard,train
cardboard/cardboard_803.jpg,cardboard,train
cardboard/cardboard_806.jpg,cardboard,train
cardboard/cardboard_808.jpg,cardboard,train
cardboard/cardboard_81.jpg,cardboard,train
cardboard/cardboard_811.jpg,cardboard,train
cardboard/cardboard_813.jpg,cardboard,train
cardboard/cardboard_815.jpg,cardboard,train
cardboard/cardboard_818.jpg,cardboard,train
cardboard/cardboard_819.jpg,cardboard,train
cardboard/cardboard_82.jpg,cardboard,train
cardboard/cardboard_820.jpg,cardboard,train
cardboard/cardboard_822.jpg,cardboard,train
cardboard/cardboard_825.jpg,cardboard,train
cardboard/cardboard_829.jpg,cardboard,train
cardboard/cardboard_83.jpg,cardboard,train
cardboard/cardboard_830.jpg,cardboard,train
cardboard/cardboard_831.jpg,cardboard,train
cardboard/cardboard_833.jpg,cardboard,train
cardboard/cardboard_834.jpg,cardboard,train
cardboard/cardboard_835.jpg,cardboard,train
cardboard/cardboard_837.jpg,cardboard,train
cardboard/cardboard_839.jpg,cardboard,train
cardboard/cardboard_84.jpg,cardboard,train
cardboard/cardboard_840.jpg,cardboard,train
cardboard/cardboard_841.jpg,cardboard,train
cardboard/cardboard_842.jpg,cardboard,train
cardboard/cardboard_844.jpg,cardboard,train
cardboard/cardboard_846.jpg,cardboard,train
cardboard/cardboard_847.jpg,cardboard,train
cardboard/cardboard_85.jpg,cardboard,train
cardboard/cardboard_850.jpg,cardboard,train
cardboard/cardboard_851.jpg,cardboard,train
cardboard/cardboard_854.jpg,cardboard,train
cardboard/cardboard_857.jpg,cardboard,train
cardboard/cardboard_858.jpg,cardboard,train
cardboard/cardboard_859.jpg,cardboard,train
cardboard/cardboard_860.jpg,cardboard,train
cardboard/cardboard_861.jpg,cardboard,train
cardboard/cardboard_862.jpg,cardboard,train
cardboard/cardboard_863.jpg,cardboard,train
cardboard/cardboard_864.jpg,cardboard,train
cardboard/cardboard_867.jpg,cardboard,train
cardboard/cardboard_868.jpg,cardboard,train
cardboard/cardboard_872.jpg,cardboard,train
cardboard/cardboard_873.jpg,cardboard,train
cardboard/cardboard_875.jpg,cardboard,train
cardboard/cardboard_877.jpg,cardboard,train
cardboard/cardboard_879.jpg,cardboard,train
cardboard/cardboard_880.jpg,cardboard,train
cardboard/cardboard_881.jpg,cardboard,train
cardboard/cardboard_885.jpg,cardboard,train
cardboard/cardboard_886.jpg,cardboard,train
cardboard/cardboard_887.jpg,cardboard,train
cardboard/cardboard_89.jpg,cardboard,train
cardboard/cardboard_891.jpg,cardboard,train
cardboard/cardboard_892.jpg,cardboard,train
cardboard/cardboard_898.jpg,cardboard,train
cardboard/cardboard_899.jpg,cardboard,train
cardboard/cardboard_900.jpg,cardboard,train
cardboard/cardboard_902.jpg,cardboard,train
cardboard/cardboard_905.jpg,cardboard,train
cardboard/cardboard_908.jpg,cardboard,train
cardboard/cardboard_91.jpg,cardboard,train
cardboard/cardboard_911.jpg,cardboard,train
cardboard/cardboard_912.jpg,cardboard,train
cardboard/cardboard_914.jpg,cardboard,train
cardboard/cardboard_915.jpg,cardboard,train
cardboard/cardboard_916.jpg,cardboard,train
cardboard/cardboard_919.jpg,cardboard,train
cardboard/cardboard_92.jpg,cardboard,train
cardboard/cardboard_920.jpg,cardboard,train
cardboard/cardboard_923.jpg,cardboard,train
cardboard/cardboard_924.jpg,cardboard,train
cardboard/cardboard_926.jpg,cardboard,train
cardboard/cardboard_928.jpg,cardboard,train
cardboard/cardboard_929.jpg,cardboard,train
cardboard/cardboard_93.jpg,cardboard,train
cardboard/cardboard_931.jpg,cardboard,train
cardboard/cardboard_932.jpg,cardboard,train
cardboard/cardboard_934.jpg,cardboard,train
cardboard/cardboard_937.jpg,cardboard,train
cardboard/cardboard_938.jpg,cardboard,train
cardboard/cardboard_944.jpg,cardboard,train
cardboard/cardboard_946.jpg,cardboard,train
cardboard/cardboard_948.jpg,cardboard,train
cardboard/cardboard_949.jpg,cardboard,train
cardboard/cardboard_95.jpg,cardboard,train
cardboard/cardboard_950.jpg,cardboard,train
cardboard/cardboard_951.jpg,cardboard,train
cardboard/cardboard_952.jpg,cardboard,train
cardboard/cardboard_953.jpg,cardboard,train
cardboard/cardboard_956.jpg,cardboard,train
cardboard/cardboard_957.jpg,cardboard,train
cardboard/cardboard_96.jpg,cardboard,train
cardboard/cardboard_960.jpg,cardboard,train
cardboard/cardboard_963.jpg,cardboard,train
cardboard/cardboard_965.jpg,cardboard,train
cardboard/cardboard_969.jpg,cardboard,train
cardboard/cardboard_971.jpg,cardboard,train
cardboard/cardboard_975.jpg,cardboard,train
cardboard/cardboard_981.jpg,cardboard,train
cardboard/cardboard_982.jpg,cardboard,train
cardboard/cardboard_983.jpg,cardboard,train
cardboard/cardboard_984.jpg,cardboard,train
cardboard/cardboard_985.jpg,cardboard,train
cardboard/cardboard_986.jpg,cardboard,train
cardboard/cardboard_987.jpg,cardboard,train
cardboard/cardboard_988.jpg,cardboard,train
cardboard/cardboard_99.jpg,cardboard,train
cardboard/cardboard_991.jpg,cardboard,train
cardboard/cardboard_992.jpg,cardboard,train
cardboard/cardboard_995.jpg,cardboard,train
cardboard/cardboard_999.jpg,cardboard,train
clothes/clothes_1.jpg,clothes,train
clothes/clothes_10.jpg,clothes,train
clothes/clothes_1000.jpg,clothes,train
clothes/clothes_1001.jpg,clothes,train
clothes/clothes_1003.jpg,clothes,train
clothes/clothes_1005.jpg,clothes,train
clothes/clothes_1006.jpg,clothes,train
clothes/clothes_1007.jpg,clothes,train
clothes/clothes_1008.jpg,clothes,train
clothes/clothes_1009.jpg,clothes,train
clothes/clothes_101.jpg,clothes,train
clothes/clothes_1010.jpg,clothes,train
clothes/clothes_1011.jpg,clothes,train
clothes/clothes_1012.jpg,clothes,train
clothes/clothes_1013.jpg,clothes,train
clothes/clothes_1015.jpg,clothes,train
clothes/clothes_1016.jpg,clothes,train
clothes/clothes_1018.jpg,clothes,train
clothes/clothes_1019.jpg,clothes,train
clothes/clothes_102.jpg,clothes,train
clothes/clothes_1021.jpg,clothes,train
clothes/clothes_1022.jpg,clothes,train
clothes/clothes_1023.jpg,clothes,train
clothes/clothes_1024.jpg,clothes,train
clothes/clothes_1025.jpg,clothes,train
clothes/clothes_1026.jpg,clothes,train
clothes/clothes_1028.jpg,clothes,train
clothes/clothes_1029.jpg,clothes,train
clothes/clothes_103.jpg,clothes,train
clothes/clothes_1030.jpg,clothes,train
clothes/clothes_1031.jpg,clothes,train
clothes/clothes_1032.jpg,clothes,train
clothes/clothes_1033.jpg,clothes,train
clothes/clothes_1034.jpg,clothes,train
clothes/clothes_1035.jpg,clothes,train
clothes/clothes_1038.jpg,clothes,train
clothes/clothes_1039.jpg,clothes,train
clothes/clothes_104.jpg,clothes,train
clothes/clothes_1040.jpg,clothes,train
clothes/clothes_1041.jpg,clothes,train
clothes/clothes_1043.jpg,clothes,train
clothes/clothes_1044.jpg,clothes,train
clothes/clothes_1047.jpg,clothes,train
clothes/clothes_1048.jpg,clothes,train
clothes/clothes_1049.jpg,clothes,train
clothes/clothes_105.jpg,clothes,train
clothes/clothes_1050.jpg,clothes,train
clothes/clothes_1051.jpg,clothes,train
clothes/clothes_1053.jpg,clothes,train
clothes/clothes_1055.jpg,clothes,train
clothes/clothes_1056.jpg,clothes,train
clothes/clothes_1057.jpg,clothes,train
clothes/clothes_1058.jpg,clothes,train
clothes/clothes_106.jpg,clothes,train
clothes/clothes_1060.jpg,clothes,train
clothes/clothes_1061.jpg,clothes,train
clothes/clothes_1064.jpg,clothes,train
clothes/clothes_1065.jpg,clothes,train
clothes/clothes_1066.jpg,clothes,train
clothes/clothes_1067.jpg,clothes,train
clothes/clothes_1068.jpg,clothes,train
clothes/clothes_1069.jpg,clothes,train
clothes/clothes_107.jpg,clothes,train
clothes/clothes_1070.jpg,clothes,train
clothes/clothes_1071.jpg,clothes,train
clothes/clothes_1074.jpg,clothes,train
clothes/clothes_1077.jpg,clothes,train
clothes/clothes_1078.jpg,clothes,train
clothes/clothes_1080.jpg,clothes,train
clothes/clothes_1081.jpg,clothes,train
clothes/clothes_1082.jpg,clothes,train
clothes/clothes_1083.jpg,clothes,train
clothes/clothes_1084.jpg,clothes,train
clothes/clothes_1085.jpg,clothes,train
clothes/clothes_1086.jpg,clothes,train
clothes/clothes_1087.jpg,clothes,train
clothes/clothes_1088.jpg,clothes,train
clothes/clothes_1089.jpg,clothes,train
clothes/clothes_109.jpg,clothes,train
clothes/clothes_1091.jpg,clothes,train
clothes/clothes_1093.jpg,clothes,train
clothes/clothes_1094.jpg,clothes,train
clothes/clothes_1095.jpg,clothes,train
clothes/clothes_1096.jpg,clothes,train
clothes/clothes_1098.jpg,clothes,train
clothes/clothes_1099.jpg,clothes,train
clothes/clothes_1102.jpg,clothes,train
clothes/clothes_1103.jpg,clothes,train
clothes/clothes_1104.jpg,clothes,train
clothes/clothes_1105.jpg,clothes,train
clothes/clothes_1107.jpg,clothes,train
clothes/clothes_1108.jpg,clothes,train
clothes/clothes_1109.jpg,clothes,train
clothes/clothes_111.jpg,clothes,train
clothes/clothes_1110.jpg,clothes,train
clothes/clothes_1111.jpg,clothes,train
clothes/clothes_1114.jpg,clothes,train
clothes/clothes_1115.jpg,clothes,train
clothes/clothes_1116.jpg,clothes,train
clothes/clothes_1117.jpg,clothes,train
clothes/clothes_1118.jpg,clothes,train
clothes/clothes_1121.jpg,clothes,train
clothes/clothes_1122.jpg,clothes,train
clothes/clothes_1124.jpg,clothes,train
clothes/clothes_1125.jpg,clothes,train
clothes/clothes_1127.jpg,clothes,train
clothes/clothes_1129.jpg,clothes,train
clothes/clothes_1130.jpg,clothes,train
clothes/clothes_1132.jpg,clothes,train
clothes/clothes_1137.jpg,clothes,train
clothes/clothes_1139.jpg,clothes,train
clothes/clothes_114.jpg,clothes,train
clothes/clothes_1141.jpg,clothes,train
clothes/clothes_1145.jpg,clothes,train
clothes/clothes_1146.jpg,clothes,train
clothes/clothes_1149.jpg,clothes,train
clothes/clothes_115.jpg,clothes,train
clothes/clothes_1150.jpg,clothes,train
clothes/clothes_1152.jpg,clothes,train
clothes/clothes_1153.jpg,clothes,train
clothes/clothes_1154.jpg,clothes,train
clothes/clothes_1157.jpg,clothes,train
clothes/clothes_1158.jpg,clothes,train
clothes/clothes_1159.jpg,clothes,train
clothes/clothes_116.jpg,clothes,train
clothes/clothes_1160.jpg,clothes,train
clothes/clothes_1161.jpg,clothes,train
clothes/clothes_1162.jpg,clothes,train
clothes/clothes_1164.jpg,clothes,train
clothes/clothes_1165.jpg,clothes,train
clothes/clothes_1167.jpg,clothes,train
clothes/clothes_1168.jpg,clothes,train
clothes/clothes_1169.jpg,clothes,train
clothes/clothes_117.jpg,clothes,train
clothes/clothes_1175.jpg,clothes,train
clothes/clothes_1176.jpg,clothes,train
clothes/clothes_1177.jpg,clothes,train
clothes/clothes_1178.jpg,clothes,train
clothes/clothes_1179.jpg,clothes,train
clothes/clothes_1186.jpg,clothes,train
clothes/clothes_1188.jpg,clothes,train
clothes/clothes_1189.jpg,clothes,train
clothes/clothes_119.jpg,clothes,train
clothes/clothes_1190.jpg,clothes,train
clothes/clothes_1191.jpg,clothes,train
clothes/clothes_1193.jpg,clothes,train
clothes/clothes_1194.jpg,clothes,train
clothes/clothes_1195.jpg,clothes,train
clothes/clothes_1197.jpg,clothes,train
clothes/clothes_1198.jpg,clothes,train
clothes/clothes_1199.jpg,clothes,train
clothes/clothes_12.jpg,clothes,train
clothes/clothes_120.jpg,clothes,train
clothes/clothes_1202.jpg,clothes,train
clothes/clothes_1203.jpg,clothes,train
clothes/clothes_1204.jpg,clothes,train
clothes/clothes_1205.jpg,clothes,train
clothes/clothes_1206.jpg,clothes,train
clothes/clothes_1208.jpg,clothes,train
clothes/clothes_121.jpg,clothes,train
clothes/clothes_1210.jpg,clothes,train
clothes/clothes_1211.jpg,clothes,train
clothes/clothes_1213.jpg,clothes,train
clothes/clothes_1214.jpg,clothes,train
clothes/clothes_1216.jpg,clothes,train
clothes/clothes_1217.jpg,clothes,train
clothes/clothes_1219.jpg,clothes,train
clothes/clothes_122.jpg,clothes,train
clothes/clothes_1220.jpg,clothes,train
clothes/clothes_1221.jpg,clothes,train
clothes/clothes_1224.jpg,clothes,train
clothes/clothes_1225.jpg,clothes,train
clothes/clothes_1227.jpg,clothes,train
clothes/clothes_1228.jpg,clothes,train
clothes/clothes_1229.jpg,clothes,train
clothes/clothes_123.jpg,clothes,train
clothes/clothes_1230.jpg,clothes,train
clothes/clothes_1231.jpg,clothes,train
clothes/clothes_1232.jpg,clothes,train
clothes/clothes_1233.jpg,clothes,train
clothes/clothes_1234.jpg,clothes,train
clothes/clothes_1235.jpg,clothes,train
clothes/clothes_1236.jpg,clothes,train
clothes/clothes_1237.jpg,clothes,train
clothes/clothes_1238.jpg,clothes,train
clothes/clothes_1239.jpg,clothes,train
clothes/clothes_1244.jpg,clothes,train
clothes/clothes_1245.jpg,clothes,train
clothes/clothes_125.jpg,clothes,train
clothes/clothes_1250.jpg,clothes,train
clothes/clothes_1251.jpg,clothes,train
clothes/clothes_1252.jpg,clothes,train
clothes/clothes_1254.jpg,clothes,train
clothes/clothes_1255.jpg,clothes,train
clothes/clothes_1256.jpg,clothes,train
clothes/clothes_1257.jpg,clothes,train
clothes/clothes_1258.jpg,clothes,train
clothes/clothes_126.jpg,clothes,train
clothes/clothes_1260.jpg,clothes,train
clothes/clothes_1262.jpg,clothes,train
clothes/clothes_1264.jpg,clothes,train
clothes/clothes_1265.jpg,clothes,train
clothes/clothes_1266.jpg,clothes,train
clothes/clothes_1268.jpg,clothes,train
clothes/clothes_1269.jpg,clothes,train
clothes/clothes_127.jpg,clothes,train
clothes/clothes_1270.jpg,clothes,train
clothes/clothes_1271.jpg,clothes,train
clothes/clothes_1272.jpg,clothes,train
clothes/clothes_1274.jpg,clothes,train
clothes/clothes_1276.jpg,clothes,train
clothes/clothes_1279.jpg,clothes,train
clothes/clothes_128.jpg,clothes,train
clothes/clothes_1280.jpg,clothes,train
clothes/clothes_1282.jpg,clothes,train
clothes/clothes_1283.jpg,clothes,train
clothes/clothes_1284.jpg,clothes,train
clothes/clothes_1285.jpg,clothes,train
clothes/clothes_1286.jpg,clothes,train
clothes/clothes_1287.jpg,clothes,train
clothes/clothes_1288.jpg,clothes,train
clothes/clothes_1289.jpg,clothes,train
clothes/clothes_129.jpg,clothes,train
clothes/clothes_1290.jpg,clothes,train
clothes/clothes_1291.jpg,clothes,train
clothes/clothes_1292.jpg,clothes,train
clothes/clothes_1294.jpg,clothes,train
clothes/clothes_1295.jpg,clothes,train
clothes/clothes_1296.jpg,clothes,train
clothes/clothes_1297.jpg,clothes,train
clothes/clothes_1298.jpg,clothes,train
clothes/clothes_1299.jpg,clothes,train
clothes/clothes_13.jpg,clothes,train
clothes/clothes_130.jpg,clothes,train
clothes/clothes_1301.jpg,clothes,train
clothes/clothes_1302.jpg,clothes,train
clothes/clothes_1303.jpg,clothes,train
clothes/clothes_1304.jpg,clothes,train
clothes/clothes_1306.jpg,clothes,train
clothes/clothes_1307.jpg,clothes,train
clothes/clothes_1309.jpg,clothes,train
clothes/clothes_131.jpg,clothes,train
clothes/clothes_1310.jpg,clothes,train
clothes/clothes_1312.jpg,clothes,train
clothes/clothes_1313.jpg,clothes,train
clothes/clothes_1314.jpg,clothes,train
clothes/clothes_1315.jpg,clothes,train
clothes/clothes_1316.jpg,clothes,train
clothes/clothes_1317.jpg,clothes,train
clothes/clothes_132.jpg,clothes,train
clothes/clothes_1320.jpg,clothes,train
clothes/clothes_1322.jpg,clothes,train
clothes/clothes_1323.jpg,clothes,train
clothes/clothes_1324.jpg,clothes,train
clothes/clothes_1325.jpg,clothes,train
clothes/clothes_1326.jpg,clothes,train
clothes/clothes_1329.jpg,clothes,train
clothes/clothes_1332.jpg,clothes,train
clothes/clothes_1333.jpg,clothes,train
clothes/clothes_1334.jpg,clothes,train
clothes/clothes_1336.jpg,clothes,train
clothes/clothes_1337.jpg,clothes,train
clothes/clothes_1338.jpg,clothes,train
clothes/clothes_1339.jpg,clothes,train
clothes/clothes_134.jpg,clothes,train
clothes/clothes_1340.jpg,clothes,train
clothes/clothes_1341.jpg,clothes,train
clothes/clothes_1342.jpg,clothes,train
clothes/clothes_1344.jpg,clothes,train
clothes/clothes_1345.jpg,clothes,train
clothes/clothes_1347.jpg,clothes,train
clothes/clothes_1348.jpg,clothes,train
clothes/clothes_135.jpg,clothes,train
clothes/clothes_1350.jpg,clothes,train
clothes/clothes_1352.jpg,clothes,train
clothes/clothes_1353.jpg,clothes,train
clothes/clothes_1354.jpg,clothes,train
clothes/clothes_1355.jpg,clothes,train
clothes/clothes_1356.jpg,clothes,train
clothes/clothes_1357.jpg,clothes,train
clothes/clothes_1358.jpg,clothes,train
clothes/clothes_1359.jpg,clothes,train
clothes/clothes_136.jpg,clothes,train
clothes/clothes_1360.jpg,clothes,train
clothes/clothes_1361.jpg,clothes,train
clothes/clothes_1365.jpg,clothes,train
clothes/clothes_1366.jpg,clothes,train
clothes/clothes_1367.jpg,clothes,train
clothes/clothes_1368.jpg,clothes,train
clothes/clothes_1369.jpg,clothes,train
clothes/clothes_137.jpg,clothes,train
clothes/clothes_1370.jpg,clothes,train
clothes/clothes_1371.jpg,clothes,train
clothes/clothes_1372.jpg,clothes,train
clothes/clothes_1373.jpg,clothes,train
clothes/clothes_1374.jpg,clothes,train
clothes/clothes_1375.jpg,clothes,train
clothes/clothes_1376.jpg,clothes,train
clothes/clothes_1377.jpg,clothes,train
clothes/clothes_1378.jpg,clothes,train
clothes/clothes_1380.jpg,clothes,train
clothes/clothes_1381.jpg,clothes,train
clothes/clothes_1382.jpg,clothes,train
clothes/clothes_1383.jpg,clothes,train
clothes/clothes_1385.jpg,clothes,train
clothes/clothes_1386.jpg,clothes,train
clothes/clothes_1388.jpg,clothes,train
clothes/clothes_139.jpg,clothes,train
clothes/clothes_1390.jpg,clothes,train
clothes/clothes_1391.jpg,clothes,train
clothes/clothes_1392.jpg,clothes,train
clothes/clothes_1393.jpg,clothes,train
clothes/clothes_1394.jpg,clothes,train
clothes/clothes_1395.jpg,clothes,train
clothes/clothes_1396.jpg,clothes,train
clothes/clothes_1398.jpg,clothes,train
clothes/clothes_14.jpg,clothes,train
clothes/clothes_1400.jpg,clothes,train
clothes/clothes_1402.jpg,clothes,train
clothes/clothes_1403.jpg,clothes,train
clothes/clothes_1405.jpg,clothes,train
clothes/clothes_1406.jpg,clothes,train
clothes/clothes_1407.jpg,clothes,train
clothes/clothes_1408.jpg,clothes,train
clothes/clothes_1409.jpg,clothes,train
clothes/clothes_141.jpg,clothes,train
clothes/clothes_1410.jpg,clothes,train
clothes/clothes_1413.jpg,clothes,train
clothes/clothes_1415.jpg,clothes,train
clothes/clothes_1417.jpg,clothes,train
clothes/clothes_1418.jpg,clothes,train
clothes/clothes_1419.jpg,clothes,train
clothes/clothes_142.jpg,clothes,train
clothes/clothes_1420.jpg,clothes,train
clothes/clothes_1423.jpg,clothes,train
clothes/clothes_1424.jpg,clothes,train
clothes/clothes_1425.jpg,clothes,train
clothes/clothes_1426.jpg,clothes,train
clothes/clothes_1427.jpg,clothes,train
clothes/clothes_1428.jpg,clothes,train
clothes/clothes_1429.jpg,clothes,train
clothes/clothes_143.jpg,clothes,train
clothes/clothes_1430.jpg,clothes,train
clothes/clothes_1431.jpg,clothes,train
clothes/clothes_1432.jpg,clothes,train
clothes/clothes_1433.jpg,clothes,train
clothes/clothes_1435.jpg,clothes,train
clothes/clothes_1436.jpg,clothes,train
clothes/clothes_1437.jpg,clothes,train
clothes/clothes_1440.jpg,clothes,train
clothes/clothes_1443.jpg,clothes,train
clothes/clothes_1445.jpg,clothes,train
clothes/clothes_1448.jpg,clothes,train
clothes/clothes_1449.jpg,clothes,train
clothes/clothes_145.jpg,clothes,train
clothes/clothes_1450.jpg,clothes,train
clothes/clothes_1451.jpg,clothes,train
clothes/clothes_1453.jpg,clothes,train
clothes/clothes_1454.jpg,clothes,train
clothes/clothes_1455.jpg,clothes,train
clothes/clothes_1457.jpg,clothes,train
clothes/clothes_1458.jpg,clothes,train
clothes/clothes_1459.jpg,clothes,train
clothes/clothes_146.jpg,clothes,train
clothes/clothes_1460.jpg,clothes,train
clothes/clothes_1465.jpg,clothes,train
clothes/clothes_1468.jpg,clothes,train
clothes/clothes_1469.jpg,clothes,train
clothes/clothes_147.jpg,clothes,train
clothes/clothes_1470.jpg,clothes,train
clothes/clothes_1472.jpg,clothes,train
clothes/clothes_1473.jpg,clothes,train
clothes/clothes_1476.jpg,clothes,train
clothes/clothes_1478.jpg,clothes,train
clothes/clothes_1479.jpg,clothes,train
clothes/clothes_148.jpg,clothes,train
clothes/clothes_1480.jpg,clothes,train
clothes/clothes_1482.jpg,clothes,train
clothes/clothes_1483.jpg,clothes,train
clothes/clothes_1485.jpg,clothes,train
clothes/clothes_1486.jpg,clothes,train
clothes/clothes_1487.jpg,clothes,train
clothes/clothes_1488.jpg,clothes,train
clothes/clothes_1489.jpg,clothes,train
clothes/clothes_149.jpg,clothes,train
clothes/clothes_1490.jpg,clothes,train
clothes/clothes_1491.jpg,clothes,train
clothes/clothes_1492.jpg,clothes,train
clothes/clothes_1493.jpg,clothes,train
clothes/clothes_1494.jpg,clothes,train
clothes/clothes_1496.jpg,clothes,train
clothes/clothes_1497.jpg,clothes,train
clothes/clothes_1498.jpg,clothes,train
clothes/clothes_15.jpg,clothes,train
clothes/clothes_150.jpg,clothes,train
clothes/clothes_1500.jpg,clothes,train
clothes/clothes_1503.jpg,clothes,train
clothes/clothes_1504.jpg,clothes,train
clothes/clothes_1505.jpg,clothes,train
clothes/clothes_1506.jpg,clothes,train
clothes/clothes_1507.jpg,clothes,train
clothes/clothes_1509.jpg,clothes,train
clothes/clothes_151.jpg,clothes,train
clothes/clothes_1510.jpg,clothes,train
clothes/clothes_1512.jpg,clothes,train
clothes/clothes_1514.jpg,clothes,train
clothes/clothes_1516.jpg,clothes,train
clothes/clothes_1517.jpg,clothes,train
clothes/clothes_1518.jpg,clothes,train
clothes/clothes_1519.jpg,clothes,train
clothes/clothes_152.jpg,clothes,train
clothes/clothes_1521.jpg,clothes,train
clothes/clothes_1522.jpg,clothes,train
clothes/clothes_1525.jpg,clothes,train
clothes/clothes_1526.jpg,clothes,train
clothes/clothes_1527.jpg,clothes,train
clothes/clothes_1528.jpg,clothes,train
clothes/clothes_153.jpg,clothes,train
clothes/clothes_1530.jpg,clothes,train
clothes/clothes_1531.jpg,clothes,train
clothes/clothes_1532.jpg,clothes,train
clothes/clothes_1533.jpg,clothes,train
clothes/clothes_1534.jpg,clothes,train
clothes/clothes_1536.jpg,clothes,train
clothes/clothes_1537.jpg,clothes,train
clothes/clothes_1538.jpg,clothes,train
clothes/clothes_154.jpg,clothes,train
clothes/clothes_1541.jpg,clothes,train
clothes/clothes_1542.jpg,clothes,train
clothes/clothes_1544.jpg,clothes,train
clothes/clothes_1546.jpg,clothes,train
clothes/clothes_1548.jpg,clothes,train
clothes/clothes_1549.jpg,clothes,train
clothes/clothes_155.jpg,clothes,train
clothes/clothes_1550.jpg,clothes,train
clothes/clothes_1553.jpg,clothes,train
clothes/clothes_1554.jpg,clothes,train
clothes/clothes_1555.jpg,clothes,train
clothes/clothes_1557.jpg,clothes,train
clothes/clothes_1558.jpg,clothes,train
clothes/clothes_1559.jpg,clothes,train
clothes/clothes_156.jpg,clothes,train
clothes/clothes_1560.jpg,clothes,train
clothes/clothes_1561.jpg,clothes,train
clothes/clothes_1562.jpg,clothes,train
clothes/clothes_1565.jpg,clothes,train
clothes/clothes_1567.jpg,clothes,train
clothes/clothes_1568.jpg,clothes,train
clothes/clothes_1569.jpg,clothes,train
clothes/clothes_1570.jpg,clothes,train
clothes/clothes_1572.jpg,clothes,train
clothes/clothes_1573.jpg,clothes,train
clothes/clothes_1574.jpg,clothes,train
clothes/clothes_1575.jpg,clothes,train
clothes/clothes_1576.jpg,clothes,train
clothes/clothes_1577.jpg,clothes,train
clothes/clothes_1580.jpg,clothes,train
clothes/clothes_1581.jpg,clothes,train
clothes/clothes_1582.jpg,clothes,train
clothes/clothes_1585.jpg,clothes,train
clothes/clothes_1586.jpg,clothes,train
clothes/clothes_1587.jpg,clothes,train
clothes/clothes_1589.jpg,clothes,train
clothes/clothes_1592.jpg,clothes,train
clothes/clothes_1595.jpg,clothes,train
clothes/clothes_1596.jpg,clothes,train
clothes/clothes_1597.jpg,clothes,train
clothes/clothes_1598.jpg,clothes,train
clothes/clothes_16.jpg,clothes,train
clothes/clothes_160.jpg,clothes,train
clothes/clothes_1602.jpg,clothes,train
clothes/clothes_1603.jpg,clothes,train
clothes/clothes_1606.jpg,clothes,train
clothes/clothes_1607.jpg,clothes,train
clothes/clothes_1609.jpg,clothes,train
clothes/clothes_1611.jpg,clothes,train
clothes/clothes_1612.jpg,clothes,train
clothes/clothes_1613.jpg,clothes,train
clothes/clothes_1614.jpg,clothes,train
clothes/clothes_1615.jpg,clothes,train
clothes/clothes_1616.jpg,clothes,train
clothes/clothes_1618.jpg,clothes,train
clothes/clothes_1620.jpg,clothes,train
clothes/clothes_1622.jpg,clothes,train
clothes/clothes_1623.jpg,clothes,train
clothes/clothes_1624.jpg,clothes,train
clothes/clothes_1625.jpg,clothes,train
clothes/clothes_1626.jpg,clothes,train
clothes/clothes_1629.jpg,clothes,train
clothes/clothes_163.jpg,clothes,train
clothes/clothes_1630.jpg,clothes,train
clothes/clothes_1631.jpg,clothes,train
clothes/clothes_1632.jpg,clothes,train
clothes/clothes_1633.jpg,clothes,train
clothes/clothes_1634.jpg,clothes,train
clothes/clothes_1635.jpg,clothes,train
clothes/clothes_1636.jpg,clothes,train
clothes/clothes_1638.jpg,clothes,train
clothes/clothes_1639.jpg,clothes,train
clothes/clothes_164.jpg,clothes,train
clothes/clothes_1640.jpg,clothes,train
clothes/clothes_1641.jpg,clothes,train
clothes/clothes_1642.jpg,clothes,train
clothes/clothes_1643.jpg,clothes,train
clothes/clothes_1645.jpg,clothes,train
clothes/clothes_1649.jpg,clothes,train
clothes/clothes_165.jpg,clothes,train
clothes/clothes_1650.jpg,clothes,train
clothes/clothes_1651.jpg,clothes,train
clothes/clothes_1652.jpg,clothes,train
clothes/clothes_1653.jpg,clothes,train
clothes/clothes_1654.jpg,clothes,train
clothes/clothes_1655.jpg,clothes,train
clothes/clothes_1656.jpg,clothes,train
clothes/clothes_1659.jpg,clothes,train
clothes/clothes_166.jpg,clothes,train
clothes/clothes_1660.jpg,clothes,train
clothes/clothes_1661.jpg,clothes,train
clothes/clothes_1662.jpg,clothes,train
clothes/clothes_1665.jpg,clothes,train
clothes/clothes_1667.jpg,clothes,train
clothes/clothes_1668.jpg,clothes,train
clothes/clothes_1669.jpg,clothes,train
clothes/clothes_167.jpg,clothes,train
clothes/clothes_1670.jpg,clothes,train
clothes/clothes_1671.jpg,clothes,train
clothes/clothes_1672.jpg,clothes,train
clothes/clothes_1673.jpg,clothes,train
clothes/clothes_1674.jpg,clothes,train
clothes/clothes_1675.jpg,clothes,train
clothes/clothes_1676.jpg,clothes,train
clothes/clothes_1678.jpg,clothes,train
clothes/clothes_1679.jpg,clothes,train
clothes/clothes_168.jpg,clothes,train
clothes/clothes_1681.jpg,clothes,train
clothes/clothes_1682.jpg,clothes,train
clothes/clothes_1684.jpg,clothes,train
clothes/clothes_1686.jpg,clothes,train
clothes/clothes_1687.jpg,clothes,train
clothes/clothes_1688.jpg,clothes,train
clothes/clothes_1689.jpg,clothes,train
clothes/clothes_169.jpg,clothes,train
clothes/clothes_1691.jpg,clothes,train
clothes/clothes_1693.jpg,clothes,train
clothes/clothes_1694.jpg,clothes,train
clothes/clothes_1695.jpg,clothes,train
clothes/clothes_1696.jpg,clothes,train
clothes/clothes_1699.jpg,clothes,train
clothes/clothes_17.jpg,clothes,train
clothes/clothes_170.jpg,clothes,train
clothes/clothes_1700.jpg,clothes,train
clothes/clothes_1701.jpg,clothes,train
clothes/clothes_1702.jpg,clothes,train
clothes/clothes_1703.jpg,clothes,train
clothes/clothes_1704.jpg,clothes,train
clothes/clothes_1705.jpg,clothes,train
clothes/clothes_1706.jpg,clothes,train
clothes/clothes_1707.jpg,clothes,train
clothes/clothes_1708.jpg,clothes,train
clothes/clothes_1709.jpg,clothes,train
clothes/clothes_171.jpg,clothes,train
clothes/clothes_1711.jpg,clothes,train
clothes/clothes_1712.jpg,clothes,train
clothes/clothes_1713.jpg,clothes,train
clothes/clothes_1716.jpg,clothes,train
clothes/clothes_1717.jpg,clothes,train
clothes/clothes_1719.jpg,clothes,train
clothes/clothes_172.jpg,clothes,train
clothes/clothes_1723.jpg,clothes,train
clothes/clothes_1724.jpg,clothes,train
clothes/clothes_1726.jpg,clothes,train
clothes/clothes_1727.jpg,clothes,train
clothes/clothes_1728.jpg,clothes,train
clothes/clothes_1729.jpg,clothes,train
clothes/clothes_173.jpg,clothes,train
clothes/clothes_1730.jpg,clothes,train
clothes/clothes_1731.jpg,clothes,train
clothes/clothes_1732.jpg,clothes,train
clothes/clothes_1734.jpg,clothes,train
clothes/clothes_1735.jpg,clothes,train
clothes/clothes_1736.jpg,clothes,train
clothes/clothes_1738.jpg,clothes,train
clothes/clothes_174.jpg,clothes,train
clothes/clothes_1741.jpg,clothes,train
clothes/clothes_1743.jpg,clothes,train
clothes/clothes_1744.jpg,clothes,train
clothes/clothes_1745.jpg,clothes,train
clothes/clothes_1746.jpg,clothes,train
clothes/clothes_1747.jpg,clothes,train
clothes/clothes_1748.jpg,clothes,train
clothes/clothes_1749.jpg,clothes,train
clothes/clothes_175.jpg,clothes,train
clothes/clothes_1750.jpg,clothes,train
clothes/clothes_1751.jpg,clothes,train
clothes/clothes_1752.jpg,clothes,train
clothes/clothes_1753.jpg,clothes,train
clothes/clothes_1754.jpg,clothes,train
clothes/clothes_1755.jpg,clothes,train
clothes/clothes_1756.jpg,clothes,train
clothes/clothes_1757.jpg,clothes,train
clothes/clothes_176.jpg,clothes,train
clothes/clothes_1760.jpg,clothes,train
clothes/clothes_1761.jpg,clothes,train
clothes/clothes_1763.jpg,clothes,train
clothes/clothes_1764.jpg,clothes,train
clothes/clothes_1766.jpg,clothes,train
clothes/clothes_1767.jpg,clothes,train
clothes/clothes_1768.jpg,clothes,train
clothes/clothes_1769.jpg,clothes,train
clothes/clothes_177.jpg,clothes,train
clothes/clothes_1771.jpg,clothes,train
clothes/clothes_1773.jpg,clothes,train
clothes/clothes_1775.jpg,clothes,train
clothes/clothes_1776.jpg,clothes,train
clothes/clothes_1777.jpg,clothes,train
clothes/clothes_1778.jpg,clothes,train
clothes/clothes_1779.jpg,clothes,train
clothes/clothes_178.jpg,clothes,train
clothes/clothes_1780.jpg,clothes,train
clothes/clothes_1784.jpg,clothes,train
clothes/clothes_1788.jpg,clothes,train
clothes/clothes_1789.jpg,clothes,train
clothes/clothes_179.jpg,clothes,train
clothes/clothes_1790.jpg,clothes,train
clothes/clothes_1791.jpg,clothes,train
clothes/clothes_1792.jpg,clothes,train
clothes/clothes_18.jpg,clothes,train
clothes/clothes_1800.jpg,clothes,train
clothes/clothes_1801.jpg,clothes,train
clothes/clothes_1802.jpg,clothes,train
clothes/clothes_1803.jpg,clothes,train
clothes/clothes_1804.jpg,clothes,train
clothes/clothes_1807.jpg,clothes,train
clothes/clothes_1808.jpg,clothes,train
clothes/clothes_1809.jpg,clothes,train
clothes/clothes_181.jpg,clothes,train
clothes/clothes_1810.jpg,clothes,train
clothes/clothes_1812.jpg,clothes,train
clothes/clothes_1813.jpg,clothes,train
clothes/clothes_1814.jpg,clothes,train
clothes/clothes_1815.jpg,clothes,train
clothes/clothes_1816.jpg,clothes,train
clothes/clothes_1817.jpg,clothes,train
clothes/clothes_1819.jpg,clothes,train
clothes/clothes_1820.jpg,clothes,train
clothes/clothes_1821.jpg,clothes,train
clothes/clothes_1823.jpg,clothes,train
clothes/clothes_1825.jpg,clothes,train
clothes/clothes_1827.jpg,clothes,train
clothes/clothes_1828.jpg,clothes,train
clothes/clothes_183.jpg,clothes,train
clothes/clothes_1831.jpg,clothes,train
clothes/clothes_1832.jpg,clothes,train
clothes/clothes_1833.jpg,clothes,train
clothes/clothes_1834.jpg,clothes,train
clothes/clothes_1836.jpg,clothes,train
clothes/clothes_1837.jpg,clothes,train
clothes/clothes_1838.jpg,clothes,train
clothes/clothes_1839.jpg,clothes,train
clothes/clothes_184.jpg,clothes,train
clothes/clothes_1840.jpg,clothes,train
clothes/clothes_1841.jpg,clothes,train
clothes/clothes_1842.jpg,clothes,train
clothes/clothes_1843.jpg,clothes,train
clothes/clothes_1845.jpg,clothes,train
clothes/clothes_1847.jpg,clothes,train
clothes/clothes_1850.jpg,clothes,train
clothes/clothes_1852.jpg,clothes,train
clothes/clothes_1854.jpg,clothes,train
clothes/clothes_1855.jpg,clothes,train
clothes/clothes_1856.jpg,clothes,train
clothes/clothes_1857.jpg,clothes,train
clothes/clothes_1859.jpg,clothes,train
clothes/clothes_1860.jpg,clothes,train
clothes/clothes_1861.jpg,clothes,train
clothes/clothes_1863.jpg,clothes,train
clothes/clothes_1865.jpg,clothes,train
clothes/clothes_1866.jpg,clothes,train
clothes/clothes_1867.jpg,clothes,train
clothes/clothes_1868.jpg,clothes,train
clothes/clothes_1869.jpg,clothes,train
clothes/clothes_1870.jpg,clothes,train
clothes/clothes_1871.jpg,clothes,train
clothes/clothes_1872.jpg,clothes,train
clothes/clothes_1873.jpg,clothes,train
clothes/clothes_1875.jpg,clothes,train
clothes/clothes_1879.jpg,clothes,train
clothes/clothes_188.jpg,clothes,train
clothes/clothes_1881.jpg,clothes,train
clothes/clothes_1883.jpg,clothes,train
clothes/clothes_1887.jpg,clothes,train
clothes/clothes_1888.jpg,clothes,train
clothes/clothes_1889.jpg,clothes,train
clothes/clothes_189.jpg,clothes,train
clothes/clothes_1893.jpg,clothes,train
clothes/clothes_1894.jpg,clothes,train
clothes/clothes_1895.jpg,clothes,train
clothes/clothes_1896.jpg,clothes,train
clothes/clothes_1897.jpg,clothes,train
clothes/clothes_1898.jpg,clothes,train
clothes/clothes_19.jpg,clothes,train
clothes/clothes_1900.jpg,clothes,train
clothes/clothes_1902.jpg,clothes,train
clothes/clothes_1903.jpg,clothes,train
clothes/clothes_1905.jpg,clothes,train
clothes/clothes_1907.jpg,clothes,train
clothes/clothes_1908.jpg,clothes,train
clothes/clothes_1909.jpg,clothes,train
clothes/clothes_191.jpg,clothes,train
clothes/clothes_1910.jpg,clothes,train
clothes/clothes_1913.jpg,clothes,train
clothes/clothes_1914.jpg,clothes,train
clothes/clothes_1915.jpg,clothes,train
clothes/clothes_1916.jpg,clothes,train
clothes/clothes_1917.jpg,clothes,train
clothes/clothes_1918.jpg,clothes,train
clothes/clothes_1919.jpg,clothes,train
clothes/clothes_192.jpg,clothes,train
clothes/clothes_1920.jpg,clothes,train
clothes/clothes_1921.jpg,clothes,train
clothes/clothes_1922.jpg,clothes,train
clothes/clothes_1923.jpg,clothes,train
clothes/clothes_1926.jpg,clothes,train
clothes/clothes_1927.jpg,clothes,train
clothes/clothes_1928.jpg,clothes,train
clothes/clothes_1929.jpg,clothes,train
clothes/clothes_193.jpg,clothes,train
clothes/clothes_1930.jpg,clothes,train
clothes/clothes_1933.jpg,clothes,train
clothes/clothes_1934.jpg,clothes,train
clothes/clothes_1935.jpg,clothes,train
clothes/clothes_1936.jpg,clothes,train
clothes/clothes_1937.jpg,clothes,train
clothes/clothes_1938.jpg,clothes,train
clothes/clothes_1939.jpg,clothes,train
clothes/clothes_194.jpg,clothes,train
clothes/clothes_1940.jpg,clothes,train
clothes/clothes_1941.jpg,clothes,train
clothes/clothes_1942.jpg,clothes,train
clothes/clothes_1943.jpg,clothes,train
clothes/clothes_1944.jpg,clothes,train
clothes/clothes_1946.jpg,clothes,train
clothes/clothes_1947.jpg,clothes,train
clothes/clothes_1948.jpg,clothes,train
clothes/clothes_1949.jpg,clothes,train
clothes/clothes_195.jpg,clothes,train
clothes/clothes_1950.jpg,clothes,train
clothes/clothes_1951.jpg,clothes,train
clothes/clothes_1952.jpg,clothes,train
clothes/clothes_1953.jpg,clothes,train
clothes/clothes_1954.jpg,clothes,train
clothes/clothes_1955.jpg,clothes,train
clothes/clothes_1956.jpg,clothes,train
clothes/clothes_1958.jpg,clothes,train
clothes/clothes_1959.jpg,clothes,train
clothes/clothes_1960.jpg,clothes,train
clothes/clothes_1961.jpg,clothes,train
clothes/clothes_1962.jpg,clothes,train
clothes/clothes_1963.jpg,clothes,train
clothes/clothes_1966.jpg,clothes,train
clothes/clothes_1967.jpg,clothes,train
clothes/clothes_1968.jpg,clothes,train
clothes/clothes_1969.jpg,clothes,train
clothes/clothes_197.jpg,clothes,train
clothes/clothes_1970.jpg,clothes,train
clothes/clothes_1971.jpg,clothes,train
clothes/clothes_1972.jpg,clothes,train
clothes/clothes_1973.jpg,clothes,train
clothes/clothes_1975.jpg,clothes,train
clothes/clothes_1978.jpg,clothes,train
clothes/clothes_198.jpg,clothes,train
clothes/clothes_1980.jpg,clothes,train
clothes/clothes_1982.jpg,clothes,train
clothes/clothes_1985.jpg,clothes,train
clothes/clothes_1987.jpg,clothes,train
clothes/clothes_199.jpg,clothes,train
clothes/clothes_1990.jpg,clothes,train
clothes/clothes_1992.jpg,clothes,train
clothes/clothes_1995.jpg,clothes,train
clothes/clothes_1996.jpg,clothes,train
clothes/clothes_1997.jpg,clothes,train
clothes/clothes_1998.jpg,clothes,train
clothes/clothes_1999.jpg,clothes,train
clothes/clothes_2.jpg,clothes,train
clothes/clothes_20.jpg,clothes,train
clothes/clothes_200.jpg,clothes,train
clothes/clothes_2001.jpg,clothes,train
clothes/clothes_2004.jpg,clothes,train
clothes/clothes_2005.jpg,clothes,train
clothes/clothes_2006.jpg,clothes,train
clothes/clothes_2007.jpg,clothes,train
clothes/clothes_2008.jpg,clothes,train
clothes/clothes_2009.jpg,clothes,train
clothes/clothes_201.jpg,clothes,train
clothes/clothes_2010.jpg,clothes,train
clothes/clothes_2011.jpg,clothes,train
clothes/clothes_2012.jpg,clothes,train
clothes/clothes_2013.jpg,clothes,train
clothes/clothes_2014.jpg,clothes,train
clothes/clothes_2015.jpg,clothes,train
clothes/clothes_2016.jpg,clothes,train
clothes/clothes_2018.jpg,clothes,train
clothes/clothes_2020.jpg,clothes,train
clothes/clothes_2021.jpg,clothes,train
clothes/clothes_2022.jpg,clothes,train
clothes/clothes_2023.jpg,clothes,train
clothes/clothes_2024.jpg,clothes,train
clothes/clothes_20241.png,clothes,train
clothes/clothes_20241210_094237.jpg,clothes,train
clothes/clothes_20242.jpg,clothes,train
clothes/clothes_2025.jpg,clothes,train
clothes/clothes_2026.jpg,clothes,train
clothes/clothes_2027.jpg,clothes,train
clothes/clothes_2029.jpg,clothes,train
clothes/clothes_203.jpg,clothes,train
clothes/clothes_2031.jpg,clothes,train
clothes/clothes_2032.jpg,clothes,train
clothes/clothes_2033.jpg,clothes,train
clothes/clothes_2034.jpg,clothes,train
clothes/clothes_2035.jpg,clothes,train
clothes/clothes_2036.jpg,clothes,train
clothes/clothes_2037.jpg,clothes,train
clothes/clothes_2038.jpg,clothes,train
clothes/clothes_2039.jpg,clothes,train
clothes/clothes_204.jpg,clothes,train
clothes/clothes_2040.jpg,clothes,train
clothes/clothes_2041.jpg,clothes,train
clothes/clothes_2042.jpg,clothes,train
clothes/clothes_2043.jpg,clothes,train
clothes/clothes_2044.jpg,clothes,train
clothes/clothes_2046.jpg,clothes,train
clothes/clothes_2047.jpg,clothes,train
clothes/clothes_2048.jpg,clothes,train
clothes/clothes_2049.jpg,clothes,train
clothes/clothes_205.jpg,clothes,train
clothes/clothes_2050.jpg,clothes,train
clothes/clothes_2051.jpg,clothes,train
clothes/clothes_2052.jpg,clothes,train
clothes/clothes_2053.jpg,clothes,train
clothes/clothes_2055.jpg,clothes,train
clothes/clothes_2056.jpg,clothes,train
clothes/clothes_2057.jpg,clothes,train
clothes/clothes_2058.jpg,clothes,train
clothes/clothes_2059.jpg,clothes,train
clothes/clothes_206.jpg,clothes,train
clothes/clothes_2061.jpg,clothes,train
clothes/clothes_2063.jpg,clothes,train
clothes/clothes_2064.jpg,clothes,train
clothes/clothes_2065.jpg,clothes,train
clothes/clothes_2066.jpg,clothes,train
clothes/clothes_2067.jpg,clothes,train
clothes/clothes_2068.jpg,clothes,train
clothes/clothes_2069.jpg,clothes,train
clothes/clothes_207.jpg,clothes,train
clothes/clothes_2070.jpg,clothes,train
clothes/clothes_2072.jpg,clothes,train
clothes/clothes_2073.jpg,clothes,train
clothes/clothes_2074.jpg,clothes,train
clothes/clothes_2076.jpg,clothes,train
clothes/clothes_2077.jpg,clothes,train
clothes/clothes_2078.jpg,clothes,train
clothes/clothes_2079.jpg,clothes,train
clothes/clothes_2080.jpg,clothes,train
clothes/clothes_2081.jpg,clothes,train
clothes/clothes_2082.jpg,clothes,train
clothes/clothes_2084.jpg,clothes,train
clothes/clothes_2085.jpg,clothes,train
clothes/clothes_2086.jpg,clothes,train
clothes/clothes_2088.jpg,clothes,train
clothes/clothes_2089.jpg,clothes,train
clothes/clothes_2092.jpg,clothes,train
clothes/clothes_2094.jpg,clothes,train
clothes/clothes_2095.jpg,clothes,train
clothes/clothes_2096.jpg,clothes,train
clothes/clothes_2097.jpg,clothes,train
clothes/clothes_2098.jpg,clothes,train
clothes/clothes_2099.jpg,clothes,train
clothes/clothes_21.jpg,clothes,train
clothes/clothes_210.jpg,clothes,train
clothes/clothes_2104.jpg,clothes,train
clothes/clothes_2107.jpg,clothes,train
clothes/clothes_2109.jpg,clothes,train
clothes/clothes_211.jpg,clothes,train
clothes/clothes_2110.jpg,clothes,train
clothes/clothes_2111.jpg,clothes,train
clothes/clothes_2113.jpg,clothes,train
clothes/clothes_2114.jpg,clothes,train
clothes/clothes_2115.jpg,clothes,train
clothes/clothes_2116.jpg,clothes,train
clothes/clothes_2117.jpg,clothes,train
clothes/clothes_2118.jpg,clothes,train
clothes/clothes_2119.jpg,clothes,train
clothes/clothes_212.jpg,clothes,train
clothes/clothes_2120.jpg,clothes,train
clothes/clothes_2123.jpg,clothes,train
clothes/clothes_2124.jpg,clothes,train
clothes/clothes_2129.jpg,clothes,train
clothes/clothes_2130.jpg,clothes,train
clothes/clothes_2132.jpg,clothes,train
clothes/clothes_2133.jpg,clothes,train
clothes/clothes_2134.jpg,clothes,train
clothes/clothes_2135.jpg,clothes,train
clothes/clothes_2136.jpg,clothes,train
clothes/clothes_2142.jpg,clothes,train
clothes/clothes_2144.jpg,clothes,train
clothes/clothes_2145.jpg,clothes,train
clothes/clothes_2146.jpg,clothes,train
clothes/clothes_2148.jpg,clothes,train
clothes/clothes_2149.jpg,clothes,train
clothes/clothes_215.jpg,clothes,train
clothes/clothes_2151.jpg,clothes,train
clothes/clothes_2152.jpg,clothes,train
clothes/clothes_2153.jpg,clothes,train
clothes/clothes_2154.jpg,clothes,train
clothes/clothes_2157.jpg,clothes,train
clothes/clothes_2158.jpg,clothes,train
clothes/clothes_2161.jpg,clothes,train
clothes/clothes_2163.jpg,clothes,train
clothes/clothes_2164.jpg,clothes,train
clothes/clothes_2165.jpg,clothes,train
clothes/clothes_2166.jpg,clothes,train
clothes/clothes_2167.jpg,clothes,train
clothes/clothes_2168.jpg,clothes,train
clothes/clothes_2169.jpg,clothes,train
clothes/clothes_217.jpg,clothes,train
clothes/clothes_2173.jpg,clothes,train
clothes/clothes_2174.jpg,clothes,train
clothes/clothes_2176.jpg,clothes,train
clothes/clothes_2177.jpg,clothes,train
clothes/clothes_2178.jpg,clothes,train
clothes/clothes_2179.jpg,clothes,train
clothes/clothes_218.jpg,clothes,train
clothes/clothes_2180.jpg,clothes,train
clothes/clothes_2181.jpg,clothes,train
clothes/clothes_2182.jpg,clothes,train
clothes/clothes_2184.jpg,clothes,train
clothes/clothes_2185.jpg,clothes,train
clothes/clothes_2186.jpg,clothes,train
clothes/clothes_2187.jpg,clothes,train
clothes/clothes_2188.jpg,clothes,train
clothes/clothes_2191.jpg,clothes,train
clothes/clothes_2192.jpg,clothes,train
clothes/clothes_2193.jpg,clothes,train
clothes/clothes_2195.jpg,clothes,train
clothes/clothes_2196.jpg,clothes,train
clothes/clothes_2197.jpg,clothes,train
clothes/clothes_2198.jpg,clothes,train
clothes/clothes_2199.jpg,clothes,train
clothes/clothes_2200.jpg,clothes,train
clothes/clothes_2203.jpg,clothes,train
clothes/clothes_2204.jpg,clothes,train
clothes/clothes_2206.jpg,clothes,train
clothes/clothes_2207.jpg,clothes,train
clothes/clothes_2208.jpg,clothes,train
clothes/clothes_221.jpg,clothes,train
clothes/clothes_2210.jpg,clothes,train
clothes/clothes_2211.jpg,clothes,train
clothes/clothes_2212.jpg,clothes,train
clothes/clothes_2213.jpg,clothes,train
clothes/clothes_2214.jpg,clothes,train
clothes/clothes_2215.jpg,clothes,train
clothes/clothes_2216.jpg,clothes,train
clothes/clothes_2217.jpg,clothes,train
clothes/clothes_2219.jpg,clothes,train
clothes/clothes_222.jpg,clothes,train
clothes/clothes_2221.jpg,clothes,train
clothes/clothes_2224.jpg,clothes,train
clothes/clothes_2225.jpg,clothes,train
clothes/clothes_2226.jpg,clothes,train
clothes/clothes_2227.jpg,clothes,train
clothes/clothes_2228.jpg,clothes,train
clothes/clothes_2229.jpg,clothes,train
clothes/clothes_223.jpg,clothes,train
clothes/clothes_2230.jpg,clothes,train
clothes/clothes_2231.jpg,clothes,train
clothes/clothes_2232.jpg,clothes,train
clothes/clothes_2233.jpg,clothes,train
clothes/clothes_2234.jpg,clothes,train
clothes/clothes_2235.jpg,clothes,train
clothes/clothes_2237.jpg,clothes,train
clothes/clothes_2239.jpg,clothes,train
clothes/clothes_224.jpg,clothes,train
clothes/clothes_2240.jpg,clothes,train
clothes/clothes_2241.jpg,clothes,train
clothes/clothes_2242.jpg,clothes,train
clothes/clothes_2243.jpg,clothes,train
clothes/clothes_2245.jpg,clothes,train
clothes/clothes_2246.jpg,clothes,train
clothes/clothes_2249.jpg,clothes,train
clothes/clothes_225.jpg,clothes,train
clothes/clothes_2250.jpg,clothes,train
clothes/clothes_2251.jpg,clothes,train
clothes/clothes_2252.jpg,clothes,train
clothes/clothes_2253.jpg,clothes,train
clothes/clothes_2255.jpg,clothes,train
clothes/clothes_2256.jpg,clothes,train
clothes/clothes_2258.jpg,clothes,train
clothes/clothes_2259.jpg,clothes,train
clothes/clothes_226.jpg,clothes,train
clothes/clothes_2260.jpg,clothes,train
clothes/clothes_2261.jpg,clothes,train
clothes/clothes_2262.jpg,clothes,train
clothes/clothes_2263.jpg,clothes,train
clothes/clothes_2264.jpg,clothes,train
clothes/clothes_2265.jpg,clothes,train
clothes/clothes_2267.jpg,clothes,train
clothes/clothes_2268.jpg,clothes,train
clothes/clothes_2269.jpg,clothes,train
clothes/clothes_2270.jpg,clothes,train
clothes/clothes_2271.jpg,clothes,train
clothes/clothes_2272.jpg,clothes,train
clothes/clothes_2273.jpg,clothes,train
clothes/clothes_2274.jpg,clothes,train
clothes/clothes_2275.jpg,clothes,train
clothes/clothes_2277.jpg,clothes,train
clothes/clothes_2279.jpg,clothes,train
clothes/clothes_228.jpg,clothes,train
clothes/clothes_2280.jpg,clothes,train
clothes/clothes_2281.jpg,clothes,train
clothes/clothes_2282.jpg,clothes,train
clothes/clothes_2283.jpg,clothes,train
clothes/clothes_2284.jpg,clothes,train
clothes/clothes_2285.jpg,clothes,train
clothes/clothes_2286.jpg,clothes,train
clothes/clothes_2287.jpg,clothes,train
clothes/clothes_2288.jpg,clothes,train
clothes/clothes_2289.jpg,clothes,train
clothes/clothes_229.jpg,clothes,train
clothes/clothes_2290.jpg,clothes,train
clothes/clothes_2291.jpg,clothes,train
clothes/clothes_2292.jpg,clothes,train
clothes/clothes_2293.jpg,clothes,train
clothes/clothes_2294.jpg,clothes,train
clothes/clothes_2295.jpg,clothes,train
clothes/clothes_2296.jpg,clothes,train
clothes/clothes_2298.jpg,clothes,train
clothes/clothes_2300.jpg,clothes,train
clothes/clothes_2301.jpg,clothes,train
clothes/clothes_2302.jpg,clothes,train
clothes/clothes_2303.jpg,clothes,train
clothes/clothes_2304.jpg,clothes,train
clothes/clothes_2305.jpg,clothes,train
clothes/clothes_2307.jpg,clothes,train
clothes/clothes_2308.jpg,clothes,train
clothes/clothes_2309.jpg,clothes,train
clothes/clothes_231.jpg,clothes,train
clothes/clothes_2312.jpg,clothes,train
clothes/clothes_2313.jpg,clothes,train
clothes/clothes_2314.jpg,clothes,train
clothes/clothes_2315.jpg,clothes,train
clothes/clothes_2316.jpg,clothes,train
clothes/clothes_2318.jpg,clothes,train
clothes/clothes_2319.jpg,clothes,train
clothes/clothes_2320.jpg,clothes,train
clothes/clothes_2323.jpg,clothes,train
clothes/clothes_2325.jpg,clothes,train
clothes/clothes_2326.jpg,clothes,train
clothes/clothes_2327.jpg,clothes,train
clothes/clothes_2328.jpg,clothes,train
clothes/clothes_233.jpg,clothes,train
clothes/clothes_2330.jpg,clothes,train
clothes/clothes_2331.jpg,clothes,train
clothes/clothes_2333.jpg,clothes,train
clothes/clothes_2334.jpg,clothes,train
clothes/clothes_2335.jpg,clothes,train
clothes/clothes_2336.jpg,clothes,train
clothes/clothes_2337.jpg,clothes,train
clothes/clothes_2338.jpg,clothes,train
clothes/clothes_2341.jpg,clothes,train
clothes/clothes_2342.jpg,clothes,train
clothes/clothes_2344.jpg,clothes,train
clothes/clothes_2345.jpg,clothes,train
clothes/clothes_2347.jpg,clothes,train
clothes/clothes_2348.jpg,clothes,train
clothes/clothes_2349.jpg,clothes,train
clothes/clothes_2352.jpg,clothes,train
clothes/clothes_2353.jpg,clothes,train
clothes/clothes_2354.jpg,clothes,train
clothes/clothes_2355.jpg,clothes,train
clothes/clothes_2356.jpg,clothes,train
clothes/clothes_2357.jpg,clothes,train
clothes/clothes_2358.jpg,clothes,train
clothes/clothes_2359.jpg,clothes,train
clothes/clothes_236.jpg,clothes,train
clothes/clothes_2360.jpg,clothes,train
clothes/clothes_2361.jpg,clothes,train
clothes/clothes_2364.jpg,clothes,train
clothes/clothes_2366.jpg,clothes,train
clothes/clothes_2367.jpg,clothes,train
clothes/clothes_2368.jpg,clothes,train
clothes/clothes_237.jpg,clothes,train
clothes/clothes_2371.jpg,clothes,train
clothes/clothes_2372.jpg,clothes,train
clothes/clothes_2373.jpg,clothes,train
clothes/clothes_2374.jpg,clothes,train
clothes/clothes_2375.jpg,clothes,train
clothes/clothes_2376.jpg,clothes,train
clothes/clothes_2377.jpg,clothes,train
clothes/clothes_2378.jpg,clothes,train
clothes/clothes_2379.jpg,clothes,train
clothes/clothes_238.jpg,clothes,train
clothes/clothes_2382.jpg,clothes,train
clothes/clothes_2384.jpg,clothes,train
clothes/clothes_2385.jpg,clothes,train
clothes/clothes_2386.jpg,clothes,train
clothes/clothes_2387.jpg,clothes,train
clothes/clothes_2388.jpg,clothes,train
clothes/clothes_239.jpg,clothes,train
clothes/clothes_2392.jpg,clothes,train
clothes/clothes_2395.jpg,clothes,train
clothes/clothes_2396.jpg,clothes,train
clothes/clothes_2397.jpg,clothes,train
clothes/clothes_2398.jpg,clothes,train
clothes/clothes_2399.jpg,clothes,train
clothes/clothes_24.jpg,clothes,train
clothes/clothes_240.jpg,clothes,train
clothes/clothes_2400.jpg,clothes,train
clothes/clothes_2401.jpg,clothes,train
clothes/clothes_2402.jpg,clothes,train
clothes/clothes_2403.jpg,clothes,train
clothes/clothes_2404.jpg,clothes,train
clothes/clothes_2405.jpg,clothes,train
clothes/clothes_2406.jpg,clothes,train
clothes/clothes_2408.jpg,clothes,train
clothes/clothes_2409.jpg,clothes,train
clothes/clothes_241.jpg,clothes,train
clothes/clothes_2411.jpg,clothes,train
clothes/clothes_2414.jpg,clothes,train
clothes/clothes_2415.jpg,clothes,train
clothes/clothes_2416.jpg,clothes,train
clothes/clothes_2417.jpg,clothes,train
clothes/clothes_2418.jpg,clothes,train
clothes/clothes_242.jpg,clothes,train
clothes/clothes_2420.jpg,clothes,train
clothes/clothes_2421.jpg,clothes,train
clothes/clothes_2422.jpg,clothes,train
clothes/clothes_2423.jpg,clothes,train
clothes/clothes_2424.jpg,clothes,train
clothes/clothes_2426.jpg,clothes,train
clothes/clothes_2427.jpg,clothes,train
clothes/clothes_2428.jpg,clothes,train
clothes/clothes_2430.jpg,clothes,train
clothes/clothes_2432.jpg,clothes,train
clothes/clothes_2434.jpg,clothes,train
clothes/clothes_2435.jpg,clothes,train
clothes/clothes_2436.jpg,clothes,train
clothes/clothes_2437.jpg,clothes,train
clothes/clothes_244.jpg,clothes,train
clothes/clothes_2440.jpg,clothes,train
clothes/clothes_2442.jpg,clothes,train
clothes/clothes_2443.jpg,clothes,train
clothes/clothes_2444.jpg,clothes,train
clothes/clothes_2445.jpg,clothes,train
clothes/clothes_2448.jpg,clothes,train
clothes/clothes_2449.jpg,clothes,train
clothes/clothes_245.jpg,clothes,train
clothes/clothes_2450.jpg,clothes,train
clothes/clothes_2451.jpg,clothes,train
clothes/clothes_2452.jpg,clothes,train
clothes/clothes_2453.jpg,clothes,train
clothes/clothes_2454.jpg,clothes,train
clothes/clothes_2455.jpg,clothes,train
clothes/clothes_2457.jpg,clothes,train
clothes/clothes_2458.jpg,clothes,train
clothes/clothes_2459.jpg,clothes,train
clothes/clothes_2460.jpg,clothes,train
clothes/clothes_2461.jpg,clothes,train
clothes/clothes_2462.jpg,clothes,train
clothes/clothes_2465.jpg,clothes,train
clothes/clothes_2466.jpg,clothes,train
clothes/clothes_2467.jpg,clothes,train
clothes/clothes_2468.jpg,clothes,train
clothes/clothes_2471.jpg,clothes,train
clothes/clothes_2472.jpg,clothes,train
clothes/clothes_2473.jpg,clothes,train
clothes/clothes_2474.jpg,clothes,train
clothes/clothes_2475.jpg,clothes,train
clothes/clothes_2476.jpg,clothes,train
clothes/clothes_2477.jpg,clothes,train
clothes/clothes_2478.jpg,clothes,train
clothes/clothes_2479.jpg,clothes,train
clothes/clothes_2480.jpg,clothes,train
clothes/clothes_2481.jpg,clothes,train
clothes/clothes_2482.jpg,clothes,train
clothes/clothes_2483.jpg,clothes,train
clothes/clothes_2484.jpg,clothes,train
clothes/clothes_2485.jpg,clothes,train
clothes/clothes_2486.jpg,clothes,train
clothes/clothes_2487.jpg,clothes,train
clothes/clothes_2488.jpg,clothes,train
clothes/clothes_2489.jpg,clothes,train
clothes/clothes_249.jpg,clothes,train
clothes/clothes_2490.jpg,clothes,train
clothes/clothes_2491.jpg,clothes,train
clothes/clothes_2493.jpg,clothes,train
clothes/clothes_2494.jpg,clothes,train
clothes/clothes_2495.jpg,clothes,train
clothes/clothes_2496.jpg,clothes,train
clothes/clothes_2498.jpg,clothes,train
clothes/clothes_2499.jpg,clothes,train
clothes/clothes_25.jpg,clothes,train
clothes/clothes_250.jpg,clothes,train
clothes/clothes_2500.jpg,clothes,train
clothes/clothes_2501.jpg,clothes,train
clothes/clothes_2503.jpg,clothes,train
clothes/clothes_2506.jpg,clothes,train
clothes/clothes_2508.jpg,clothes,train
clothes/clothes_2509.jpg,clothes,train
clothes/clothes_251.jpg,clothes,train
clothes/clothes_2510.jpg,clothes,train
clothes/clothes_2511.jpg,clothes,train
clothes/clothes_2512.jpg,clothes,train
clothes/clothes_2513.jpg,clothes,train
clothes/clothes_2515.jpg,clothes,train
clothes/clothes_2516.jpg,clothes,train
clothes/clothes_2517.jpg,clothes,train
clothes/clothes_2519.jpg,clothes,train
clothes/clothes_252.jpg,clothes,train
clothes/clothes_2520.jpg,clothes,train
clothes/clothes_2521.jpg,clothes,train
clothes/clothes_2526.jpg,clothes,train
clothes/clothes_2528.jpg,clothes,train
clothes/clothes_2529.jpg,clothes,train
clothes/clothes_253.jpg,clothes,train
clothes/clothes_2530.jpg,clothes,train
clothes/clothes_2532.jpg,clothes,train
clothes/clothes_2533.jpg,clothes,train
clothes/clothes_2534.jpg,clothes,train
clothes/clothes_2535.jpg,clothes,train
clothes/clothes_2538.jpg,clothes,train
clothes/clothes_2539.jpg,clothes,train
clothes/clothes_254.jpg,clothes,train
clothes/clothes_2540.jpg,clothes,train
clothes/clothes_2543.jpg,clothes,train
clothes/clothes_2545.jpg,clothes,train
clothes/clothes_2546.jpg,clothes,train
clothes/clothes_2547.jpg,clothes,train
clothes/clothes_255.jpg,clothes,train
clothes/clothes_2550.jpg,clothes,train
clothes/clothes_2551.jpg,clothes,train
clothes/clothes_2552.jpg,clothes,train
clothes/clothes_2553.jpg,clothes,train
clothes/clothes_2554.jpg,clothes,train
clothes/clothes_2555.jpg,clothes,train
clothes/clothes_2556.jpg,clothes,train
clothes/clothes_2557.jpg,clothes,train
clothes/clothes_2558.jpg,clothes,train
clothes/clothes_2559.jpg,clothes,train
clothes/clothes_2560.jpg,clothes,train
clothes/clothes_2561.jpg,clothes,train
clothes/clothes_2562.jpg,clothes,train
clothes/clothes_2563.jpg,clothes,train
clothes/clothes_2564.jpg,clothes,train
clothes/clothes_2567.jpg,clothes,train
clothes/clothes_2568.jpg,clothes,train
clothes/clothes_2569.jpg,clothes,train
clothes/clothes_257.jpg,clothes,train
clothes/clothes_2572.jpg,clothes,train
clothes/clothes_2575.jpg,clothes,train
clothes/clothes_2576.jpg,clothes,train
clothes/clothes_2577.jpg,clothes,train
clothes/clothes_258.jpg,clothes,train
clothes/clothes_2580.jpg,clothes,train
clothes/clothes_2581.jpg,clothes,train
clothes/clothes_2582.jpg,clothes,train
clothes/clothes_2583.jpg,clothes,train
clothes/clothes_2584.jpg,clothes,train
clothes/clothes_2585.jpg,clothes,train
clothes/clothes_2586.jpg,clothes,train
clothes/clothes_2587.jpg,clothes,train
clothes/clothes_2588.jpg,clothes,train
clothes/clothes_2589.jpg,clothes,train
clothes/clothes_2590.jpg,clothes,train
clothes/clothes_2591.jpg,clothes,train
clothes/clothes_2595.jpg,clothes,train
clothes/clothes_2597.jpg,clothes,train
clothes/clothes_2598.jpg,clothes,train
clothes/clothes_26.jpg,clothes,train
clothes/clothes_260.jpg,clothes,train
clothes/clothes_2600.jpg,clothes,train
clothes/clothes_2601.jpg,clothes,train
clothes/clothes_2602.jpg,clothes,train
clothes/clothes_2603.jpg,clothes,train
clothes/clothes_2604.jpg,clothes,train
clothes/clothes_2605.jpg,clothes,train
clothes/clothes_2607.jpg,clothes,train
clothes/clothes_2608.jpg,clothes,train
clothes/clothes_2609.jpg,clothes,train
clothes/clothes_261.jpg,clothes,train
clothes/clothes_2610.jpg,clothes,train
clothes/clothes_2611.jpg,clothes,train
clothes/clothes_2612.jpg,clothes,train
clothes/clothes_2613.jpg,clothes,train
clothes/clothes_2614.jpg,clothes,train
clothes/clothes_2615.jpg,clothes,train
clothes/clothes_2617.jpg,clothes,train
clothes/clothes_2618.jpg,clothes,train
clothes/clothes_262.jpg,clothes,train
clothes/clothes_2620.jpg,clothes,train
clothes/clothes_2621.jpg,clothes,train
clothes/clothes_2623.jpg,clothes,train
clothes/clothes_2625.jpg,clothes,train
clothes/clothes_2626.jpg,clothes,train
clothes/clothes_2627.jpg,clothes,train
clothes/clothes_2631.jpg,clothes,train
clothes/clothes_2632.jpg,clothes,train
clothes/clothes_2634.jpg,clothes,train
clothes/clothes_2635.jpg,clothes,train
clothes/clothes_2636.jpg,clothes,train
clothes/clothes_2638.jpg,clothes,train
clothes/clothes_264.jpg,clothes,train
clothes/clothes_2640.jpg,clothes,train
clothes/clothes_2641.jpg,clothes,train
clothes/clothes_2643.jpg,clothes,train
clothes/clothes_2645.jpg,clothes,train
clothes/clothes_2646.jpg,clothes,train
clothes/clothes_2647.jpg,clothes,train
clothes/clothes_2648.jpg,clothes,train
clothes/clothes_2649.jpg,clothes,train
clothes/clothes_265.jpg,clothes,train
clothes/clothes_2651.jpg,clothes,train
clothes/clothes_2652.jpg,clothes,train
clothes/clothes_2653.jpg,clothes,train
clothes/clothes_2654.jpg,clothes,train
clothes/clothes_2655.jpg,clothes,train
clothes/clothes_2656.jpg,clothes,train
clothes/clothes_2657.jpg,clothes,train
clothes/clothes_2658.jpg,clothes,train
clothes/clothes_2659.jpg,clothes,train
clothes/clothes_2662.jpg,clothes,train
clothes/clothes_2663.jpg,clothes,train
clothes/clothes_2664.jpg,clothes,train
clothes/clothes_2666.jpg,clothes,train
clothes/clothes_2668.jpg,clothes,train
clothes/clothes_267.jpg,clothes,train
clothes/clothes_2670.jpg,clothes,train
clothes/clothes_2671.jpg,clothes,train
clothes/clothes_2672.jpg,clothes,train
clothes/clothes_2673.jpg,clothes,train
clothes/clothes_2674.jpg,clothes,train
clothes/clothes_2675.jpg,clothes,train
clothes/clothes_2676.jpg,clothes,train
clothes/clothes_2677.jpg,clothes,train
clothes/clothes_2678.jpg,clothes,train
clothes/clothes_2679.jpg,clothes,train
clothes/clothes_268.jpg,clothes,train
clothes/clothes_2680.jpg,clothes,train
clothes/clothes_2681.jpg,clothes,train
clothes/clothes_2682.jpg,clothes,train
clothes/clothes_2685.jpg,clothes,train
clothes/clothes_2686.jpg,clothes,train
clothes/clothes_2687.jpg,clothes,train
clothes/clothes_2688.jpg,clothes,train
clothes/clothes_269.jpg,clothes,train
clothes/clothes_2691.jpg,clothes,train
clothes/clothes_2692.jpg,clothes,train
clothes/clothes_2693.jpg,clothes,train
clothes/clothes_2694.jpg,clothes,train
clothes/clothes_2695.jpg,clothes,train
clothes/clothes_2696.jpg,clothes,train
clothes/clothes_2697.jpg,clothes,train
clothes/clothes_2698.jpg,clothes,train
clothes/clothes_27.jpg,clothes,train
clothes/clothes_2700.jpg,clothes,train
clothes/clothes_2701.jpg,clothes,train
clothes/clothes_2703.jpg,clothes,train
clothes/clothes_2704.jpg,clothes,train
clothes/clothes_2705.jpg,clothes,train
clothes/clothes_2706.jpg,clothes,train
clothes/clothes_2707.jpg,clothes,train
clothes/clothes_2708.jpg,clothes,train
clothes/clothes_2709.jpg,clothes,train
clothes/clothes_2710.jpg,clothes,train
clothes/clothes_2711.jpg,clothes,train
clothes/clothes_2712.jpg,clothes,train
clothes/clothes_2714.jpg,clothes,train
clothes/clothes_2715.jpg,clothes,train
clothes/clothes_2716.jpg,clothes,train
clothes/clothes_2718.jpg,clothes,train
clothes/clothes_2720.jpg,clothes,train
clothes/clothes_2721.jpg,clothes,train
clothes/clothes_2722.jpg,clothes,train
clothes/clothes_2723.jpg,clothes,train
clothes/clothes_2724.jpg,clothes,train
clothes/clothes_2726.jpg,clothes,train
clothes/clothes_2727.jpg,clothes,train
clothes/clothes_2728.jpg,clothes,train
clothes/clothes_2730.jpg,clothes,train
clothes/clothes_2731.jpg,clothes,train
clothes/clothes_2732.jpg,clothes,train
clothes/clothes_2733.jpg,clothes,train
clothes/clothes_2734.jpg,clothes,train
clothes/clothes_2735.jpg,clothes,train
clothes/clothes_2737.jpg,clothes,train
clothes/clothes_2738.jpg,clothes,train
clothes/clothes_274.jpg,clothes,train
clothes/clothes_2740.jpg,clothes,train
clothes/clothes_2743.jpg,clothes,train
clothes/clothes_2744.jpg,clothes,train
clothes/clothes_2747.jpg,clothes,train
clothes/clothes_2748.jpg,clothes,train
clothes/clothes_275.jpg,clothes,train
clothes/clothes_2751.jpg,clothes,train
clothes/clothes_2752.jpg,clothes,train
clothes/clothes_2753.jpg,clothes,train
clothes/clothes_2754.jpg,clothes,train
clothes/clothes_2756.jpg,clothes,train
clothes/clothes_2759.jpg,clothes,train
clothes/clothes_276.jpg,clothes,train
clothes/clothes_2760.jpg,clothes,train
clothes/clothes_2763.jpg,clothes,train
clothes/clothes_2764.jpg,clothes,train
clothes/clothes_2765.jpg,clothes,train
clothes/clothes_2766.jpg,clothes,train
clothes/clothes_2767.jpg,clothes,train
clothes/clothes_2768.jpg,clothes,train
clothes/clothes_277.jpg,clothes,train
clothes/clothes_2770.jpg,clothes,train
clothes/clothes_2771.jpg,clothes,train
clothes/clothes_2772.jpg,clothes,train
clothes/clothes_2774.jpg,clothes,train
clothes/clothes_2775.jpg,clothes,train
clothes/clothes_2776.jpg,clothes,train
clothes/clothes_2778.jpg,clothes,train
clothes/clothes_2779.jpg,clothes,train
clothes/clothes_278.jpg,clothes,train
clothes/clothes_2780.jpg,clothes,train
clothes/clothes_2782.jpg,clothes,train
clothes/clothes_2783.jpg,clothes,train
clothes/clothes_2784.jpg,clothes,train
clothes/clothes_2788.jpg,clothes,train
clothes/clothes_2789.jpg,clothes,train
clothes/clothes_2790.jpg,clothes,train
clothes/clothes_2793.jpg,clothes,train
clothes/clothes_2795.jpg,clothes,train
clothes/clothes_2796.jpg,clothes,train
clothes/clothes_2797.jpg,clothes,train
clothes/clothes_2798.jpg,clothes,train
clothes/clothes_28.jpg,clothes,train
clothes/clothes_2802.jpg,clothes,train
clothes/clothes_2803.jpg,clothes,train
clothes/clothes_2804.jpg,clothes,train
clothes/clothes_2805.jpg,clothes,train
clothes/clothes_2806.jpg,clothes,train
clothes/clothes_2808.jpg,clothes,train
clothes/clothes_2809.jpg,clothes,train
clothes/clothes_281.jpg,clothes,train
clothes/clothes_2810.jpg,clothes,train
clothes/clothes_2811.jpg,clothes,train
clothes/clothes_2812.jpg,clothes,train
clothes/clothes_2813.jpg,clothes,train
clothes/clothes_2815.jpg,clothes,train
clothes/clothes_2816.jpg,clothes,train
clothes/clothes_2817.jpg,clothes,train
clothes/clothes_2818.jpg,clothes,train
clothes/clothes_2819.jpg,clothes,train
clothes/clothes_282.jpg,clothes,train
clothes/clothes_2820.jpg,clothes,train
clothes/clothes_2821.jpg,clothes,train
clothes/clothes_2823.jpg,clothes,train
clothes/clothes_2824.jpg,clothes,train
clothes/clothes_2825.jpg,clothes,train
clothes/clothes_2827.jpg,clothes,train
clothes/clothes_2828.jpg,clothes,train
clothes/clothes_2829.jpg,clothes,train
clothes/clothes_283.jpg,clothes,train
clothes/clothes_2832.jpg,clothes,train
clothes/clothes_2836.jpg,clothes,train
clothes/clothes_2839.jpg,clothes,train
clothes/clothes_284.jpg,clothes,train
clothes/clothes_2840.jpg,clothes,train
clothes/clothes_2841.jpg,clothes,train
clothes/clothes_2842.jpg,clothes,train
clothes/clothes_2843.jpg,clothes,train
clothes/clothes_2846.jpg,clothes,train
clothes/clothes_2848.jpg,clothes,train
clothes/clothes_2849.jpg,clothes,train
clothes/clothes_285.jpg,clothes,train
clothes/clothes_2850.jpg,clothes,train
clothes/clothes_2852.jpg,clothes,train
clothes/clothes_2853.jpg,clothes,train
clothes/clothes_2854.jpg,clothes,train
clothes/clothes_2856.jpg,clothes,train
clothes/clothes_2857.jpg,clothes,train
clothes/clothes_2858.jpg,clothes,train
clothes/clothes_286.jpg,clothes,train
clothes/clothes_2860.jpg,clothes,train
clothes/clothes_2861.jpg,clothes,train
clothes/clothes_2862.jpg,clothes,train
clothes/clothes_2864.jpg,clothes,train
clothes/clothes_2865.jpg,clothes,train
clothes/clothes_2866.jpg,clothes,train
clothes/clothes_2868.jpg,clothes,train
clothes/clothes_2869.jpg,clothes,train
clothes/clothes_287.jpg,clothes,train
clothes/clothes_2870.jpg,clothes,train
clothes/clothes_2871.jpg,clothes,train
clothes/clothes_2872.jpg,clothes,train
clothes/clothes_2873.jpg,clothes,train
clothes/clothes_2874.jpg,clothes,train
clothes/clothes_2876.jpg,clothes,train
clothes/clothes_2877.jpg,clothes,train
clothes/clothes_2878.jpg,clothes,train
clothes/clothes_2879.jpg,clothes,train
clothes/clothes_2880.jpg,clothes,train
clothes/clothes_2882.jpg,clothes,train
clothes/clothes_2883.jpg,clothes,train
clothes/clothes_2885.jpg,clothes,train
clothes/clothes_2886.jpg,clothes,train
clothes/clothes_2887.jpg,clothes,train
clothes/clothes_289.jpg,clothes,train
clothes/clothes_2893.jpg,clothes,train
clothes/clothes_2894.jpg,clothes,train
clothes/clothes_2895.jpg,clothes,train
clothes/clothes_2896.jpg,clothes,train
clothes/clothes_2897.jpg,clothes,train
clothes/clothes_2898.jpg,clothes,train
clothes/clothes_2899.jpg,clothes,train
clothes/clothes_29.jpg,clothes,train
clothes/clothes_290.jpg,clothes,train
clothes/clothes_2900.jpg,clothes,train
clothes/clothes_2901.jpg,clothes,train
clothes/clothes_2903.jpg,clothes,train
clothes/clothes_2904.jpg,clothes,train
clothes/clothes_2906.jpg,clothes,train
clothes/clothes_2907.jpg,clothes,train
clothes/clothes_2908.jpg,clothes,train
clothes/clothes_2909.jpg,clothes,train
clothes/clothes_291.jpg,clothes,train
clothes/clothes_2910.jpg,clothes,train
clothes/clothes_2911.jpg,clothes,train
clothes/clothes_2912.jpg,clothes,train
clothes/clothes_2913.jpg,clothes,train
clothes/clothes_2915.jpg,clothes,train
clothes/clothes_2916.jpg,clothes,train
clothes/clothes_2917.jpg,clothes,train
clothes/clothes_2918.jpg,clothes,train
clothes/clothes_292.jpg,clothes,train
clothes/clothes_2920.jpg,clothes,train
clothes/clothes_2921.jpg,clothes,train
clothes/clothes_2922.jpg,clothes,train
clothes/clothes_2923.jpg,clothes,train
clothes/clothes_2924.jpg,clothes,train
clothes/clothes_2925.jpg,clothes,train
clothes/clothes_2927.jpg,clothes,train
clothes/clothes_2928.jpg,clothes,train
clothes/clothes_2929.jpg,clothes,train
clothes/clothes_293.jpg,clothes,train
clothes/clothes_2931.jpg,clothes,train
clothes/clothes_2932.jpg,clothes,train
clothes/clothes_2934.jpg,clothes,train
clothes/clothes_2936.jpg,clothes,train
clothes/clothes_2939.jpg,clothes,train
clothes/clothes_2940.jpg,clothes,train
clothes/clothes_2941.jpg,clothes,train
clothes/clothes_2943.jpg,clothes,train
clothes/clothes_2944.jpg,clothes,train
clothes/clothes_2945.jpg,clothes,train
clothes/clothes_2946.jpg,clothes,train
clothes/clothes_2947.jpg,clothes,train
clothes/clothes_2948.jpg,clothes,train
clothes/clothes_2949.jpg,clothes,train
clothes/clothes_2950.jpg,clothes,train
clothes/clothes_2951.jpg,clothes,train
clothes/clothes_2952.jpg,clothes,train
clothes/clothes_2953.jpg,clothes,train
clothes/clothes_2954.jpg,clothes,train
clothes/clothes_2955.jpg,clothes,train
clothes/clothes_2957.jpg,clothes,train
clothes/clothes_2958.jpg,clothes,train
clothes/clothes_296.jpg,clothes,train
clothes/clothes_2960.jpg,clothes,train
clothes/clothes_2961.jpg,clothes,train
clothes/clothes_2962.jpg,clothes,train
clothes/clothes_2963.jpg,clothes,train
clothes/clothes_2967.jpg,clothes,train
clothes/clothes_2968.jpg,clothes,train
clothes/clothes_2969.jpg,clothes,train
clothes/clothes_297.jpg,clothes,train
clothes/clothes_2970.jpg,clothes,train
clothes/clothes_2972.jpg,clothes,train
clothes/clothes_2974.jpg,clothes,train
clothes/clothes_2975.jpg,clothes,train
clothes/clothes_2976.jpg,clothes,train
clothes/clothes_2977.jpg,clothes,train
clothes/clothes_2978.jpg,clothes,train
clothes/clothes_2979.jpg,clothes,train
clothes/clothes_2980.jpg,clothes,train
clothes/clothes_2982.jpg,clothes,train
clothes/clothes_2985.jpg,clothes,train
clothes/clothes_2987.jpg,clothes,train
clothes/clothes_2988.jpg,clothes,train
clothes/clothes_2989.jpg,clothes,train
clothes/clothes_299.jpg,clothes,train
clothes/clothes_2990.jpg,clothes,train
clothes/clothes_2991.jpg,clothes,train
clothes/clothes_2992.jpg,clothes,train
clothes/clothes_2995.jpg,clothes,train
clothes/clothes_2996.jpg,clothes,train
clothes/clothes_2997.jpg,clothes,train
clothes/clothes_2999.jpg,clothes,train
clothes/clothes_30.jpg,clothes,train
clothes/clothes_300.jpg,clothes,train
clothes/clothes_3000.jpg,clothes,train
clothes/clothes_3001.jpg,clothes,train
clothes/clothes_3002.jpg,clothes,train
clothes/clothes_3005.jpg,clothes,train
clothes/clothes_3006.jpg,clothes,train
clothes/clothes_3007.jpg,clothes,train
clothes/clothes_3008.jpg,clothes,train
clothes/clothes_3009.jpg,clothes,train
clothes/clothes_301.jpg,clothes,train
clothes/clothes_3010.jpg,clothes,train
clothes/clothes_3011.jpg,clothes,train
clothes/clothes_3013.jpg,clothes,train
clothes/clothes_3015.jpg,clothes,train
clothes/clothes_3016.jpg,clothes,train
clothes/clothes_3017.jpg,clothes,train
clothes/clothes_3018.jpg,clothes,train
clothes/clothes_3019.jpg,clothes,train
clothes/clothes_3020.jpg,clothes,train
clothes/clothes_3022.jpg,clothes,train
clothes/clothes_3023.jpg,clothes,train
clothes/clothes_3025.jpg,clothes,train
clothes/clothes_3026.jpg,clothes,train
clothes/clothes_3027.jpg,clothes,train
clothes/clothes_3028.jpg,clothes,train
clothes/clothes_3030.jpg,clothes,train
clothes/clothes_3031.jpg,clothes,train
clothes/clothes_3032.jpg,clothes,train
clothes/clothes_3033.jpg,clothes,train
clothes/clothes_3034.jpg,clothes,train
clothes/clothes_3035.jpg,clothes,train
clothes/clothes_3036.jpg,clothes,train
clothes/clothes_3037.jpg,clothes,train
clothes/clothes_3038.jpg,clothes,train
clothes/clothes_3039.jpg,clothes,train
clothes/clothes_304.jpg,clothes,train
clothes/clothes_3040.jpg,clothes,train
clothes/clothes_3041.jpg,clothes,train
clothes/clothes_3042.jpg,clothes,train
clothes/clothes_3043.jpg,clothes,train
clothes/clothes_3044.jpg,clothes,train
clothes/clothes_3045.jpg,clothes,train
clothes/clothes_3047.jpg,clothes,train
clothes/clothes_3048.jpg,clothes,train
clothes/clothes_3049.jpg,clothes,train
clothes/clothes_305.jpg,clothes,train
clothes/clothes_3050.jpg,clothes,train
clothes/clothes_3051.jpg,clothes,train
clothes/clothes_3053.jpg,clothes,train
clothes/clothes_3054.jpg,clothes,train
clothes/clothes_3055.jpg,clothes,train
clothes/clothes_3056.jpg,clothes,train
clothes/clothes_3057.jpg,clothes,train
clothes/clothes_3058.jpg,clothes,train
clothes/clothes_3059.jpg,clothes,train
clothes/clothes_3060.jpg,clothes,train
clothes/clothes_3063.jpg,clothes,train
clothes/clothes_3064.jpg,clothes,train
clothes/clothes_3065.jpg,clothes,train
clothes/clothes_3067.jpg,clothes,train
clothes/clothes_3068.jpg,clothes,train
clothes/clothes_3069.jpg,clothes,train
clothes/clothes_307.jpg,clothes,train
clothes/clothes_3070.jpg,clothes,train
clothes/clothes_3072.jpg,clothes,train
clothes/clothes_3073.jpg,clothes,train
clothes/clothes_3075.jpg,clothes,train
clothes/clothes_3076.jpg,clothes,train
clothes/clothes_3077.jpg,clothes,train
clothes/clothes_3078.jpg,clothes,train
clothes/clothes_3079.jpg,clothes,train
clothes/clothes_308.jpg,clothes,train
clothes/clothes_3080.jpg,clothes,train
clothes/clothes_3081.jpg,clothes,train
clothes/clothes_3082.jpg,clothes,train
clothes/clothes_3083.jpg,clothes,train
clothes/clothes_3084.jpg,clothes,train
clothes/clothes_3085.jpg,clothes,train
clothes/clothes_3086.jpg,clothes,train
clothes/clothes_3087.jpg,clothes,train
clothes/clothes_309.jpg,clothes,train
clothes/clothes_3090.jpg,clothes,train
clothes/clothes_3091.jpg,clothes,train
clothes/clothes_3092.jpg,clothes,train
clothes/clothes_3095.jpg,clothes,train
clothes/clothes_3096.jpg,clothes,train
clothes/clothes_3097.jpg,clothes,train
clothes/clothes_3099.jpg,clothes,train
clothes/clothes_31.jpg,clothes,train
clothes/clothes_310.jpg,clothes,train
clothes/clothes_3100.jpg,clothes,train
clothes/clothes_3102.jpg,clothes,train
clothes/clothes_3104.jpg,clothes,train
clothes/clothes_3105.jpg,clothes,train
clothes/clothes_3106.jpg,clothes,train
clothes/clothes_3107.jpg,clothes,train
clothes/clothes_311.jpg,clothes,train
clothes/clothes_3111.jpg,clothes,train
clothes/clothes_3112.jpg,clothes,train
clothes/clothes_3113.jpg,clothes,train
clothes/clothes_3114.jpg,clothes,train
clothes/clothes_3115.jpg,clothes,train
clothes/clothes_3116.jpg,clothes,train
clothes/clothes_3117.jpg,clothes,train
clothes/clothes_3118.jpg,clothes,train
clothes/clothes_3119.jpg,clothes,train
clothes/clothes_3120.jpg,clothes,train
clothes/clothes_3121.jpg,clothes,train
clothes/clothes_3122.jpg,clothes,train
clothes/clothes_3123.jpg,clothes,train
clothes/clothes_3124.jpg,clothes,train
clothes/clothes_3125.jpg,clothes,train
clothes/clothes_3127.jpg,clothes,train
clothes/clothes_3128.jpg,clothes,train
clothes/clothes_3130.jpg,clothes,train
clothes/clothes_3131.jpg,clothes,train
clothes/clothes_3132.jpg,clothes,train
clothes/clothes_3133.jpg,clothes,train
clothes/clothes_3134.jpg,clothes,train
clothes/clothes_3135.jpg,clothes,train
clothes/clothes_3136.jpg,clothes,train
clothes/clothes_3138.jpg,clothes,train
clothes/clothes_314.jpg,clothes,train
clothes/clothes_3141.jpg,clothes,train
clothes/clothes_3142.jpg,clothes,train
clothes/clothes_3143.jpg,clothes,train
clothes/clothes_3146.jpg,clothes,train
clothes/clothes_3147.jpg,clothes,train
clothes/clothes_3148.jpg,clothes,train
clothes/clothes_3149.jpg,clothes,train
clothes/clothes_315.jpg,clothes,train
clothes/clothes_3150.jpg,clothes,train
clothes/clothes_3151.jpg,clothes,train
clothes/clothes_3152.jpg,clothes,train
clothes/clothes_3153.jpg,clothes,train
clothes/clothes_3154.jpg,clothes,train
clothes/clothes_3156.jpg,clothes,train
clothes/clothes_3157.jpg,clothes,train
clothes/clothes_316.jpg,clothes,train
clothes/clothes_3160.jpg,clothes,train
clothes/clothes_3161.jpg,clothes,train
clothes/clothes_3162.jpg,clothes,train
clothes/clothes_3163.jpg,clothes,train
clothes/clothes_3164.jpg,clothes,train
clothes/clothes_3168.jpg,clothes,train
clothes/clothes_3171.jpg,clothes,train
clothes/clothes_3174.jpg,clothes,train
clothes/clothes_3175.jpg,clothes,train
clothes/clothes_3176.jpg,clothes,train
clothes/clothes_3177.jpg,clothes,train
clothes/clothes_3178.jpg,clothes,train
clothes/clothes_318.jpg,clothes,train
clothes/clothes_3181.jpg,clothes,train
clothes/clothes_3183.jpg,clothes,train
clothes/clothes_319.jpg,clothes,train
clothes/clothes_3190.jpg,clothes,train
clothes/clothes_3192.jpg,clothes,train
clothes/clothes_3194.jpg,clothes,train
clothes/clothes_3195.jpg,clothes,train
clothes/clothes_3196.jpg,clothes,train
clothes/clothes_3197.jpg,clothes,train
clothes/clothes_3199.jpg,clothes,train
clothes/clothes_32.jpg,clothes,train
clothes/clothes_3200.jpg,clothes,train
clothes/clothes_3203.jpg,clothes,train
clothes/clothes_3204.jpg,clothes,train
clothes/clothes_3205.jpg,clothes,train
clothes/clothes_3206.jpg,clothes,train
clothes/clothes_3207.jpg,clothes,train
clothes/clothes_3208.jpg,clothes,train
clothes/clothes_3209.jpg,clothes,train
clothes/clothes_321.jpg,clothes,train
clothes/clothes_3210.jpg,clothes,train
clothes/clothes_3214.jpg,clothes,train
clothes/clothes_3215.jpg,clothes,train
clothes/clothes_322.jpg,clothes,train
clothes/clothes_3220.jpg,clothes,train
clothes/clothes_3222.jpg,clothes,train
clothes/clothes_3223.jpg,clothes,train
clothes/clothes_3225.jpg,clothes,train
clothes/clothes_3227.jpg,clothes,train
clothes/clothes_3228.jpg,clothes,train
clothes/clothes_323.jpg,clothes,train
clothes/clothes_3231.jpg,clothes,train
clothes/clothes_3232.jpg,clothes,train
clothes/clothes_3233.jpg,clothes,train
clothes/clothes_3234.jpg,clothes,train
clothes/clothes_3235.jpg,clothes,train
clothes/clothes_3236.jpg,clothes,train
clothes/clothes_3237.jpg,clothes,train
clothes/clothes_3238.jpg,clothes,train
clothes/clothes_3239.jpg,clothes,train
clothes/clothes_324.jpg,clothes,train
clothes/clothes_3242.jpg,clothes,train
clothes/clothes_3243.jpg,clothes,train
clothes/clothes_3244.jpg,clothes,train
clothes/clothes_3245.jpg,clothes,train
clothes/clothes_3246.jpg,clothes,train
clothes/clothes_3248.jpg,clothes,train
clothes/clothes_3249.jpg,clothes,train
clothes/clothes_3254.jpg,clothes,train
clothes/clothes_3256.jpg,clothes,train
clothes/clothes_3259.jpg,clothes,train
clothes/clothes_326.jpg,clothes,train
clothes/clothes_3260.jpg,clothes,train
clothes/clothes_3261.jpg,clothes,train
clothes/clothes_3262.jpg,clothes,train
clothes/clothes_3263.jpg,clothes,train
clothes/clothes_3265.jpg,clothes,train
clothes/clothes_3266.jpg,clothes,train
clothes/clothes_3267.jpg,clothes,train
clothes/clothes_3268.jpg,clothes,train
clothes/clothes_3270.jpg,clothes,train
clothes/clothes_3271.jpg,clothes,train
clothes/clothes_3272.jpg,clothes,train
clothes/clothes_3273.jpg,clothes,train
clothes/clothes_3274.jpg,clothes,train
clothes/clothes_3275.jpg,clothes,train
clothes/clothes_3276.jpg,clothes,train
clothes/clothes_3277.jpg,clothes,train
clothes/clothes_3278.jpg,clothes,train
clothes/clothes_3280.jpg,clothes,train
clothes/clothes_3281.jpg,clothes,train
clothes/clothes_3282.jpg,clothes,train
clothes/clothes_3283.jpg,clothes,train
clothes/clothes_3284.jpg,clothes,train
clothes/clothes_3285.jpg,clothes,train
clothes/clothes_3286.jpg,clothes,train
clothes/clothes_3287.jpg,clothes,train
clothes/clothes_3288.jpg,clothes,train
clothes/clothes_3290.jpg,clothes,train
clothes/clothes_3291.jpg,clothes,train
clothes/clothes_3296.jpg,clothes,train
clothes/clothes_33.jpg,clothes,train
clothes/clothes_3300.jpg,clothes,train
clothes/clothes_3302.jpg,clothes,train
clothes/clothes_3303.jpg,clothes,train
clothes/clothes_3304.jpg,clothes,train
clothes/clothes_3308.jpg,clothes,train
clothes/clothes_3309.jpg,clothes,train
clothes/clothes_331.jpg,clothes,train
clothes/clothes_3310.jpg,clothes,train
clothes/clothes_3311.jpg,clothes,train
clothes/clothes_3312.jpg,clothes,train
clothes/clothes_3313.jpg,clothes,train
clothes/clothes_3315.jpg,clothes,train
clothes/clothes_3316.jpg,clothes,train
clothes/clothes_3317.jpg,clothes,train
clothes/clothes_3318.jpg,clothes,train
clothes/clothes_3319.jpg,clothes,train
clothes/clothes_3320.jpg,clothes,train
clothes/clothes_3323.jpg,clothes,train
clothes/clothes_3324.jpg,clothes,train
clothes/clothes_3326.jpg,clothes,train
clothes/clothes_3327.jpg,clothes,train
clothes/clothes_333.jpg,clothes,train
clothes/clothes_3330.jpg,clothes,train
clothes/clothes_3332.jpg,clothes,train
clothes/clothes_3334.jpg,clothes,train
clothes/clothes_3335.jpg,clothes,train
clothes/clothes_3336.jpg,clothes,train
clothes/clothes_3338.jpg,clothes,train
clothes/clothes_3339.jpg,clothes,train
clothes/clothes_334.jpg,clothes,train
clothes/clothes_3341.jpg,clothes,train
clothes/clothes_3344.jpg,clothes,train
clothes/clothes_3345.jpg,clothes,train
clothes/clothes_3347.jpg,clothes,train
clothes/clothes_3348.jpg,clothes,train
clothes/clothes_3349.jpg,clothes,train
clothes/clothes_335.jpg,clothes,train
clothes/clothes_3350.jpg,clothes,train
clothes/clothes_3355.jpg,clothes,train
clothes/clothes_3357.jpg,clothes,train
clothes/clothes_3358.jpg,clothes,train
clothes/clothes_3359.jpg,clothes,train
clothes/clothes_336.jpg,clothes,train
clothes/clothes_3360.jpg,clothes,train
clothes/clothes_3361.jpg,clothes,train
clothes/clothes_3362.jpg,clothes,train
clothes/clothes_3363.jpg,clothes,train
clothes/clothes_3365.jpg,clothes,train
clothes/clothes_3366.jpg,clothes,train
clothes/clothes_3368.jpg,clothes,train
clothes/clothes_337.jpg,clothes,train
clothes/clothes_3370.jpg,clothes,train
clothes/clothes_3371.jpg,clothes,train
clothes/clothes_3372.jpg,clothes,train
clothes/clothes_3374.jpg,clothes,train
clothes/clothes_3376.jpg,clothes,train
clothes/clothes_3377.jpg,clothes,train
clothes/clothes_3379.jpg,clothes,train
clothes/clothes_338.jpg,clothes,train
clothes/clothes_3380.jpg,clothes,train
clothes/clothes_3382.jpg,clothes,train
clothes/clothes_3383.jpg,clothes,train
clothes/clothes_3385.jpg,clothes,train
clothes/clothes_3390.jpg,clothes,train
clothes/clothes_3394.jpg,clothes,train
clothes/clothes_3395.jpg,clothes,train
clothes/clothes_3396.jpg,clothes,train
clothes/clothes_3398.jpg,clothes,train
clothes/clothes_34.jpg,clothes,train
clothes/clothes_340.jpg,clothes,train
clothes/clothes_3400.jpg,clothes,train
clothes/clothes_3402.jpg,clothes,train
clothes/clothes_3403.jpg,clothes,train
clothes/clothes_3405.jpg,clothes,train
clothes/clothes_3407.jpg,clothes,train
clothes/clothes_3409.jpg,clothes,train
clothes/clothes_341.jpg,clothes,train
clothes/clothes_3410.jpg,clothes,train
clothes/clothes_3411.jpg,clothes,train
clothes/clothes_3412.jpg,clothes,train
clothes/clothes_3413.jpg,clothes,train
clothes/clothes_3416.jpg,clothes,train
clothes/clothes_3417.jpg,clothes,train
clothes/clothes_3419.jpg,clothes,train
clothes/clothes_342.jpg,clothes,train
clothes/clothes_3420.jpg,clothes,train
clothes/clothes_3421.jpg,clothes,train
clothes/clothes_3422.jpg,clothes,train
clothes/clothes_3424.jpg,clothes,train
clothes/clothes_3425.jpg,clothes,train
clothes/clothes_3426.jpg,clothes,train
clothes/clothes_3429.jpg,clothes,train
clothes/clothes_343.jpg,clothes,train
clothes/clothes_3431.jpg,clothes,train
clothes/clothes_3432.jpg,clothes,train
clothes/clothes_3433.jpg,clothes,train
clothes/clothes_3435.jpg,clothes,train
clothes/clothes_3436.jpg,clothes,train
clothes/clothes_3437.jpg,clothes,train
clothes/clothes_3438.jpg,clothes,train
clothes/clothes_3439.jpg,clothes,train
clothes/clothes_344.jpg,clothes,train
clothes/clothes_3440.jpg,clothes,train
clothes/clothes_3441.jpg,clothes,train
clothes/clothes_3442.jpg,clothes,train
clothes/clothes_3443.jpg,clothes,train
clothes/clothes_3444.jpg,clothes,train
clothes/clothes_3445.jpg,clothes,train
clothes/clothes_3446.jpg,clothes,train
clothes/clothes_3448.jpg,clothes,train
clothes/clothes_3449.jpg,clothes,train
clothes/clothes_3450.jpg,clothes,train
clothes/clothes_3452.jpg,clothes,train
clothes/clothes_3453.jpg,clothes,train
clothes/clothes_3455.jpg,clothes,train
clothes/clothes_3456.jpg,clothes,train
clothes/clothes_3457.jpg,clothes,train
clothes/clothes_3458.jpg,clothes,train
clothes/clothes_346.jpg,clothes,train
clothes/clothes_3460.jpg,clothes,train
clothes/clothes_3461.jpg,clothes,train
clothes/clothes_3462.jpg,clothes,train
clothes/clothes_3463.jpg,clothes,train
clothes/clothes_3465.jpg,clothes,train
clothes/clothes_3467.jpg,clothes,train
clothes/clothes_3470.jpg,clothes,train
clothes/clothes_3472.jpg,clothes,train
clothes/clothes_3473.jpg,clothes,train
clothes/clothes_3474.jpg,clothes,train
clothes/clothes_3475.jpg,clothes,train
clothes/clothes_3476.jpg,clothes,train
clothes/clothes_3477.jpg,clothes,train
clothes/clothes_3478.jpg,clothes,train
clothes/clothes_3479.jpg,clothes,train
clothes/clothes_348.jpg,clothes,train
clothes/clothes_3480.jpg,clothes,train
clothes/clothes_3481.jpg,clothes,train
clothes/clothes_3483.jpg,clothes,train
clothes/clothes_3487.jpg,clothes,train
clothes/clothes_3488.jpg,clothes,train
clothes/clothes_3489.jpg,clothes,train
clothes/clothes_349.jpg,clothes,train
clothes/clothes_3490.jpg,clothes,train
clothes/clothes_3491.jpg,clothes,train
clothes/clothes_3492.jpg,clothes,train
clothes/clothes_3496.jpg,clothes,train
clothes/clothes_3497.jpg,clothes,train
clothes/clothes_3498.jpg,clothes,train
clothes/clothes_3499.jpg,clothes,train
clothes/clothes_3506.jpg,clothes,train
clothes/clothes_3508.jpg,clothes,train
clothes/clothes_3509.jpg,clothes,train
clothes/clothes_3510.jpg,clothes,train
clothes/clothes_3511.jpg,clothes,train
clothes/clothes_3512.jpg,clothes,train
clothes/clothes_3514.jpg,clothes,train
clothes/clothes_3519.jpg,clothes,train
clothes/clothes_3522.jpg,clothes,train
clothes/clothes_3523.jpg,clothes,train
clothes/clothes_3524.jpg,clothes,train
clothes/clothes_3526.jpg,clothes,train
clothes/clothes_3527.jpg,clothes,train
clothes/clothes_3528.jpg,clothes,train
clothes/clothes_3529.jpg,clothes,train
clothes/clothes_353.jpg,clothes,train
clothes/clothes_3530.jpg,clothes,train
clothes/clothes_3531.jpg,clothes,train
clothes/clothes_3533.jpg,clothes,train
clothes/clothes_3534.jpg,clothes,train
clothes/clothes_3535.jpg,clothes,train
clothes/clothes_3537.jpg,clothes,train
clothes/clothes_3538.jpg,clothes,train
clothes/clothes_3539.jpg,clothes,train
clothes/clothes_354.jpg,clothes,train
clothes/clothes_3540.jpg,clothes,train
clothes/clothes_3543.jpg,clothes,train
clothes/clothes_3544.jpg,clothes,train
clothes/clothes_3547.jpg,clothes,train
clothes/clothes_3548.jpg,clothes,train
clothes/clothes_3549.jpg,clothes,train
clothes/clothes_3552.jpg,clothes,train
clothes/clothes_3553.jpg,clothes,train
clothes/clothes_3555.jpg,clothes,train
clothes/clothes_3557.jpg,clothes,train
clothes/clothes_3559.jpg,clothes,train
clothes/clothes_356.jpg,clothes,train
clothes/clothes_3560.jpg,clothes,train
clothes/clothes_3563.jpg,clothes,train
clothes/clothes_3564.jpg,clothes,train
clothes/clothes_3565.jpg,clothes,train
clothes/clothes_3567.jpg,clothes,train
clothes/clothes_3568.jpg,clothes,train
clothes/clothes_3569.jpg,clothes,train
clothes/clothes_357.jpg,clothes,train
clothes/clothes_3570.jpg,clothes,train
clothes/clothes_3571.jpg,clothes,train
clothes/clothes_3572.jpg,clothes,train
clothes/clothes_3573.jpg,clothes,train
clothes/clothes_3575.jpg,clothes,train
clothes/clothes_3576.jpg,clothes,train
clothes/clothes_3578.jpg,clothes,train
clothes/clothes_3579.jpg,clothes,train
clothes/clothes_358.jpg,clothes,train
clothes/clothes_3580.jpg,clothes,train
clothes/clothes_3584.jpg,clothes,train
clothes/clothes_3586.jpg,clothes,train
clothes/clothes_3588.jpg,clothes,train
clothes/clothes_3589.jpg,clothes,train
clothes/clothes_359.jpg,clothes,train
clothes/clothes_3590.jpg,clothes,train
clothes/clothes_3591.jpg,clothes,train
clothes/clothes_3592.jpg,clothes,train
clothes/clothes_3593.jpg,clothes,train
clothes/clothes_3594.jpg,clothes,train
clothes/clothes_3595.jpg,clothes,train
clothes/clothes_3596.jpg,clothes,train
clothes/clothes_3597.jpg,clothes,train
clothes/clothes_3598.jpg,clothes,train
clothes/clothes_3600.jpg,clothes,train
clothes/clothes_3601.jpg,clothes,train
clothes/clothes_3604.jpg,clothes,train
clothes/clothes_3605.jpg,clothes,train
clothes/clothes_3607.jpg,clothes,train
clothes/clothes_3608.jpg,clothes,train
clothes/clothes_361.jpg,clothes,train
clothes/clothes_3612.jpg,clothes,train
clothes/clothes_3613.jpg,clothes,train
clothes/clothes_3614.jpg,clothes,train
clothes/clothes_3615.jpg,clothes,train
clothes/clothes_3616.jpg,clothes,train
clothes/clothes_3617.jpg,clothes,train
clothes/clothes_3619.jpg,clothes,train
clothes/clothes_362.jpg,clothes,train
clothes/clothes_3622.jpg,clothes,train
clothes/clothes_3623.jpg,clothes,train
clothes/clothes_3624.jpg,clothes,train
clothes/clothes_3625.jpg,clothes,train
clothes/clothes_3626.jpg,clothes,train
clothes/clothes_3627.jpg,clothes,train
clothes/clothes_3630.jpg,clothes,train
clothes/clothes_3634.jpg,clothes,train
clothes/clothes_3635.jpg,clothes,train
clothes/clothes_3636.jpg,clothes,train
clothes/clothes_3637.jpg,clothes,train
clothes/clothes_3639.jpg,clothes,train
clothes/clothes_3641.jpg,clothes,train
clothes/clothes_3642.jpg,clothes,train
clothes/clothes_3644.jpg,clothes,train
clothes/clothes_3646.jpg,clothes,train
clothes/clothes_3647.jpg,clothes,train
clothes/clothes_3648.jpg,clothes,train
clothes/clothes_3650.jpg,clothes,train
clothes/clothes_3654.jpg,clothes,train
clothes/clothes_3656.jpg,clothes,train
clothes/clothes_3657.jpg,clothes,train
clothes/clothes_3658.jpg,clothes,train
clothes/clothes_3659.jpg,clothes,train
clothes/clothes_366.jpg,clothes,train
clothes/clothes_3661.jpg,clothes,train
clothes/clothes_3664.jpg,clothes,train
clothes/clothes_3666.jpg,clothes,train
clothes/clothes_3667.jpg,clothes,train
clothes/clothes_3669.jpg,clothes,train
clothes/clothes_367.jpg,clothes,train
clothes/clothes_3670.jpg,clothes,train
clothes/clothes_3673.jpg,clothes,train
clothes/clothes_3674.jpg,clothes,train
clothes/clothes_3675.jpg,clothes,train
clothes/clothes_3676.jpg,clothes,train
clothes/clothes_3678.jpg,clothes,train
clothes/clothes_368.jpg,clothes,train
clothes/clothes_3681.jpg,clothes,train
clothes/clothes_3683.jpg,clothes,train
clothes/clothes_3685.jpg,clothes,train
clothes/clothes_3686.jpg,clothes,train
clothes/clothes_3687.jpg,clothes,train
clothes/clothes_3689.jpg,clothes,train
clothes/clothes_369.jpg,clothes,train
clothes/clothes_3690.jpg,clothes,train
clothes/clothes_3693.jpg,clothes,train
clothes/clothes_3694.jpg,clothes,train
clothes/clothes_3695.jpg,clothes,train
clothes/clothes_3696.jpg,clothes,train
clothes/clothes_3697.jpg,clothes,train
clothes/clothes_3698.jpg,clothes,train
clothes/clothes_3699.jpg,clothes,train
clothes/clothes_37.jpg,clothes,train
clothes/clothes_370.jpg,clothes,train
clothes/clothes_3700.jpg,clothes,train
clothes/clothes_3702.jpg,clothes,train
clothes/clothes_3703.jpg,clothes,train
clothes/clothes_3705.jpg,clothes,train
clothes/clothes_3707.jpg,clothes,train
clothes/clothes_3708.jpg,clothes,train
clothes/clothes_3709.jpg,clothes,train
clothes/clothes_371.jpg,clothes,train
clothes/clothes_3710.jpg,clothes,train
clothes/clothes_3711.jpg,clothes,train
clothes/clothes_3712.jpg,clothes,train
clothes/clothes_3713.jpg,clothes,train
clothes/clothes_3714.jpg,clothes,train
clothes/clothes_3716.jpg,clothes,train
clothes/clothes_3717.jpg,clothes,train
clothes/clothes_3719.jpg,clothes,train
clothes/clothes_372.jpg,clothes,train
clothes/clothes_3720.jpg,clothes,train
clothes/clothes_3721.jpg,clothes,train
clothes/clothes_3722.jpg,clothes,train
clothes/clothes_3723.jpg,clothes,train
clothes/clothes_3725.jpg,clothes,train
clothes/clothes_3726.jpg,clothes,train
clothes/clothes_3727.jpg,clothes,train
clothes/clothes_3728.jpg,clothes,train
clothes/clothes_3729.jpg,clothes,train
clothes/clothes_373.jpg,clothes,train
clothes/clothes_3730.jpg,clothes,train
clothes/clothes_3731.jpg,clothes,train
clothes/clothes_3732.jpg,clothes,train
clothes/clothes_3733.jpg,clothes,train
clothes/clothes_3734.jpg,clothes,train
clothes/clothes_3735.jpg,clothes,train
clothes/clothes_3736.jpg,clothes,train
clothes/clothes_3737.jpg,clothes,train
clothes/clothes_3738.jpg,clothes,train
clothes/clothes_374.jpg,clothes,train
clothes/clothes_3740.jpg,clothes,train
clothes/clothes_3742.jpg,clothes,train
clothes/clothes_3743.jpg,clothes,train
clothes/clothes_3744.jpg,clothes,train
clothes/clothes_3745.jpg,clothes,train
clothes/clothes_3746.jpg,clothes,train
clothes/clothes_3747.jpg,clothes,train
clothes/clothes_3748.jpg,clothes,train
clothes/clothes_3749.jpg,clothes,train
clothes/clothes_375.jpg,clothes,train
clothes/clothes_3750.jpg,clothes,train
clothes/clothes_3751.jpg,clothes,train
clothes/clothes_3752.jpg,clothes,train
clothes/clothes_3754.jpg,clothes,train
clothes/clothes_3755.jpg,clothes,train
clothes/clothes_3756.jpg,clothes,train
clothes/clothes_3757.jpg,clothes,train
clothes/clothes_3759.jpg,clothes,train
clothes/clothes_376.jpg,clothes,train
clothes/clothes_3760.jpg,clothes,train
clothes/clothes_3761.jpg,clothes,train
clothes/clothes_3767.jpg,clothes,train
clothes/clothes_3768.jpg,clothes,train
clothes/clothes_3769.jpg,clothes,train
clothes/clothes_377.jpg,clothes,train
clothes/clothes_3771.jpg,clothes,train
clothes/clothes_3772.jpg,clothes,train
clothes/clothes_3773.jpg,clothes,train
clothes/clothes_3774.jpg,clothes,train
clothes/clothes_3775.jpg,clothes,train
clothes/clothes_3776.jpg,clothes,train
clothes/clothes_3777.jpg,clothes,train
clothes/clothes_3779.jpg,clothes,train
clothes/clothes_378.jpg,clothes,train
clothes/clothes_3780.jpg,clothes,train
clothes/clothes_3782.jpg,clothes,train
clothes/clothes_3783.jpg,clothes,train
clothes/clothes_3785.jpg,clothes,train
clothes/clothes_3786.jpg,clothes,train
clothes/clothes_3787.jpg,clothes,train
clothes/clothes_3788.jpg,clothes,train
clothes/clothes_3789.jpg,clothes,train
clothes/clothes_379.jpg,clothes,train
clothes/clothes_3792.jpg,clothes,train
clothes/clothes_3793.jpg,clothes,train
clothes/clothes_3794.jpg,clothes,train
clothes/clothes_3795.jpg,clothes,train
clothes/clothes_3797.jpg,clothes,train
clothes/clothes_3798.jpg,clothes,train
clothes/clothes_3799.jpg,clothes,train
clothes/clothes_380.jpg,clothes,train
clothes/clothes_3802.jpg,clothes,train
clothes/clothes_3803.jpg,clothes,train
clothes/clothes_3804.jpg,clothes,train
clothes/clothes_3806.jpg,clothes,train
clothes/clothes_3807.jpg,clothes,train
clothes/clothes_3808.jpg,clothes,train
clothes/clothes_3809.jpg,clothes,train
clothes/clothes_381.jpg,clothes,train
clothes/clothes_3810.jpg,clothes,train
clothes/clothes_3811.jpg,clothes,train
clothes/clothes_3812.jpg,clothes,train
clothes/clothes_3814.jpg,clothes,train
clothes/clothes_3815.jpg,clothes,train
clothes/clothes_3816.jpg,clothes,train
clothes/clothes_3817.jpg,clothes,train
clothes/clothes_3818.jpg,clothes,train
clothes/clothes_3820.jpg,clothes,train
clothes/clothes_3821.jpg,clothes,train
clothes/clothes_3822.jpg,clothes,train
clothes/clothes_3823.jpg,clothes,train
clothes/clothes_3824.jpg,clothes,train
clothes/clothes_3825.jpg,clothes,train
clothes/clothes_3826.jpg,clothes,train
clothes/clothes_3828.jpg,clothes,train
clothes/clothes_3829.jpg,clothes,train
clothes/clothes_383.jpg,clothes,train
clothes/clothes_3830.jpg,clothes,train
clothes/clothes_3831.jpg,clothes,train
clothes/clothes_3832.jpg,clothes,train
clothes/clothes_3833.jpg,clothes,train
clothes/clothes_3834.jpg,clothes,train
clothes/clothes_3835.jpg,clothes,train
clothes/clothes_3836.jpg,clothes,train
clothes/clothes_384.jpg,clothes,train
clothes/clothes_3840.jpg,clothes,train
clothes/clothes_3841.jpg,clothes,train
clothes/clothes_3842.jpg,clothes,train
clothes/clothes_3845.jpg,clothes,train
clothes/clothes_3846.jpg,clothes,train
clothes/clothes_3847.jpg,clothes,train
clothes/clothes_3848.jpg,clothes,train
clothes/clothes_385.jpg,clothes,train
clothes/clothes_3850.jpg,clothes,train
clothes/clothes_3852.jpg,clothes,train
clothes/clothes_3854.jpg,clothes,train
clothes/clothes_3855.jpg,clothes,train
clothes/clothes_3857.jpg,clothes,train
clothes/clothes_3858.jpg,clothes,train
clothes/clothes_3859.jpg,clothes,train
clothes/clothes_3860.jpg,clothes,train
clothes/clothes_3861.jpg,clothes,train
clothes/clothes_3864.jpg,clothes,train
clothes/clothes_3865.jpg,clothes,train
clothes/clothes_3866.jpg,clothes,train
clothes/clothes_3867.jpg,clothes,train
clothes/clothes_3868.jpg,clothes,train
clothes/clothes_3870.jpg,clothes,train
clothes/clothes_3872.jpg,clothes,train
clothes/clothes_3873.jpg,clothes,train
clothes/clothes_3876.jpg,clothes,train
clothes/clothes_3878.jpg,clothes,train
clothes/clothes_3879.jpg,clothes,train
clothes/clothes_388.jpg,clothes,train
clothes/clothes_3881.jpg,clothes,train
clothes/clothes_3882.jpg,clothes,train
clothes/clothes_3883.jpg,clothes,train
clothes/clothes_3884.jpg,clothes,train
clothes/clothes_3885.jpg,clothes,train
clothes/clothes_3886.jpg,clothes,train
clothes/clothes_3887.jpg,clothes,train
clothes/clothes_3888.jpg,clothes,train
clothes/clothes_389.jpg,clothes,train
clothes/clothes_3891.jpg,clothes,train
clothes/clothes_3893.jpg,clothes,train
clothes/clothes_3895.jpg,clothes,train
clothes/clothes_3899.jpg,clothes,train
clothes/clothes_39.jpg,clothes,train
clothes/clothes_390.jpg,clothes,train
clothes/clothes_3902.jpg,clothes,train
clothes/clothes_3903.jpg,clothes,train
clothes/clothes_3904.jpg,clothes,train
clothes/clothes_3905.jpg,clothes,train
clothes/clothes_3907.jpg,clothes,train
clothes/clothes_3908.jpg,clothes,train
clothes/clothes_391.jpg,clothes,train
clothes/clothes_3910.jpg,clothes,train
clothes/clothes_3911.jpg,clothes,train
clothes/clothes_3912.jpg,clothes,train
clothes/clothes_3914.jpg,clothes,train
clothes/clothes_3915.jpg,clothes,train
clothes/clothes_3916.jpg,clothes,train
clothes/clothes_3917.jpg,clothes,train
clothes/clothes_3918.jpg,clothes,train
clothes/clothes_3919.jpg,clothes,train
clothes/clothes_392.jpg,clothes,train
clothes/clothes_3920.jpg,clothes,train
clothes/clothes_3926.jpg,clothes,train
clothes/clothes_3928.jpg,clothes,train
clothes/clothes_3929.jpg,clothes,train
clothes/clothes_3931.jpg,clothes,train
clothes/clothes_3932.jpg,clothes,train
clothes/clothes_3934.jpg,clothes,train
clothes/clothes_3935.jpg,clothes,train
clothes/clothes_3936.jpg,clothes,train
clothes/clothes_3937.jpg,clothes,train
clothes/clothes_3938.jpg,clothes,train
clothes/clothes_394.jpg,clothes,train
clothes/clothes_3941.jpg,clothes,train
clothes/clothes_3942.jpg,clothes,train
clothes/clothes_3944.jpg,clothes,train
clothes/clothes_3949.jpg,clothes,train
clothes/clothes_395.jpg,clothes,train
clothes/clothes_3950.jpg,clothes,train
clothes/clothes_3952.jpg,clothes,train
clothes/clothes_3953.jpg,clothes,train
clothes/clothes_3955.jpg,clothes,train
clothes/clothes_3956.jpg,clothes,train
clothes/clothes_3959.jpg,clothes,train
clothes/clothes_396.jpg,clothes,train
clothes/clothes_3960.jpg,clothes,train
clothes/clothes_3963.jpg,clothes,train
clothes/clothes_3964.jpg,clothes,train
clothes/clothes_3965.jpg,clothes,train
clothes/clothes_3966.jpg,clothes,train
clothes/clothes_3967.jpg,clothes,train
clothes/clothes_3968.jpg,clothes,train
clothes/clothes_397.jpg,clothes,train
clothes/clothes_3971.jpg,clothes,train
clothes/clothes_3972.jpg,clothes,train
clothes/clothes_3974.jpg,clothes,train
clothes/clothes_3976.jpg,clothes,train
clothes/clothes_3978.jpg,clothes,train
clothes/clothes_3979.jpg,clothes,train
clothes/clothes_3980.jpg,clothes,train
clothes/clothes_3982.jpg,clothes,train
clothes/clothes_3983.jpg,clothes,train
clothes/clothes_3985.jpg,clothes,train
clothes/clothes_3986.jpg,clothes,train
clothes/clothes_3987.jpg,clothes,train
clothes/clothes_3988.jpg,clothes,train
clothes/clothes_399.jpg,clothes,train
clothes/clothes_3990.jpg,clothes,train
clothes/clothes_3993.jpg,clothes,train
clothes/clothes_3994.jpg,clothes,train
clothes/clothes_3995.jpg,clothes,train
clothes/clothes_3996.jpg,clothes,train
clothes/clothes_3997.jpg,clothes,train
clothes/clothes_3998.jpg,clothes,train
clothes/clothes_3999.jpg,clothes,train
clothes/clothes_4.jpg,clothes,train
clothes/clothes_40.jpg,clothes,train
clothes/clothes_400.jpg,clothes,train
clothes/clothes_4000.jpg,clothes,train
clothes/clothes_4001.jpg,clothes,train
clothes/clothes_4003.jpg,clothes,train
clothes/clothes_4006.jpg,clothes,train
clothes/clothes_4007.jpg,clothes,train
clothes/clothes_4008.jpg,clothes,train
clothes/clothes_401.jpg,clothes,train
clothes/clothes_4010.jpg,clothes,train
clothes/clothes_4011.jpg,clothes,train
clothes/clothes_4012.jpg,clothes,train
clothes/clothes_4013.jpg,clothes,train
clothes/clothes_4016.jpg,clothes,train
clothes/clothes_4017.jpg,clothes,train
clothes/clothes_4021.jpg,clothes,train
clothes/clothes_4022.jpg,clothes,train
clothes/clothes_4023.jpg,clothes,train
clothes/clothes_4024.jpg,clothes,train
clothes/clothes_4025.jpg,clothes,train
clothes/clothes_4027.jpg,clothes,train
clothes/clothes_4028.jpg,clothes,train
clothes/clothes_4029.jpg,clothes,train
clothes/clothes_4030.jpg,clothes,train
clothes/clothes_4031.jpg,clothes,train
clothes/clothes_4033.jpg,clothes,train
clothes/clothes_4034.jpg,clothes,train
clothes/clothes_4035.jpg,clothes,train
clothes/clothes_4036.jpg,clothes,train
clothes/clothes_4037.jpg,clothes,train
clothes/clothes_4038.jpg,clothes,train
clothes/clothes_4039.jpg,clothes,train
clothes/clothes_404.jpg,clothes,train
clothes/clothes_4040.jpg,clothes,train
clothes/clothes_4041.jpg,clothes,train
clothes/clothes_4045.jpg,clothes,train
clothes/clothes_4047.jpg,clothes,train
clothes/clothes_4049.jpg,clothes,train
clothes/clothes_405.jpg,clothes,train
clothes/clothes_4050.jpg,clothes,train
clothes/clothes_4051.jpg,clothes,train
clothes/clothes_4052.jpg,clothes,train
clothes/clothes_4053.jpg,clothes,train
clothes/clothes_4054.jpg,clothes,train
clothes/clothes_4056.jpg,clothes,train
clothes/clothes_4057.jpg,clothes,train
clothes/clothes_4058.jpg,clothes,train
clothes/clothes_406.jpg,clothes,train
clothes/clothes_4060.jpg,clothes,train
clothes/clothes_4061.jpg,clothes,train
clothes/clothes_4066.jpg,clothes,train
clothes/clothes_4067.jpg,clothes,train
clothes/clothes_4068.jpg,clothes,train
clothes/clothes_4069.jpg,clothes,train
clothes/clothes_4070.jpg,clothes,train
clothes/clothes_4072.jpg,clothes,train
clothes/clothes_4073.jpg,clothes,train
clothes/clothes_4074.jpg,clothes,train
clothes/clothes_4075.jpg,clothes,train
clothes/clothes_4076.jpg,clothes,train
clothes/clothes_4077.jpg,clothes,train
clothes/clothes_4079.jpg,clothes,train
clothes/clothes_4081.jpg,clothes,train
clothes/clothes_4082.jpg,clothes,train
clothes/clothes_4083.jpg,clothes,train
clothes/clothes_4086.jpg,clothes,train
clothes/clothes_4087.jpg,clothes,train
clothes/clothes_4088.jpg,clothes,train
clothes/clothes_409.jpg,clothes,train
clothes/clothes_4090.jpg,clothes,train
clothes/clothes_4091.jpg,clothes,train
clothes/clothes_4093.jpg,clothes,train
clothes/clothes_4094.jpg,clothes,train
clothes/clothes_4096.jpg,clothes,train
clothes/clothes_4097.jpg,clothes,train
clothes/clothes_4098.jpg,clothes,train
clothes/clothes_4099.jpg,clothes,train
clothes/clothes_41.jpg,clothes,train
clothes/clothes_410.jpg,clothes,train
clothes/clothes_4102.jpg,clothes,train
clothes/clothes_4103.jpg,clothes,train
clothes/clothes_4105.jpg,clothes,train
clothes/clothes_4106.jpg,clothes,train
clothes/clothes_4107.jpg,clothes,train
clothes/clothes_4108.jpg,clothes,train
clothes/clothes_4109.jpg,clothes,train
clothes/clothes_411.jpg,clothes,train
clothes/clothes_4110.jpg,clothes,train
clothes/clothes_4111.jpg,clothes,train
clothes/clothes_4113.jpg,clothes,train
clothes/clothes_4114.jpg,clothes,train
clothes/clothes_4115.jpg,clothes,train
clothes/clothes_4116.jpg,clothes,train
clothes/clothes_4117.jpg,clothes,train
clothes/clothes_4118.jpg,clothes,train
clothes/clothes_4119.jpg,clothes,train
clothes/clothes_4121.jpg,clothes,train
clothes/clothes_4122.jpg,clothes,train
clothes/clothes_4125.jpg,clothes,train
clothes/clothes_4128.jpg,clothes,train
clothes/clothes_4129.jpg,clothes,train
clothes/clothes_413.jpg,clothes,train
clothes/clothes_4130.jpg,clothes,train
clothes/clothes_4133.jpg,clothes,train
clothes/clothes_4135.jpg,clothes,train
clothes/clothes_4136.jpg,clothes,train
clothes/clothes_414.jpg,clothes,train
clothes/clothes_4140.jpg,clothes,train
clothes/clothes_4142.jpg,clothes,train
clothes/clothes_4143.jpg,clothes,train
clothes/clothes_4144.jpg,clothes,train
clothes/clothes_4145.jpg,clothes,train
clothes/clothes_4147.jpg,clothes,train
clothes/clothes_4148.jpg,clothes,train
clothes/clothes_4149.jpg,clothes,train
clothes/clothes_415.jpg,clothes,train
clothes/clothes_4152.jpg,clothes,train
clothes/clothes_4153.jpg,clothes,train
clothes/clothes_4154.jpg,clothes,train
clothes/clothes_4155.jpg,clothes,train
clothes/clothes_4156.jpg,clothes,train
clothes/clothes_4157.jpg,clothes,train
clothes/clothes_416.jpg,clothes,train
clothes/clothes_4162.jpg,clothes,train
clothes/clothes_4163.jpg,clothes,train
clothes/clothes_4164.jpg,clothes,train
clothes/clothes_4167.jpg,clothes,train
clothes/clothes_4168.jpg,clothes,train
clothes/clothes_4169.jpg,clothes,train
clothes/clothes_417.jpg,clothes,train
clothes/clothes_4170.jpg,clothes,train
clothes/clothes_4171.jpg,clothes,train
clothes/clothes_4172.jpg,clothes,train
clothes/clothes_4173.jpg,clothes,train
clothes/clothes_4174.jpg,clothes,train
clothes/clothes_4175.jpg,clothes,train
clothes/clothes_4176.jpg,clothes,train
clothes/clothes_4177.jpg,clothes,train
clothes/clothes_4178.jpg,clothes,train
clothes/clothes_4179.jpg,clothes,train
clothes/clothes_418.jpg,clothes,train
clothes/clothes_4180.jpg,clothes,train
clothes/clothes_4181.jpg,clothes,train
clothes/clothes_4183.jpg,clothes,train
clothes/clothes_4184.jpg,clothes,train
clothes/clothes_4185.jpg,clothes,train
clothes/clothes_4186.jpg,clothes,train
clothes/clothes_4187.jpg,clothes,train
clothes/clothes_4189.jpg,clothes,train
clothes/clothes_419.jpg,clothes,train
clothes/clothes_4190.jpg,clothes,train
clothes/clothes_4191.jpg,clothes,train
clothes/clothes_4192.jpg,clothes,train
clothes/clothes_4195.jpg,clothes,train
clothes/clothes_4197.jpg,clothes,train
clothes/clothes_4199.jpg,clothes,train
clothes/clothes_420.jpg,clothes,train
clothes/clothes_4204.jpg,clothes,train
clothes/clothes_4207.jpg,clothes,train
clothes/clothes_4208.jpg,clothes,train
clothes/clothes_4209.jpg,clothes,train
clothes/clothes_421.jpg,clothes,train
clothes/clothes_4211.jpg,clothes,train
clothes/clothes_4212.jpg,clothes,train
clothes/clothes_4213.jpg,clothes,train
clothes/clothes_4216.jpg,clothes,train
clothes/clothes_4217.jpg,clothes,train
clothes/clothes_4218.jpg,clothes,train
clothes/clothes_422.jpg,clothes,train
clothes/clothes_4222.jpg,clothes,train
clothes/clothes_4223.jpg,clothes,train
clothes/clothes_4224.jpg,clothes,train
clothes/clothes_4226.jpg,clothes,train
clothes/clothes_4227.jpg,clothes,train
clothes/clothes_4228.jpg,clothes,train
clothes/clothes_423.jpg,clothes,train
clothes/clothes_4230.jpg,clothes,train
clothes/clothes_4231.jpg,clothes,train
clothes/clothes_4232.jpg,clothes,train
clothes/clothes_4235.jpg,clothes,train
clothes/clothes_4237.jpg,clothes,train
clothes/clothes_4238.jpg,clothes,train
clothes/clothes_4239.jpg,clothes,train
clothes/clothes_4241.jpg,clothes,train
clothes/clothes_4244.jpg,clothes,train
clothes/clothes_4245.jpg,clothes,train
clothes/clothes_4246.jpg,clothes,train
clothes/clothes_425.jpg,clothes,train
clothes/clothes_4250.jpg,clothes,train
clothes/clothes_4251.jpg,clothes,train
clothes/clothes_4252.jpg,clothes,train
clothes/clothes_4253.jpg,clothes,train
clothes/clothes_4255.jpg,clothes,train
clothes/clothes_4256.jpg,clothes,train
clothes/clothes_4259.jpg,clothes,train
clothes/clothes_426.jpg,clothes,train
clothes/clothes_4260.jpg,clothes,train
clothes/clothes_4262.jpg,clothes,train
clothes/clothes_4265.jpg,clothes,train
clothes/clothes_4266.jpg,clothes,train
clothes/clothes_4267.jpg,clothes,train
clothes/clothes_4269.jpg,clothes,train
clothes/clothes_427.jpg,clothes,train
clothes/clothes_4270.jpg,clothes,train
clothes/clothes_4272.jpg,clothes,train
clothes/clothes_4273.jpg,clothes,train
clothes/clothes_4276.jpg,clothes,train
clothes/clothes_4279.jpg,clothes,train
clothes/clothes_428.jpg,clothes,train
clothes/clothes_4280.jpg,clothes,train
clothes/clothes_4281.jpg,clothes,train
clothes/clothes_4282.jpg,clothes,train
clothes/clothes_4284.jpg,clothes,train
clothes/clothes_4285.jpg,clothes,train
clothes/clothes_4287.jpg,clothes,train
clothes/clothes_4288.jpg,clothes,train
clothes/clothes_429.jpg,clothes,train
clothes/clothes_4291.jpg,clothes,train
clothes/clothes_4292.jpg,clothes,train
clothes/clothes_4293.jpg,clothes,train
clothes/clothes_4296.jpg,clothes,train
clothes/clothes_4297.jpg,clothes,train
clothes/clothes_4299.jpg,clothes,train
clothes/clothes_43.jpg,clothes,train
clothes/clothes_4302.jpg,clothes,train
clothes/clothes_4306.jpg,clothes,train
clothes/clothes_4307.jpg,clothes,train
clothes/clothes_4308.jpg,clothes,train
clothes/clothes_4309.jpg,clothes,train
clothes/clothes_431.jpg,clothes,train
clothes/clothes_4311.jpg,clothes,train
clothes/clothes_4312.jpg,clothes,train
clothes/clothes_4313.jpg,clothes,train
clothes/clothes_4314.jpg,clothes,train
clothes/clothes_4316.jpg,clothes,train
clothes/clothes_4317.jpg,clothes,train
clothes/clothes_4318.jpg,clothes,train
clothes/clothes_4319.jpg,clothes,train
clothes/clothes_432.jpg,clothes,train
clothes/clothes_4320.jpg,clothes,train
clothes/clothes_4321.jpg,clothes,train
clothes/clothes_4322.jpg,clothes,train
clothes/clothes_4325.jpg,clothes,train
clothes/clothes_4328.jpg,clothes,train
clothes/clothes_4329.jpg,clothes,train
clothes/clothes_433.jpg,clothes,train
clothes/clothes_4330.jpg,clothes,train
clothes/clothes_4331.jpg,clothes,train
clothes/clothes_4332.jpg,clothes,train
clothes/clothes_4333.jpg,clothes,train
clothes/clothes_4334.jpg,clothes,train
clothes/clothes_4336.jpg,clothes,train
clothes/clothes_4337.jpg,clothes,train
clothes/clothes_4338.jpg,clothes,train
clothes/clothes_434.jpg,clothes,train
clothes/clothes_4340.jpg,clothes,train
clothes/clothes_4342.jpg,clothes,train
clothes/clothes_4345.jpg,clothes,train
clothes/clothes_4346.jpg,clothes,train
clothes/clothes_4348.jpg,clothes,train
clothes/clothes_4349.jpg,clothes,train
clothes/clothes_435.jpg,clothes,train
clothes/clothes_4351.jpg,clothes,train
clothes/clothes_4352.jpg,clothes,train
clothes/clothes_4353.jpg,clothes,train
clothes/clothes_4354.jpg,clothes,train
clothes/clothes_4356.jpg,clothes,train
clothes/clothes_4357.jpg,clothes,train
clothes/clothes_4358.jpg,clothes,train
clothes/clothes_4359.jpg,clothes,train
clothes/clothes_436.jpg,clothes,train
clothes/clothes_4360.jpg,clothes,train
clothes/clothes_4361.jpg,clothes,train
clothes/clothes_4362.jpg,clothes,train
clothes/clothes_4363.jpg,clothes,train
clothes/clothes_4364.jpg,clothes,train
clothes/clothes_4365.jpg,clothes,train
clothes/clothes_4367.jpg,clothes,train
clothes/clothes_4368.jpg,clothes,train
clothes/clothes_4369.jpg,clothes,train
clothes/clothes_4371.jpg,clothes,train
clothes/clothes_4372.jpg,clothes,train
clothes/clothes_4375.jpg,clothes,train
clothes/clothes_4376.jpg,clothes,train
clothes/clothes_4377.jpg,clothes,train
clothes/clothes_4378.jpg,clothes,train
clothes/clothes_4381.jpg,clothes,train
clothes/clothes_4382.jpg,clothes,train
clothes/clothes_4383.jpg,clothes,train
clothes/clothes_4384.jpg,clothes,train
clothes/clothes_4387.jpg,clothes,train
clothes/clothes_4388.jpg,clothes,train
clothes/clothes_4389.jpg,clothes,train
clothes/clothes_4391.jpg,clothes,train
clothes/clothes_4392.jpg,clothes,train
clothes/clothes_4393.jpg,clothes,train
clothes/clothes_4394.jpg,clothes,train
clothes/clothes_4395.jpg,clothes,train
clothes/clothes_4396.jpg,clothes,train
clothes/clothes_4397.jpg,clothes,train
clothes/clothes_4398.jpg,clothes,train
clothes/clothes_440.jpg,clothes,train
clothes/clothes_4400.jpg,clothes,train
clothes/clothes_4402.jpg,clothes,train
clothes/clothes_4403.jpg,clothes,train
clothes/clothes_4405.jpg,clothes,train
clothes/clothes_4406.jpg,clothes,train
clothes/clothes_4407.jpg,clothes,train
clothes/clothes_4408.jpg,clothes,train
clothes/clothes_4410.jpg,clothes,train
clothes/clothes_4411.jpg,clothes,train
clothes/clothes_4412.jpg,clothes,train
clothes/clothes_4413.jpg,clothes,train
clothes/clothes_4415.jpg,clothes,train
clothes/clothes_4416.jpg,clothes,train
clothes/clothes_442.jpg,clothes,train
clothes/clothes_4424.jpg,clothes,train
clothes/clothes_4426.jpg,clothes,train
clothes/clothes_4428.jpg,clothes,train
clothes/clothes_4429.jpg,clothes,train
clothes/clothes_443.jpg,clothes,train
clothes/clothes_4430.jpg,clothes,train
clothes/clothes_4432.jpg,clothes,train
clothes/clothes_4433.jpg,clothes,train
clothes/clothes_4434.jpg,clothes,train
clothes/clothes_4435.jpg,clothes,train
clothes/clothes_4437.jpg,clothes,train
clothes/clothes_4440.jpg,clothes,train
clothes/clothes_4441.jpg,clothes,train
clothes/clothes_4442.jpg,clothes,train
clothes/clothes_4443.jpg,clothes,train
clothes/clothes_4444.jpg,clothes,train
clothes/clothes_4445.jpg,clothes,train
clothes/clothes_4447.jpg,clothes,train
clothes/clothes_4448.jpg,clothes,train
clothes/clothes_4449.jpg,clothes,train
clothes/clothes_445.jpg,clothes,train
clothes/clothes_4450.jpg,clothes,train
clothes/clothes_4451.jpg,clothes,train
clothes/clothes_4453.jpg,clothes,train
clothes/clothes_4455.jpg,clothes,train
clothes/clothes_4456.jpg,clothes,train
clothes/clothes_4457.jpg,clothes,train
clothes/clothes_4458.jpg,clothes,train
clothes/clothes_4459.jpg,clothes,train
clothes/clothes_446.jpg,clothes,train
clothes/clothes_4460.jpg,clothes,train
clothes/clothes_4464.jpg,clothes,train
clothes/clothes_4465.jpg,clothes,train
clothes/clothes_4467.jpg,clothes,train
clothes/clothes_4469.jpg,clothes,train
clothes/clothes_447.jpg,clothes,train
clothes/clothes_4470.jpg,clothes,train
clothes/clothes_4471.jpg,clothes,train
clothes/clothes_4472.jpg,clothes,train
clothes/clothes_4473.jpg,clothes,train
clothes/clothes_4474.jpg,clothes,train
clothes/clothes_4475.jpg,clothes,train
clothes/clothes_4478.jpg,clothes,train
clothes/clothes_4479.jpg,clothes,train
clothes/clothes_448.jpg,clothes,train
clothes/clothes_4480.jpg,clothes,train
clothes/clothes_4482.jpg,clothes,train
clothes/clothes_4483.jpg,clothes,train
clothes/clothes_4484.jpg,clothes,train
clothes/clothes_4486.jpg,clothes,train
clothes/clothes_4488.jpg,clothes,train
clothes/clothes_449.jpg,clothes,train
clothes/clothes_4490.jpg,clothes,train
clothes/clothes_4492.jpg,clothes,train
clothes/clothes_4493.jpg,clothes,train
clothes/clothes_4494.jpg,clothes,train
clothes/clothes_4495.jpg,clothes,train
clothes/clothes_4496.jpg,clothes,train
clothes/clothes_4497.jpg,clothes,train
clothes/clothes_4498.jpg,clothes,train
clothes/clothes_4499.jpg,clothes,train
clothes/clothes_45.jpg,clothes,train
clothes/clothes_450.jpg,clothes,train
clothes/clothes_4501.jpg,clothes,train
clothes/clothes_4502.jpg,clothes,train
clothes/clothes_4504.jpg,clothes,train
clothes/clothes_4506.jpg,clothes,train
clothes/clothes_4507.jpg,clothes,train
clothes/clothes_4509.jpg,clothes,train
clothes/clothes_451.jpg,clothes,train
clothes/clothes_4511.jpg,clothes,train
clothes/clothes_4515.jpg,clothes,train
clothes/clothes_4516.jpg,clothes,train
clothes/clothes_4517.jpg,clothes,train
clothes/clothes_4518.jpg,clothes,train
clothes/clothes_4519.jpg,clothes,train
clothes/clothes_452.jpg,clothes,train
clothes/clothes_4521.jpg,clothes,train
clothes/clothes_4522.jpg,clothes,train
clothes/clothes_4523.jpg,clothes,train
clothes/clothes_4524.jpg,clothes,train
clothes/clothes_4526.jpg,clothes,train
clothes/clothes_453.jpg,clothes,train
clothes/clothes_4530.jpg,clothes,train
clothes/clothes_4532.jpg,clothes,train
clothes/clothes_4534.jpg,clothes,train
clothes/clothes_4535.jpg,clothes,train
clothes/clothes_4536.jpg,clothes,train
clothes/clothes_4537.jpg,clothes,train
clothes/clothes_4538.jpg,clothes,train
clothes/clothes_454.jpg,clothes,train
clothes/clothes_4540.jpg,clothes,train
clothes/clothes_4541.jpg,clothes,train
clothes/clothes_4542.jpg,clothes,train
clothes/clothes_4544.jpg,clothes,train
clothes/clothes_4545.jpg,clothes,train
clothes/clothes_4548.jpg,clothes,train
clothes/clothes_4549.jpg,clothes,train
clothes/clothes_4550.jpg,clothes,train
clothes/clothes_4551.jpg,clothes,train
clothes/clothes_4552.jpg,clothes,train
clothes/clothes_4554.jpg,clothes,train
clothes/clothes_4555.jpg,clothes,train
clothes/clothes_4557.jpg,clothes,train
clothes/clothes_4558.jpg,clothes,train
clothes/clothes_4559.jpg,clothes,train
clothes/clothes_456.jpg,clothes,train
clothes/clothes_4560.jpg,clothes,train
clothes/clothes_4561.jpg,clothes,train
clothes/clothes_4562.jpg,clothes,train
clothes/clothes_4563.jpg,clothes,train
clothes/clothes_4564.jpg,clothes,train
clothes/clothes_4565.jpg,clothes,train
clothes/clothes_4566.jpg,clothes,train
clothes/clothes_4568.jpg,clothes,train
clothes/clothes_457.jpg,clothes,train
clothes/clothes_4571.jpg,clothes,train
clothes/clothes_4572.jpg,clothes,train
clothes/clothes_4573.jpg,clothes,train
clothes/clothes_4574.jpg,clothes,train
clothes/clothes_4577.jpg,clothes,train
clothes/clothes_4579.jpg,clothes,train
clothes/clothes_458.jpg,clothes,train
clothes/clothes_4580.jpg,clothes,train
clothes/clothes_4582.jpg,clothes,train
clothes/clothes_4583.jpg,clothes,train
clothes/clothes_4584.jpg,clothes,train
clothes/clothes_4585.jpg,clothes,train
clothes/clothes_4586.jpg,clothes,train
clothes/clothes_4588.jpg,clothes,train
clothes/clothes_4589.jpg,clothes,train
clothes/clothes_459.jpg,clothes,train
clothes/clothes_4590.jpg,clothes,train
clothes/clothes_4591.jpg,clothes,train
clothes/clothes_4592.jpg,clothes,train
clothes/clothes_4593.jpg,clothes,train
clothes/clothes_4595.jpg,clothes,train
clothes/clothes_4596.jpg,clothes,train
clothes/clothes_4597.jpg,clothes,train
clothes/clothes_4599.jpg,clothes,train
clothes/clothes_46.jpg,clothes,train
clothes/clothes_460.jpg,clothes,train
clothes/clothes_4600.jpg,clothes,train
clothes/clothes_4602.jpg,clothes,train
clothes/clothes_4603.jpg,clothes,train
clothes/clothes_4606.jpg,clothes,train
clothes/clothes_4607.jpg,clothes,train
clothes/clothes_4608.jpg,clothes,train
clothes/clothes_4609.jpg,clothes,train
clothes/clothes_461.jpg,clothes,train
clothes/clothes_4611.jpg,clothes,train
clothes/clothes_4613.jpg,clothes,train
clothes/clothes_4614.jpg,clothes,train
clothes/clothes_4615.jpg,clothes,train
clothes/clothes_4616.jpg,clothes,train
clothes/clothes_4617.jpg,clothes,train
clothes/clothes_4618.jpg,clothes,train
clothes/clothes_4619.jpg,clothes,train
clothes/clothes_4620.jpg,clothes,train
clothes/clothes_4622.jpg,clothes,train
clothes/clothes_4623.jpg,clothes,train
clothes/clothes_4624.jpg,clothes,train
clothes/clothes_4625.jpg,clothes,train
clothes/clothes_4626.jpg,clothes,train
clothes/clothes_4629.jpg,clothes,train
clothes/clothes_463.jpg,clothes,train
clothes/clothes_4630.jpg,clothes,train
clothes/clothes_4631.jpg,clothes,train
clothes/clothes_4632.jpg,clothes,train
clothes/clothes_4633.jpg,clothes,train
clothes/clothes_4634.jpg,clothes,train
clothes/clothes_4635.jpg,clothes,train
clothes/clothes_4636.jpg,clothes,train
clothes/clothes_4637.jpg,clothes,train
clothes/clothes_4638.jpg,clothes,train
clothes/clothes_4639.jpg,clothes,train
clothes/clothes_464.jpg,clothes,train
clothes/clothes_4640.jpg,clothes,train
clothes/clothes_4641.jpg,clothes,train
clothes/clothes_4642.jpg,clothes,train
clothes/clothes_4643.jpg,clothes,train
clothes/clothes_4644.jpg,clothes,train
clothes/clothes_4645.jpg,clothes,train
clothes/clothes_4646.jpg,clothes,train
clothes/clothes_4647.jpg,clothes,train
clothes/clothes_4648.jpg,clothes,train
clothes/clothes_4649.jpg,clothes,train
clothes/clothes_4651.jpg,clothes,train
clothes/clothes_4653.jpg,clothes,train
clothes/clothes_4655.jpg,clothes,train
clothes/clothes_4656.jpg,clothes,train
clothes/clothes_4658.jpg,clothes,train
clothes/clothes_4661.jpg,clothes,train
clothes/clothes_4662.jpg,clothes,train
clothes/clothes_4664.jpg,clothes,train
clothes/clothes_4665.jpg,clothes,train
clothes/clothes_4666.jpg,clothes,train
clothes/clothes_4667.jpg,clothes,train
clothes/clothes_4668.jpg,clothes,train
clothes/clothes_4669.jpg,clothes,train
clothes/clothes_467.jpg,clothes,train
clothes/clothes_4670.jpg,clothes,train
clothes/clothes_4673.jpg,clothes,train
clothes/clothes_4674.jpg,clothes,train
clothes/clothes_4676.jpg,clothes,train
clothes/clothes_4677.jpg,clothes,train
clothes/clothes_4678.jpg,clothes,train
clothes/clothes_4679.jpg,clothes,train
clothes/clothes_468.jpg,clothes,train
clothes/clothes_4680.jpg,clothes,train
clothes/clothes_4681.jpg,clothes,train
clothes/clothes_4682.jpg,clothes,train
clothes/clothes_4683.jpg,clothes,train
clothes/clothes_4684.jpg,clothes,train
clothes/clothes_4686.jpg,clothes,train
clothes/clothes_4687.jpg,clothes,train
clothes/clothes_4688.jpg,clothes,train
clothes/clothes_4689.jpg,clothes,train
clothes/clothes_469.jpg,clothes,train
clothes/clothes_4690.jpg,clothes,train
clothes/clothes_4691.jpg,clothes,train
clothes/clothes_4694.jpg,clothes,train
clothes/clothes_4696.jpg,clothes,train
clothes/clothes_4697.jpg,clothes,train
clothes/clothes_4698.jpg,clothes,train
clothes/clothes_4699.jpg,clothes,train
clothes/clothes_47.jpg,clothes,train
clothes/clothes_470.jpg,clothes,train
clothes/clothes_4700.jpg,clothes,train
clothes/clothes_4701.jpg,clothes,train
clothes/clothes_4703.jpg,clothes,train
clothes/clothes_4704.jpg,clothes,train
clothes/clothes_4706.jpg,clothes,train
clothes/clothes_4707.jpg,clothes,train
clothes/clothes_4708.jpg,clothes,train
clothes/clothes_4709.jpg,clothes,train
clothes/clothes_4713.jpg,clothes,train
clothes/clothes_4714.jpg,clothes,train
clothes/clothes_4717.jpg,clothes,train
clothes/clothes_472.jpg,clothes,train
clothes/clothes_4720.jpg,clothes,train
clothes/clothes_4724.jpg,clothes,train
clothes/clothes_4725.jpg,clothes,train
clothes/clothes_4727.jpg,clothes,train
clothes/clothes_4729.jpg,clothes,train
clothes/clothes_473.jpg,clothes,train
clothes/clothes_4730.jpg,clothes,train
clothes/clothes_4731.jpg,clothes,train
clothes/clothes_4734.jpg,clothes,train
clothes/clothes_4735.jpg,clothes,train
clothes/clothes_4736.jpg,clothes,train
clothes/clothes_4737.jpg,clothes,train
clothes/clothes_4738.jpg,clothes,train
clothes/clothes_4739.jpg,clothes,train
clothes/clothes_474.jpg,clothes,train
clothes/clothes_4740.jpg,clothes,train
clothes/clothes_4742.jpg,clothes,train
clothes/clothes_4743.jpg,clothes,train
clothes/clothes_4744.jpg,clothes,train
clothes/clothes_4746.jpg,clothes,train
clothes/clothes_4748.jpg,clothes,train
clothes/clothes_475.jpg,clothes,train
clothes/clothes_4750.jpg,clothes,train
clothes/clothes_4751.jpg,clothes,train
clothes/clothes_4754.jpg,clothes,train
clothes/clothes_4755.jpg,clothes,train
clothes/clothes_4758.jpg,clothes,train
clothes/clothes_4759.jpg,clothes,train
clothes/clothes_476.jpg,clothes,train
clothes/clothes_4760.jpg,clothes,train
clothes/clothes_4762.jpg,clothes,train
clothes/clothes_4763.jpg,clothes,train
clothes/clothes_4764.jpg,clothes,train
clothes/clothes_4766.jpg,clothes,train
clothes/clothes_4768.jpg,clothes,train
clothes/clothes_4769.jpg,clothes,train
clothes/clothes_477.jpg,clothes,train
clothes/clothes_4770.jpg,clothes,train
clothes/clothes_4771.jpg,clothes,train
clothes/clothes_4772.jpg,clothes,train
clothes/clothes_4775.jpg,clothes,train
clothes/clothes_4776.jpg,clothes,train
clothes/clothes_4779.jpg,clothes,train
clothes/clothes_478.jpg,clothes,train
clothes/clothes_4780.jpg,clothes,train
clothes/clothes_4781.jpg,clothes,train
clothes/clothes_4782.jpg,clothes,train
clothes/clothes_4785.jpg,clothes,train
clothes/clothes_4786.jpg,clothes,train
clothes/clothes_4787.jpg,clothes,train
clothes/clothes_4789.jpg,clothes,train
clothes/clothes_4791.jpg,clothes,train
clothes/clothes_4792.jpg,clothes,train
clothes/clothes_4794.jpg,clothes,train
clothes/clothes_4795.jpg,clothes,train
clothes/clothes_4796.jpg,clothes,train
clothes/clothes_4797.jpg,clothes,train
clothes/clothes_4799.jpg,clothes,train
clothes/clothes_48.jpg,clothes,train
clothes/clothes_4800.jpg,clothes,train
clothes/clothes_4801.jpg,clothes,train
clothes/clothes_4802.jpg,clothes,train
clothes/clothes_4803.jpg,clothes,train
clothes/clothes_4804.jpg,clothes,train
clothes/clothes_4805.jpg,clothes,train
clothes/clothes_4807.jpg,clothes,train
clothes/clothes_4809.jpg,clothes,train
clothes/clothes_4810.jpg,clothes,train
clothes/clothes_4811.jpg,clothes,train
clothes/clothes_4812.jpg,clothes,train
clothes/clothes_4813.jpg,clothes,train
clothes/clothes_4816.jpg,clothes,train
clothes/clothes_4817.jpg,clothes,train
clothes/clothes_4818.jpg,clothes,train
clothes/clothes_4819.jpg,clothes,train
clothes/clothes_4820.jpg,clothes,train
clothes/clothes_4821.jpg,clothes,train
clothes/clothes_4822.jpg,clothes,train
clothes/clothes_4824.jpg,clothes,train
clothes/clothes_4827.jpg,clothes,train
clothes/clothes_4828.jpg,clothes,train
clothes/clothes_4829.jpg,clothes,train
clothes/clothes_483.jpg,clothes,train
clothes/clothes_4830.jpg,clothes,train
clothes/clothes_4831.jpg,clothes,train
clothes/clothes_4833.jpg,clothes,train
clothes/clothes_4834.jpg,clothes,train
clothes/clothes_4835.jpg,clothes,train
clothes/clothes_4836.jpg,clothes,train
clothes/clothes_4838.jpg,clothes,train
clothes/clothes_484.jpg,clothes,train
clothes/clothes_4840.jpg,clothes,train
clothes/clothes_4841.jpg,clothes,train
clothes/clothes_4842.jpg,clothes,train
clothes/clothes_4843.jpg,clothes,train
clothes/clothes_4845.jpg,clothes,train
clothes/clothes_4847.jpg,clothes,train
clothes/clothes_4848.jpg,clothes,train
clothes/clothes_4849.jpg,clothes,train
clothes/clothes_4850.jpg,clothes,train
clothes/clothes_4853.jpg,clothes,train
clothes/clothes_4854.jpg,clothes,train
clothes/clothes_4857.jpg,clothes,train
clothes/clothes_486.jpg,clothes,train
clothes/clothes_4860.jpg,clothes,train
clothes/clothes_4861.jpg,clothes,train
clothes/clothes_4862.jpg,clothes,train
clothes/clothes_4864.jpg,clothes,train
clothes/clothes_4865.jpg,clothes,train
clothes/clothes_4866.jpg,clothes,train
clothes/clothes_4867.jpg,clothes,train
clothes/clothes_4868.jpg,clothes,train
clothes/clothes_4869.jpg,clothes,train
clothes/clothes_487.jpg,clothes,train
clothes/clothes_4870.jpg,clothes,train
clothes/clothes_4871.jpg,clothes,train
clothes/clothes_4872.jpg,clothes,train
clothes/clothes_4876.jpg,clothes,train
clothes/clothes_4878.jpg,clothes,train
clothes/clothes_4879.jpg,clothes,train
clothes/clothes_488.jpg,clothes,train
clothes/clothes_4883.jpg,clothes,train
clothes/clothes_4884.jpg,clothes,train
clothes/clothes_4885.jpg,clothes,train
clothes/clothes_4887.jpg,clothes,train
clothes/clothes_4888.jpg,clothes,train
clothes/clothes_4889.jpg,clothes,train
clothes/clothes_489.jpg,clothes,train
clothes/clothes_4891.jpg,clothes,train
clothes/clothes_4892.jpg,clothes,train
clothes/clothes_4893.jpg,clothes,train
clothes/clothes_4894.jpg,clothes,train
clothes/clothes_4895.jpg,clothes,train
clothes/clothes_4897.jpg,clothes,train
clothes/clothes_4898.jpg,clothes,train
clothes/clothes_49.jpg,clothes,train
clothes/clothes_490.jpg,clothes,train
clothes/clothes_4900.jpg,clothes,train
clothes/clothes_4901.jpg,clothes,train
clothes/clothes_4902.jpg,clothes,train
clothes/clothes_4904.jpg,clothes,train
clothes/clothes_4905.jpg,clothes,train
clothes/clothes_4906.jpg,clothes,train
clothes/clothes_4907.jpg,clothes,train
clothes/clothes_4908.jpg,clothes,train
clothes/clothes_4909.jpg,clothes,train
clothes/clothes_491.jpg,clothes,train
clothes/clothes_4910.jpg,clothes,train
clothes/clothes_4912.jpg,clothes,train
clothes/clothes_4915.jpg,clothes,train
clothes/clothes_4916.jpg,clothes,train
clothes/clothes_4917.jpg,clothes,train
clothes/clothes_4918.jpg,clothes,train
clothes/clothes_492.jpg,clothes,train
clothes/clothes_4920.jpg,clothes,train
clothes/clothes_4921.jpg,clothes,train
clothes/clothes_4922.jpg,clothes,train
clothes/clothes_4923.jpg,clothes,train
clothes/clothes_4924.jpg,clothes,train
clothes/clothes_4925.jpg,clothes,train
clothes/clothes_4926.jpg,clothes,train
clothes/clothes_4927.jpg,clothes,train
clothes/clothes_4928.jpg,clothes,train
clothes/clothes_4929.jpg,clothes,train
clothes/clothes_4931.jpg,clothes,train
clothes/clothes_4932.jpg,clothes,train
clothes/clothes_4933.jpg,clothes,train
clothes/clothes_4935.jpg,clothes,train
clothes/clothes_4936.jpg,clothes,train
clothes/clothes_4938.jpg,clothes,train
clothes/clothes_4939.jpg,clothes,train
clothes/clothes_494.jpg,clothes,train
clothes/clothes_4940.jpg,clothes,train
clothes/clothes_4941.jpg,clothes,train
clothes/clothes_4942.jpg,clothes,train
clothes/clothes_4944.jpg,clothes,train
clothes/clothes_4945.jpg,clothes,train
clothes/clothes_4946.jpg,clothes,train
clothes/clothes_4947.jpg,clothes,train
clothes/clothes_4948.jpg,clothes,train
clothes/clothes_495.jpg,clothes,train
clothes/clothes_4951.jpg,clothes,train
clothes/clothes_4952.jpg,clothes,train
clothes/clothes_4953.jpg,clothes,train
clothes/clothes_4955.jpg,clothes,train
clothes/clothes_4959.jpg,clothes,train
clothes/clothes_4961.jpg,clothes,train
clothes/clothes_4962.jpg,clothes,train
clothes/clothes_4963.jpg,clothes,train
clothes/clothes_4964.jpg,clothes,train
clothes/clothes_4968.jpg,clothes,train
clothes/clothes_4969.jpg,clothes,train
clothes/clothes_497.jpg,clothes,train
clothes/clothes_4970.jpg,clothes,train
clothes/clothes_4971.jpg,clothes,train
clothes/clothes_4973.jpg,clothes,train
clothes/clothes_4975.jpg,clothes,train
clothes/clothes_4976.jpg,clothes,train
clothes/clothes_4977.jpg,clothes,train
clothes/clothes_4979.jpg,clothes,train
clothes/clothes_498.jpg,clothes,train
clothes/clothes_4980.jpg,clothes,train
clothes/clothes_4982.jpg,clothes,train
clothes/clothes_4983.jpg,clothes,train
clothes/clothes_4984.jpg,clothes,train
clothes/clothes_4985.jpg,clothes,train
clothes/clothes_4986.jpg,clothes,train
clothes/clothes_4987.jpg,clothes,train
clothes/clothes_4990.jpg,clothes,train
clothes/clothes_4991.jpg,clothes,train
clothes/clothes_4994.jpg,clothes,train
clothes/clothes_4996.jpg,clothes,train
clothes/clothes_4999.jpg,clothes,train
clothes/clothes_5.jpg,clothes,train
clothes/clothes_50.jpg,clothes,train
clothes/clothes_500.jpg,clothes,train
clothes/clothes_5000.jpg,clothes,train
clothes/clothes_5001.jpg,clothes,train
clothes/clothes_5002.jpg,clothes,train
clothes/clothes_5003.jpg,clothes,train
clothes/clothes_5004.jpg,clothes,train
clothes/clothes_5005.jpg,clothes,train
clothes/clothes_5006.jpg,clothes,train
clothes/clothes_5008.jpg,clothes,train
clothes/clothes_501.jpg,clothes,train
clothes/clothes_5010.jpg,clothes,train
clothes/clothes_5011.jpg,clothes,train
clothes/clothes_5013.jpg,clothes,train
clothes/clothes_5014.jpg,clothes,train
clothes/clothes_5015.jpg,clothes,train
clothes/clothes_5018.jpg,clothes,train
clothes/clothes_5019.jpg,clothes,train
clothes/clothes_502.jpg,clothes,train
clothes/clothes_5020.jpg,clothes,train
clothes/clothes_5022.jpg,clothes,train
clothes/clothes_5023.jpg,clothes,train
clothes/clothes_5024.jpg,clothes,train
clothes/clothes_5025.jpg,clothes,train
clothes/clothes_5026.jpg,clothes,train
clothes/clothes_5027.jpg,clothes,train
clothes/clothes_5028.jpg,clothes,train
clothes/clothes_5029.jpg,clothes,train
clothes/clothes_503.jpg,clothes,train
clothes/clothes_5031.jpg,clothes,train
clothes/clothes_5034.jpg,clothes,train
clothes/clothes_5035.jpg,clothes,train
clothes/clothes_5036.jpg,clothes,train
clothes/clothes_5038.jpg,clothes,train
clothes/clothes_504.jpg,clothes,train
clothes/clothes_5041.jpg,clothes,train
clothes/clothes_5042.jpg,clothes,train
clothes/clothes_5044.jpg,clothes,train
clothes/clothes_5046.jpg,clothes,train
clothes/clothes_5048.jpg,clothes,train
clothes/clothes_5049.jpg,clothes,train
clothes/clothes_505.jpg,clothes,train
clothes/clothes_5050.jpg,clothes,train
clothes/clothes_5052.jpg,clothes,train
clothes/clothes_5055.jpg,clothes,train
clothes/clothes_5056.jpg,clothes,train
clothes/clothes_5057.jpg,clothes,train
clothes/clothes_5058.jpg,clothes,train
clothes/clothes_5059.jpg,clothes,train
clothes/clothes_506.jpg,clothes,train
clothes/clothes_5061.jpg,clothes,train
clothes/clothes_5062.jpg,clothes,train
clothes/clothes_5064.jpg,clothes,train
clothes/clothes_5066.jpg,clothes,train
clothes/clothes_5067.jpg,clothes,train
clothes/clothes_5068.jpg,clothes,train
clothes/clothes_507.jpg,clothes,train
clothes/clothes_5070.jpg,clothes,train
clothes/clothes_5071.jpg,clothes,train
clothes/clothes_5072.jpg,clothes,train
clothes/clothes_5074.jpg,clothes,train
clothes/clothes_5075.jpg,clothes,train
clothes/clothes_5077.jpg,clothes,train
clothes/clothes_5078.jpg,clothes,train
clothes/clothes_508.jpg,clothes,train
clothes/clothes_5080.jpg,clothes,train
clothes/clothes_5082.jpg,clothes,train
clothes/clothes_5083.jpg,clothes,train
clothes/clothes_5084.jpg,clothes,train
clothes/clothes_5085.jpg,clothes,train
clothes/clothes_5087.jpg,clothes,train
clothes/clothes_509.jpg,clothes,train
clothes/clothes_5091.jpg,clothes,train
clothes/clothes_5092.jpg,clothes,train
clothes/clothes_5093.jpg,clothes,train
clothes/clothes_5095.jpg,clothes,train
clothes/clothes_5096.jpg,clothes,train
clothes/clothes_5097.jpg,clothes,train
clothes/clothes_51.jpg,clothes,train
clothes/clothes_5100.jpg,clothes,train
clothes/clothes_5101.jpg,clothes,train
clothes/clothes_5102.jpg,clothes,train
clothes/clothes_5103.jpg,clothes,train
clothes/clothes_5104.jpg,clothes,train
clothes/clothes_5105.jpg,clothes,train
clothes/clothes_5107.jpg,clothes,train
clothes/clothes_5108.jpg,clothes,train
clothes/clothes_5111.jpg,clothes,train
clothes/clothes_5114.jpg,clothes,train
clothes/clothes_5117.jpg,clothes,train
clothes/clothes_5119.jpg,clothes,train
clothes/clothes_512.jpg,clothes,train
clothes/clothes_5120.jpg,clothes,train
clothes/clothes_5122.jpg,clothes,train
clothes/clothes_5123.jpg,clothes,train
clothes/clothes_5125.jpg,clothes,train
clothes/clothes_5126.jpg,clothes,train
clothes/clothes_5127.jpg,clothes,train
clothes/clothes_513.jpg,clothes,train
clothes/clothes_5130.jpg,clothes,train
clothes/clothes_5131.jpg,clothes,train
clothes/clothes_5133.jpg,clothes,train
clothes/clothes_5134.jpg,clothes,train
clothes/clothes_5137.jpg,clothes,train
clothes/clothes_5138.jpg,clothes,train
clothes/clothes_5141.jpg,clothes,train
clothes/clothes_5142.jpg,clothes,train
clothes/clothes_5143.jpg,clothes,train
clothes/clothes_5144.jpg,clothes,train
clothes/clothes_5146.jpg,clothes,train
clothes/clothes_5148.jpg,clothes,train
clothes/clothes_515.jpg,clothes,train
clothes/clothes_5150.jpg,clothes,train
clothes/clothes_5151.jpg,clothes,train
clothes/clothes_5153.jpg,clothes,train
clothes/clothes_5154.jpg,clothes,train
clothes/clothes_5156.jpg,clothes,train
clothes/clothes_5157.jpg,clothes,train
clothes/clothes_5158.jpg,clothes,train
clothes/clothes_5159.jpg,clothes,train
clothes/clothes_516.jpg,clothes,train
clothes/clothes_5163.jpg,clothes,train
clothes/clothes_5164.jpg,clothes,train
clothes/clothes_5165.jpg,clothes,train
clothes/clothes_5166.jpg,clothes,train
clothes/clothes_5167.jpg,clothes,train
clothes/clothes_5170.jpg,clothes,train
clothes/clothes_5172.jpg,clothes,train
clothes/clothes_5175.jpg,clothes,train
clothes/clothes_5176.jpg,clothes,train
clothes/clothes_5177.jpg,clothes,train
clothes/clothes_5180.jpg,clothes,train
clothes/clothes_5182.jpg,clothes,train
clothes/clothes_5183.jpg,clothes,train
clothes/clothes_5184.jpg,clothes,train
clothes/clothes_5186.jpg,clothes,train
clothes/clothes_5188.jpg,clothes,train
clothes/clothes_519.jpg,clothes,train
clothes/clothes_5190.jpg,clothes,train
clothes/clothes_5191.jpg,clothes,train
clothes/clothes_5192.jpg,clothes,train
clothes/clothes_5193.jpg,clothes,train
clothes/clothes_5196.jpg,clothes,train
clothes/clothes_5197.jpg,clothes,train
clothes/clothes_5198.jpg,clothes,train
clothes/clothes_5199.jpg,clothes,train
clothes/clothes_52.jpg,clothes,train
clothes/clothes_520.jpg,clothes,train
clothes/clothes_5200.jpg,clothes,train
clothes/clothes_5203.jpg,clothes,train
clothes/clothes_5205.jpg,clothes,train
clothes/clothes_5207.jpg,clothes,train
clothes/clothes_5208.jpg,clothes,train
clothes/clothes_5209.jpg,clothes,train
clothes/clothes_5210.jpg,clothes,train
clothes/clothes_5211.jpg,clothes,train
clothes/clothes_5212.jpg,clothes,train
clothes/clothes_5213.jpg,clothes,train
clothes/clothes_5214.jpg,clothes,train
clothes/clothes_5215.jpg,clothes,train
clothes/clothes_5216.jpg,clothes,train
clothes/clothes_522.jpg,clothes,train
clothes/clothes_5220.jpg,clothes,train
clothes/clothes_5221.jpg,clothes,train
clothes/clothes_5222.jpg,clothes,train
clothes/clothes_5224.jpg,clothes,train
clothes/clothes_5225.jpg,clothes,train
clothes/clothes_5227.jpg,clothes,train
clothes/clothes_5228.jpg,clothes,train
clothes/clothes_5230.jpg,clothes,train
clothes/clothes_5231.jpg,clothes,train
clothes/clothes_5232.jpg,clothes,train
clothes/clothes_5233.jpg,clothes,train
clothes/clothes_5234.jpg,clothes,train
clothes/clothes_5235.jpg,clothes,train
clothes/clothes_5238.jpg,clothes,train
clothes/clothes_5240.jpg,clothes,train
clothes/clothes_5241.jpg,clothes,train
clothes/clothes_5243.jpg,clothes,train
clothes/clothes_5244.jpg,clothes,train
clothes/clothes_5246.jpg,clothes,train
clothes/clothes_5247.jpg,clothes,train
clothes/clothes_525.jpg,clothes,train
clothes/clothes_5252.jpg,clothes,train
clothes/clothes_5254.jpg,clothes,train
clothes/clothes_5255.jpg,clothes,train
clothes/clothes_5256.jpg,clothes,train
clothes/clothes_5257.jpg,clothes,train
clothes/clothes_5258.jpg,clothes,train
clothes/clothes_5259.jpg,clothes,train
clothes/clothes_526.jpg,clothes,train
clothes/clothes_5261.jpg,clothes,train
clothes/clothes_5264.jpg,clothes,train
clothes/clothes_5266.jpg,clothes,train
clothes/clothes_5267.jpg,clothes,train
clothes/clothes_5268.jpg,clothes,train
clothes/clothes_527.jpg,clothes,train
clothes/clothes_5271.jpg,clothes,train
clothes/clothes_5273.jpg,clothes,train
clothes/clothes_5274.jpg,clothes,train
clothes/clothes_5275.jpg,clothes,train
clothes/clothes_5277.jpg,clothes,train
clothes/clothes_5278.jpg,clothes,train
clothes/clothes_528.jpg,clothes,train
clothes/clothes_5280.jpg,clothes,train
clothes/clothes_5282.jpg,clothes,train
clothes/clothes_5284.jpg,clothes,train
clothes/clothes_5286.jpg,clothes,train
clothes/clothes_5287.jpg,clothes,train
clothes/clothes_5288.jpg,clothes,train
clothes/clothes_5289.jpg,clothes,train
clothes/clothes_5290.jpg,clothes,train
clothes/clothes_5291.jpg,clothes,train
clothes/clothes_5292.jpg,clothes,train
clothes/clothes_5293.jpg,clothes,train
clothes/clothes_5294.jpg,clothes,train
clothes/clothes_5298.jpg,clothes,train
clothes/clothes_5299.jpg,clothes,train
clothes/clothes_5300.jpg,clothes,train
clothes/clothes_5301.jpg,clothes,train
clothes/clothes_5302.jpg,clothes,train
clothes/clothes_5304.jpg,clothes,train
clothes/clothes_5305.jpg,clothes,train
clothes/clothes_5307.jpg,clothes,train
clothes/clothes_5309.jpg,clothes,train
clothes/clothes_531.jpg,clothes,train
clothes/clothes_5310.jpg,clothes,train
clothes/clothes_5312.jpg,clothes,train
clothes/clothes_5314.jpg,clothes,train
clothes/clothes_5315.jpg,clothes,train
clothes/clothes_5316.jpg,clothes,train
clothes/clothes_5317.jpg,clothes,train
clothes/clothes_5318.jpg,clothes,train
clothes/clothes_5319.jpg,clothes,train
clothes/clothes_532.jpg,clothes,train
clothes/clothes_5322.jpg,clothes,train
clothes/clothes_5323.jpg,clothes,train
clothes/clothes_5324.jpg,clothes,train
clothes/clothes_5325.jpg,clothes,train
clothes/clothes_533.jpg,clothes,train
clothes/clothes_534.jpg,clothes,train
clothes/clothes_535.jpg,clothes,train
clothes/clothes_536.jpg,clothes,train
clothes/clothes_537.jpg,clothes,train
clothes/clothes_538.jpg,clothes,train
clothes/clothes_539.jpg,clothes,train
clothes/clothes_54.jpg,clothes,train
clothes/clothes_540.jpg,clothes,train
clothes/clothes_541.jpg,clothes,train
clothes/clothes_544.jpg,clothes,train
clothes/clothes_546.jpg,clothes,train
clothes/clothes_548.jpg,clothes,train
clothes/clothes_549.jpg,clothes,train
clothes/clothes_55.jpg,clothes,train
clothes/clothes_550.jpg,clothes,train
clothes/clothes_551.jpg,clothes,train
clothes/clothes_552.jpg,clothes,train
clothes/clothes_553.jpg,clothes,train
clothes/clothes_554.jpg,clothes,train
clothes/clothes_555.jpg,clothes,train
clothes/clothes_557.jpg,clothes,train
clothes/clothes_558.jpg,clothes,train
clothes/clothes_559.jpg,clothes,train
clothes/clothes_56.jpg,clothes,train
clothes/clothes_560.jpg,clothes,train
clothes/clothes_561.jpg,clothes,train
clothes/clothes_562.jpg,clothes,train
clothes/clothes_563.jpg,clothes,train
clothes/clothes_566.jpg,clothes,train
clothes/clothes_568.jpg,clothes,train
clothes/clothes_569.jpg,clothes,train
clothes/clothes_57.jpg,clothes,train
clothes/clothes_570.jpg,clothes,train
clothes/clothes_571.jpg,clothes,train
clothes/clothes_572.jpg,clothes,train
clothes/clothes_574.jpg,clothes,train
clothes/clothes_576.jpg,clothes,train
clothes/clothes_578.jpg,clothes,train
clothes/clothes_58.jpg,clothes,train
clothes/clothes_580.jpg,clothes,train
clothes/clothes_581.jpg,clothes,train
clothes/clothes_582.jpg,clothes,train
clothes/clothes_583.jpg,clothes,train
clothes/clothes_584.jpg,clothes,train
clothes/clothes_585.jpg,clothes,train
clothes/clothes_587.jpg,clothes,train
clothes/clothes_589.jpg,clothes,train
clothes/clothes_590.jpg,clothes,train
clothes/clothes_591.jpg,clothes,train
clothes/clothes_593.jpg,clothes,train
clothes/clothes_595.jpg,clothes,train
clothes/clothes_596.jpg,clothes,train
clothes/clothes_598.jpg,clothes,train
clothes/clothes_6.jpg,clothes,train
clothes/clothes_601.jpg,clothes,train
clothes/clothes_602.jpg,clothes,train
clothes/clothes_603.jpg,clothes,train
clothes/clothes_605.jpg,clothes,train
clothes/clothes_606.jpg,clothes,train
clothes/clothes_607.jpg,clothes,train
clothes/clothes_608.jpg,clothes,train
clothes/clothes_609.jpg,clothes,train
clothes/clothes_61.jpg,clothes,train
clothes/clothes_611.jpg,clothes,train
clothes/clothes_612.jpg,clothes,train
clothes/clothes_613.jpg,clothes,train
clothes/clothes_614.jpg,clothes,train
clothes/clothes_615.jpg,clothes,train
clothes/clothes_616.jpg,clothes,train
clothes/clothes_618.jpg,clothes,train
clothes/clothes_620.jpg,clothes,train
clothes/clothes_621.jpg,clothes,train
clothes/clothes_625.jpg,clothes,train
clothes/clothes_626.jpg,clothes,train
clothes/clothes_627.jpg,clothes,train
clothes/clothes_628.jpg,clothes,train
clothes/clothes_629.jpg,clothes,train
clothes/clothes_632.jpg,clothes,train
clothes/clothes_633.jpg,clothes,train
clothes/clothes_634.jpg,clothes,train
clothes/clothes_635.jpg,clothes,train
clothes/clothes_637.jpg,clothes,train
clothes/clothes_638.jpg,clothes,train
clothes/clothes_639.jpg,clothes,train
clothes/clothes_640.jpg,clothes,train
clothes/clothes_641.jpg,clothes,train
clothes/clothes_642.jpg,clothes,train
clothes/clothes_643.jpg,clothes,train
clothes/clothes_644.jpg,clothes,train
clothes/clothes_646.jpg,clothes,train
clothes/clothes_647.jpg,clothes,train
clothes/clothes_648.jpg,clothes,train
clothes/clothes_649.jpg,clothes,train
clothes/clothes_651.jpg,clothes,train
clothes/clothes_653.jpg,clothes,train
clothes/clothes_654.jpg,clothes,train
clothes/clothes_657.jpg,clothes,train
clothes/clothes_658.jpg,clothes,train
clothes/clothes_66.jpg,clothes,train
clothes/clothes_660.jpg,clothes,train
clothes/clothes_661.jpg,clothes,train
clothes/clothes_662.jpg,clothes,train
clothes/clothes_664.jpg,clothes,train
clothes/clothes_669.jpg,clothes,train
clothes/clothes_67.jpg,clothes,train
clothes/clothes_670.jpg,clothes,train
clothes/clothes_676.jpg,clothes,train
clothes/clothes_677.jpg,clothes,train
clothes/clothes_678.jpg,clothes,train
clothes/clothes_679.jpg,clothes,train
clothes/clothes_680.jpg,clothes,train
clothes/clothes_681.jpg,clothes,train
clothes/clothes_682.jpg,clothes,train
clothes/clothes_683.jpg,clothes,train
clothes/clothes_684.jpg,clothes,train
clothes/clothes_685.jpg,clothes,train
clothes/clothes_687.jpg,clothes,train
clothes/clothes_688.jpg,clothes,train
clothes/clothes_690.jpg,clothes,train
clothes/clothes_692.jpg,clothes,train
clothes/clothes_693.jpg,clothes,train
clothes/clothes_694.jpg,clothes,train
clothes/clothes_697.jpg,clothes,train
clothes/clothes_699.jpg,clothes,train
clothes/clothes_7.jpg,clothes,train
clothes/clothes_700.jpg,clothes,train
clothes/clothes_701.jpg,clothes,train
clothes/clothes_703.jpg,clothes,train
clothes/clothes_705.jpg,clothes,train
clothes/clothes_707.jpg,clothes,train
clothes/clothes_708.jpg,clothes,train
clothes/clothes_71.jpg,clothes,train
clothes/clothes_710.jpg,clothes,train
clothes/clothes_711.jpg,clothes,train
clothes/clothes_712.jpg,clothes,train
clothes/clothes_713.jpg,clothes,train
clothes/clothes_715.jpg,clothes,train
clothes/clothes_716.jpg,clothes,train
clothes/clothes_718.jpg,clothes,train
clothes/clothes_72.jpg,clothes,train
clothes/clothes_720.jpg,clothes,train
clothes/clothes_721.jpg,clothes,train
clothes/clothes_722.jpg,clothes,train
clothes/clothes_724.jpg,clothes,train
clothes/clothes_725.jpg,clothes,train
clothes/clothes_726.jpg,clothes,train
clothes/clothes_727.jpg,clothes,train
clothes/clothes_73.jpg,clothes,train
clothes/clothes_730.jpg,clothes,train
clothes/clothes_731.jpg,clothes,train
clothes/clothes_733.jpg,clothes,train
clothes/clothes_734.jpg,clothes,train
clothes/clothes_735.jpg,clothes,train
clothes/clothes_736.jpg,clothes,train
clothes/clothes_738.jpg,clothes,train
clothes/clothes_74.jpg,clothes,train
clothes/clothes_740.jpg,clothes,train
clothes/clothes_743.jpg,clothes,train
clothes/clothes_744.jpg,clothes,train
clothes/clothes_745.jpg,clothes,train
clothes/clothes_746.jpg,clothes,train
clothes/clothes_747.jpg,clothes,train
clothes/clothes_748.jpg,clothes,train
clothes/clothes_749.jpg,clothes,train
clothes/clothes_75.jpg,clothes,train
clothes/clothes_750.jpg,clothes,train
clothes/clothes_751.jpg,clothes,train
clothes/clothes_753.jpg,clothes,train
clothes/clothes_754.jpg,clothes,train
clothes/clothes_755.jpg,clothes,train
clothes/clothes_756.jpg,clothes,train
clothes/clothes_757.jpg,clothes,train
clothes/clothes_759.jpg,clothes,train
clothes/clothes_76.jpg,clothes,train
clothes/clothes_760.jpg,clothes,train
clothes/clothes_761.jpg,clothes,train
clothes/clothes_763.jpg,clothes,train
clothes/clothes_764.jpg,clothes,train
clothes/clothes_765.jpg,clothes,train
clothes/clothes_766.jpg,clothes,train
clothes/clothes_768.jpg,clothes,train
clothes/clothes_77.jpg,clothes,train
clothes/clothes_771.jpg,clothes,train
clothes/clothes_773.jpg,clothes,train
clothes/clothes_774.jpg,clothes,train
clothes/clothes_775.jpg,clothes,train
clothes/clothes_776.jpg,clothes,train
clothes/clothes_777.jpg,clothes,train
clothes/clothes_778.jpg,clothes,train
clothes/clothes_779.jpg,clothes,train
clothes/clothes_78.jpg,clothes,train
clothes/clothes_780.jpg,clothes,train
clothes/clothes_782.jpg,clothes,train
clothes/clothes_783.jpg,clothes,train
clothes/clothes_784.jpg,clothes,train
clothes/clothes_785.jpg,clothes,train
clothes/clothes_786.jpg,clothes,train
clothes/clothes_788.jpg,clothes,train
clothes/clothes_789.jpg,clothes,train
clothes/clothes_79.jpg,clothes,train
clothes/clothes_791.jpg,clothes,train
clothes/clothes_792.jpg,clothes,train
clothes/clothes_793.jpg,clothes,train
clothes/clothes_794.jpg,clothes,train
clothes/clothes_795.jpg,clothes,train
clothes/clothes_796.jpg,clothes,train
clothes/clothes_8.jpg,clothes,train
clothes/clothes_800.jpg,clothes,train
clothes/clothes_802.jpg,clothes,train
clothes/clothes_803.jpg,clothes,train
clothes/clothes_804.jpg,clothes,train
clothes/clothes_805.jpg,clothes,train
clothes/clothes_808.jpg,clothes,train
clothes/clothes_809.jpg,clothes,train
clothes/clothes_810.jpg,clothes,train
clothes/clothes_812.jpg,clothes,train
clothes/clothes_813.jpg,clothes,train
clothes/clothes_814.jpg,clothes,train
clothes/clothes_815.jpg,clothes,train
clothes/clothes_817.jpg,clothes,train
clothes/clothes_819.jpg,clothes,train
clothes/clothes_82.jpg,clothes,train
clothes/clothes_820.jpg,clothes,train
clothes/clothes_821.jpg,clothes,train
clothes/clothes_822.jpg,clothes,train
clothes/clothes_823.jpg,clothes,train
clothes/clothes_824.jpg,clothes,train
clothes/clothes_826.jpg,clothes,train
clothes/clothes_827.jpg,clothes,train
clothes/clothes_828.jpg,clothes,train
clothes/clothes_829.jpg,clothes,train
clothes/clothes_83.jpg,clothes,train
clothes/clothes_831.jpg,clothes,train
clothes/clothes_832.jpg,clothes,train
clothes/clothes_834.jpg,clothes,train
clothes/clothes_835.jpg,clothes,train
clothes/clothes_836.jpg,clothes,train
clothes/clothes_839.jpg,clothes,train
clothes/clothes_840.jpg,clothes,train
clothes/clothes_841.jpg,clothes,train
clothes/clothes_842.jpg,clothes,train
clothes/clothes_843.jpg,clothes,train
clothes/clothes_845.jpg,clothes,train
clothes/clothes_847.jpg,clothes,train
clothes/clothes_848.jpg,clothes,train
clothes/clothes_849.jpg,clothes,train
clothes/clothes_850.jpg,clothes,train
clothes/clothes_855.jpg,clothes,train
clothes/clothes_856.jpg,clothes,train
clothes/clothes_857.jpg,clothes,train
clothes/clothes_860.jpg,clothes,train
clothes/clothes_861.jpg,clothes,train
clothes/clothes_862.jpg,clothes,train
clothes/clothes_867.jpg,clothes,train
clothes/clothes_868.jpg,clothes,train
clothes/clothes_871.jpg,clothes,train
clothes/clothes_872.jpg,clothes,train
clothes/clothes_874.jpg,clothes,train
clothes/clothes_875.jpg,clothes,train
clothes/clothes_876.jpg,clothes,train
clothes/clothes_877.jpg,clothes,train
clothes/clothes_88.jpg,clothes,train
clothes/clothes_881.jpg,clothes,train
clothes/clothes_882.jpg,clothes,train
clothes/clothes_884.jpg,clothes,train
clothes/clothes_886.jpg,clothes,train
clothes/clothes_887.jpg,clothes,train
clothes/clothes_888.jpg,clothes,train
clothes/clothes_889.jpg,clothes,train
clothes/clothes_89.jpg,clothes,train
clothes/clothes_890.jpg,clothes,train
clothes/clothes_891.jpg,clothes,train
clothes/clothes_892.jpg,clothes,train
clothes/clothes_895.jpg,clothes,train
clothes/clothes_896.jpg,clothes,train
clothes/clothes_897.jpg,clothes,train
clothes/clothes_899.jpg,clothes,train
clothes/clothes_90.jpg,clothes,train
clothes/clothes_900.jpg,clothes,train
clothes/clothes_903.jpg,clothes,train
clothes/clothes_904.jpg,clothes,train
clothes/clothes_906.jpg,clothes,train
clothes/clothes_909.jpg,clothes,train
clothes/clothes_91.jpg,clothes,train
clothes/clothes_911.jpg,clothes,train
clothes/clothes_912.jpg,clothes,train
clothes/clothes_913.jpg,clothes,train
clothes/clothes_914.jpg,clothes,train
clothes/clothes_915.jpg,clothes,train
clothes/clothes_916.jpg,clothes,train
clothes/clothes_917.jpg,clothes,train
clothes/clothes_918.jpg,clothes,train
clothes/clothes_919.jpg,clothes,train
clothes/clothes_92.jpg,clothes,train
clothes/clothes_920.jpg,clothes,train
clothes/clothes_922.jpg,clothes,train
clothes/clothes_923.jpg,clothes,train
clothes/clothes_925.jpg,clothes,train
clothes/clothes_926.jpg,clothes,train
clothes/clothes_928.jpg,clothes,train
clothes/clothes_929.jpg,clothes,train
clothes/clothes_93.jpg,clothes,train
clothes/clothes_930.jpg,clothes,train
clothes/clothes_931.jpg,clothes,train
clothes/clothes_932.jpg,clothes,train
clothes/clothes_934.jpg,clothes,train
clothes/clothes_936.jpg,clothes,train
clothes/clothes_938.jpg,clothes,train
clothes/clothes_939.jpg,clothes,train
clothes/clothes_94.jpg,clothes,train
clothes/clothes_940.jpg,clothes,train
clothes/clothes_941.jpg,clothes,train
clothes/clothes_942.jpg,clothes,train
clothes/clothes_943.jpg,clothes,train
clothes/clothes_944.jpg,clothes,train
clothes/clothes_945.jpg,clothes,train
clothes/clothes_947.jpg,clothes,train
clothes/clothes_949.jpg,clothes,train
clothes/clothes_95.jpg,clothes,train
clothes/clothes_952.jpg,clothes,train
clothes/clothes_953.jpg,clothes,train
clothes/clothes_954.jpg,clothes,train
clothes/clothes_955.jpg,clothes,train
clothes/clothes_957.jpg,clothes,train
clothes/clothes_958.jpg,clothes,train
clothes/clothes_959.jpg,clothes,train
clothes/clothes_96.jpg,clothes,train
clothes/clothes_960.jpg,clothes,train
clothes/clothes_962.jpg,clothes,train
clothes/clothes_963.jpg,clothes,train
clothes/clothes_964.jpg,clothes,train
clothes/clothes_965.jpg,clothes,train
clothes/clothes_966.jpg,clothes,train
clothes/clothes_968.jpg,clothes,train
clothes/clothes_969.jpg,clothes,train
clothes/clothes_970.jpg,clothes,train
clothes/clothes_971.jpg,clothes,train
clothes/clothes_972.jpg,clothes,train
clothes/clothes_975.jpg,clothes,train
clothes/clothes_976.jpg,clothes,train
clothes/clothes_977.jpg,clothes,train
clothes/clothes_978.jpg,clothes,train
clothes/clothes_979.jpg,clothes,train
clothes/clothes_981.jpg,clothes,train
clothes/clothes_982.jpg,clothes,train
clothes/clothes_983.jpg,clothes,train
clothes/clothes_984.jpg,clothes,train
clothes/clothes_985.jpg,clothes,train
clothes/clothes_986.jpg,clothes,train
clothes/clothes_987.jpg,clothes,train
clothes/clothes_99.jpg,clothes,train
clothes/clothes_990.jpg,clothes,train
clothes/clothes_993.jpg,clothes,train
clothes/clothes_994.jpg,clothes,train
clothes/clothes_995.jpg,clothes,train
clothes/clothes_996.jpg,clothes,train
clothes/clothes_997.jpg,clothes,train
glass/glass_1.jpg,glass,train
glass/glass_1000.jpg,glass,train
glass/glass_1011.jpg,glass,train
glass/glass_1014.jpg,glass,train
glass/glass_1016.jpg,glass,train
glass/glass_1022.jpg,glass,train
glass/glass_1025.jpg,glass,train
glass/glass_1035.jpg,glass,train
glass/glass_1046.jpg,glass,train
glass/glass_1074.jpg,glass,train
glass/glass_1092.jpg,glass,train
glass/glass_1096.jpg,glass,train
glass/glass_1101.jpg,glass,train
glass/glass_1111.jpg,glass,train
glass/glass_1112.jpg,glass,train
glass/glass_1120.jpg,glass,train
glass/glass_1126.jpg,glass,train
glass/glass_1131.jpg,glass,train
glass/glass_1142.jpg,glass,train
glass/glass_1143.jpg,glass,train
glass/glass_1145.jpg,glass,train
glass/glass_1153.jpg,glass,train
glass/glass_1155.jpg,glass,train
glass/glass_1166.jpg,glass,train
glass/glass_1190.jpg,glass,train
glass/glass_1200.jpg,glass,train
glass/glass_1206.jpg,glass,train
glass/glass_1207.jpg,glass,train
glass/glass_1209.jpg,glass,train
glass/glass_1216.jpg,glass,train
glass/glass_1217.jpg,glass,train
glass/glass_1219.jpg,glass,train
glass/glass_1220.jpg,glass,train
glass/glass_1221.jpg,glass,train
glass/glass_1224.jpg,glass,train
glass/glass_1225.jpg,glass,train
glass/glass_1226.jpg,glass,train
glass/glass_1227.jpg,glass,train
glass/glass_1230.jpg,glass,train
glass/glass_1231.jpg,glass,train
glass/glass_1235.jpg,glass,train
glass/glass_1236.jpg,glass,train
glass/glass_1237.jpg,glass,train
glass/glass_1243.jpg,glass,train
glass/glass_1246.jpg,glass,train
glass/glass_1247.jpg,glass,train
glass/glass_1248.jpg,glass,train
glass/glass_1250.jpg,glass,train
glass/glass_1251.jpg,glass,train
glass/glass_1252.jpg,glass,train
glass/glass_1254.jpg,glass,train
glass/glass_1257.jpg,glass,train
glass/glass_1260.jpg,glass,train
glass/glass_1262.jpg,glass,train
glass/glass_1264.jpg,glass,train
glass/glass_1268.jpg,glass,train
glass/glass_1270.jpg,glass,train
glass/glass_1271.jpg,glass,train
glass/glass_1272.jpg,glass,train
glass/glass_1274.jpg,glass,train
glass/glass_1275.jpg,glass,train
glass/glass_1276.jpg,glass,train
glass/glass_1277.jpg,glass,train
glass/glass_1278.jpg,glass,train
glass/glass_1281.jpg,glass,train
glass/glass_1282.jpg,glass,train
glass/glass_1285.jpg,glass,train
glass/glass_1287.jpg,glass,train
glass/glass_1288.jpg,glass,train
glass/glass_1289.jpg,glass,train
glass/glass_1290.jpg,glass,train
glass/glass_1296.jpg,glass,train
glass/glass_1297.jpg,glass,train
glass/glass_1299.jpg,glass,train
glass/glass_1300.jpg,glass,train
glass/glass_1301.jpg,glass,train
glass/glass_1306.jpg,glass,train
glass/glass_1311.jpg,glass,train
glass/glass_1312.jpg,glass,train
glass/glass_1313.jpg,glass,train
glass/glass_1314.jpg,glass,train
glass/glass_1315.jpg,glass,train
glass/glass_1317.jpg,glass,train
glass/glass_1319.jpg,glass,train
glass/glass_1323.jpg,glass,train
glass/glass_1324.jpg,glass,train
glass/glass_1325.jpg,glass,train
glass/glass_1326.jpg,glass,train
glass/glass_1330.jpg,glass,train
glass/glass_1332.jpg,glass,train
glass/glass_1333.jpg,glass,train
glass/glass_1334.jpg,glass,train
glass/glass_1336.jpg,glass,train
glass/glass_1337.jpg,glass,train
glass/glass_1339.jpg,glass,train
glass/glass_1343.jpg,glass,train
glass/glass_1344.jpg,glass,train
glass/glass_1345.jpg,glass,train
glass/glass_1346.jpg,glass,train
glass/glass_1348.jpg,glass,train
glass/glass_1355.jpg,glass,train
glass/glass_1357.jpg,glass,train
glass/glass_1367.jpg,glass,train
glass/glass_1368.jpg,glass,train
glass/glass_1369.jpg,glass,train
glass/glass_1370.jpg,glass,train
glass/glass_1371.jpg,glass,train
glass/glass_1372.jpg,glass,train
glass/glass_1373.jpg,glass,train
glass/glass_1375.jpg,glass,train
glass/glass_1376.jpg,glass,train
glass/glass_1377.jpg,glass,train
glass/glass_1378.jpg,glass,train
glass/glass_1379.jpg,glass,train
glass/glass_1381.jpg,glass,train
glass/glass_1383.jpg,glass,train
glass/glass_1386.jpg,glass,train
glass/glass_1387.jpg,glass,train
glass/glass_1388.jpg,glass,train
glass/glass_1390.jpg,glass,train
glass/glass_1393.jpg,glass,train
glass/glass_1394.jpg,glass,train
glass/glass_1396.jpg,glass,train
glass/glass_1397.jpg,glass,train
glass/glass_1399.jpg,glass,train
glass/glass_1401.jpg,glass,train
glass/glass_1402.jpg,glass,train
glass/glass_1403.jpg,glass,train
glass/glass_1404.jpg,glass,train
glass/glass_1405.jpg,glass,train
glass/glass_1407.jpg,glass,train
glass/glass_1409.jpg,glass,train
glass/glass_1411.jpg,glass,train
glass/glass_1413.jpg,glass,train
glass/glass_1417.jpg,glass,train
glass/glass_1418.jpg,glass,train
glass/glass_1421.jpg,glass,train
glass/glass_1422.jpg,glass,train
glass/glass_1424.jpg,glass,train
glass/glass_1427.jpg,glass,train
glass/glass_1428.jpg,glass,train
glass/glass_1429.jpg,glass,train
glass/glass_1431.jpg,glass,train
glass/glass_1433.jpg,glass,train
glass/glass_1434.jpg,glass,train
glass/glass_1435.jpg,glass,train
glass/glass_144.jpg,glass,train
glass/glass_1441.jpg,glass,train
glass/glass_1442.jpg,glass,train
glass/glass_1444.jpg,glass,train
glass/glass_1445.jpg,glass,train
glass/glass_1446.jpg,glass,train
glass/glass_1449.jpg,glass,train
glass/glass_1450.jpg,glass,train
glass/glass_1451.jpg,glass,train
glass/glass_1453.jpg,glass,train
glass/glass_1455.jpg,glass,train
glass/glass_1456.jpg,glass,train
glass/glass_1458.jpg,glass,train
glass/glass_1459.jpg,glass,train
glass/glass_1460.jpg,glass,train
glass/glass_1462.jpg,glass,train
glass/glass_1466.jpg,glass,train
glass/glass_1470.jpg,glass,train
glass/glass_1471.jpg,glass,train
glass/glass_1472.jpg,glass,train
glass/glass_1474.jpg,glass,train
glass/glass_1475.jpg,glass,train
glass/glass_1477.jpg,glass,train
glass/glass_1480.jpg,glass,train
glass/glass_1481.jpg,glass,train
glass/glass_1487.jpg,glass,train
glass/glass_1489.jpg,glass,train
glass/glass_1490.jpg,glass,train
glass/glass_1493.jpg,glass,train
glass/glass_1494.jpg,glass,train
glass/glass_1496.jpg,glass,train
glass/glass_1497.jpg,glass,train
glass/glass_1498.jpg,glass,train
glass/glass_1499.jpg,glass,train
glass/glass_1500.jpg,glass,train
glass/glass_1503.jpg,glass,train
glass/glass_1505.jpg,glass,train
glass/glass_1506.jpg,glass,train
glass/glass_1508.jpg,glass,train
glass/glass_1509.jpg,glass,train
glass/glass_1510.jpg,glass,train
glass/glass_1511.jpg,glass,train
glass/glass_1512.jpg,glass,train
glass/glass_1514.jpg,glass,train
glass/glass_1515.jpg,glass,train
glass/glass_1516.jpg,glass,train
glass/glass_1517.jpg,glass,train
glass/glass_1518.jpg,glass,train
glass/glass_1520.jpg,glass,train
glass/glass_1527.jpg,glass,train
glass/glass_1530.jpg,glass,train
glass/glass_1531.jpg,glass,train
glass/glass_1537.jpg,glass,train
glass/glass_1539.jpg,glass,train
glass/glass_1543.jpg,glass,train
glass/glass_1544.jpg,glass,train
glass/glass_1545.jpg,glass,train
glass/glass_1546.jpg,glass,train
glass/glass_1549.jpg,glass,train
glass/glass_1551.jpg,glass,train
glass/glass_1554.jpg,glass,train
glass/glass_1556.jpg,glass,train
glass/glass_1559.jpg,glass,train
glass/glass_1560.jpg,glass,train
glass/glass_1567.jpg,glass,train
glass/glass_1569.jpg,glass,train
glass/glass_1570.jpg,glass,train
glass/glass_1572.jpg,glass,train
glass/glass_1573.jpg,glass,train
glass/glass_1574.jpg,glass,train
glass/glass_1576.jpg,glass,train
glass/glass_1578.jpg,glass,train
glass/glass_1581.jpg,glass,train
glass/glass_1585.jpg,glass,train
glass/glass_1586.jpg,glass,train
glass/glass_1588.jpg,glass,train
glass/glass_1589.jpg,glass,train
glass/glass_1591.jpg,glass,train
glass/glass_1592.jpg,glass,train
glass/glass_1594.jpg,glass,train
glass/glass_1596.jpg,glass,train
glass/glass_1597.jpg,glass,train
glass/glass_1602.jpg,glass,train
glass/glass_1605.jpg,glass,train
glass/glass_1612.jpg,glass,train
glass/glass_1614.jpg,glass,train
glass/glass_1616.jpg,glass,train
glass/glass_1619.jpg,glass,train
glass/glass_1620.jpg,glass,train
glass/glass_1621.jpg,glass,train
glass/glass_1625.jpg,glass,train
glass/glass_1628.jpg,glass,train
glass/glass_1630.jpg,glass,train
glass/glass_1631.jpg,glass,train
glass/glass_1632.jpg,glass,train
glass/glass_1633.jpg,glass,train
glass/glass_1634.jpg,glass,train
glass/glass_1635.jpg,glass,train
glass/glass_1636.jpg,glass,train
glass/glass_1637.jpg,glass,train
glass/glass_1641.jpg,glass,train
glass/glass_1643.jpg,glass,train
glass/glass_1644.jpg,glass,train
glass/glass_1645.jpg,glass,train
glass/glass_1646.jpg,glass,train
glass/glass_1647.jpg,glass,train
glass/glass_1650.jpg,glass,train
glass/glass_1652.jpg,glass,train
glass/glass_1654.jpg,glass,train
glass/glass_1655.jpg,glass,train
glass/glass_1658.jpg,glass,train
glass/glass_1660.jpg,glass,train
glass/glass_1662.jpg,glass,train
glass/glass_1667.jpg,glass,train
glass/glass_1669.jpg,glass,train
glass/glass_1672.jpg,glass,train
glass/glass_1675.jpg,glass,train
glass/glass_1676.jpg,glass,train
glass/glass_1679.jpg,glass,train
glass/glass_1680.jpg,glass,train
glass/glass_1681.jpg,glass,train
glass/glass_1686.jpg,glass,train
glass/glass_1688.jpg,glass,train
glass/glass_1691.jpg,glass,train
glass/glass_1694.jpg,glass,train
glass/glass_1695.jpg,glass,train
glass/glass_1696.jpg,glass,train
glass/glass_1697.jpg,glass,train
glass/glass_1698.jpg,glass,train
glass/glass_1702.jpg,glass,train
glass/glass_1704.jpg,glass,train
glass/glass_1705.jpg,glass,train
glass/glass_1706.jpg,glass,train
glass/glass_1709.jpg,glass,train
glass/glass_1710.jpg,glass,train
glass/glass_1711.jpg,glass,train
glass/glass_1712.jpg,glass,train
glass/glass_1713.jpg,glass,train
glass/glass_1714.jpg,glass,train
glass/glass_1716.jpg,glass,train
glass/glass_1721.jpg,glass,train
glass/glass_1726.jpg,glass,train
glass/glass_1727.jpg,glass,train
glass/glass_1729.jpg,glass,train
glass/glass_1732.jpg,glass,train
glass/glass_1733.jpg,glass,train
glass/glass_1735.jpg,glass,train
glass/glass_1737.jpg,glass,train
glass/glass_1739.jpg,glass,train
glass/glass_1740.jpg,glass,train
glass/glass_1741.jpg,glass,train
glass/glass_1744.jpg,glass,train
glass/glass_1745.jpg,glass,train
glass/glass_1746.jpg,glass,train
glass/glass_1747.jpg,glass,train
glass/glass_1749.jpg,glass,train
glass/glass_1754.jpg,glass,train
glass/glass_1758.jpg,glass,train
glass/glass_1759.jpg,glass,train
glass/glass_1760.jpg,glass,train
glass/glass_1761.jpg,glass,train
glass/glass_1766.jpg,glass,train
glass/glass_1768.jpg,glass,train
glass/glass_1774.jpg,glass,train
glass/glass_1777.jpg,glass,train
glass/glass_1778.jpg,glass,train
glass/glass_1781.jpg,glass,train
glass/glass_1783.jpg,glass,train
glass/glass_1784.jpg,glass,train
glass/glass_1785.jpg,glass,train
glass/glass_1786.jpg,glass,train
glass/glass_1787.jpg,glass,train
glass/glass_1789.jpg,glass,train
glass/glass_1790.jpg,glass,train
glass/glass_1793.jpg,glass,train
glass/glass_1794.jpg,glass,train
glass/glass_1797.jpg,glass,train
glass/glass_1798.jpg,glass,train
glass/glass_1800.jpg,glass,train
glass/glass_1803.jpg,glass,train
glass/glass_1804.jpg,glass,train
glass/glass_1806.jpg,glass,train
glass/glass_1808.jpg,glass,train
glass/glass_1809.jpg,glass,train
glass/glass_1811.jpg,glass,train
glass/glass_1813.jpg,glass,train
glass/glass_1814.jpg,glass,train
glass/glass_1816.jpg,glass,train
glass/glass_1817.jpg,glass,train
glass/glass_1822.jpg,glass,train
glass/glass_1823.jpg,glass,train
glass/glass_1824.jpg,glass,train
glass/glass_1825.jpg,glass,train
glass/glass_1828.jpg,glass,train
glass/glass_1830.jpg,glass,train
glass/glass_1832.jpg,glass,train
glass/glass_1834.jpg,glass,train
glass/glass_1836.jpg,glass,train
glass/glass_1837.jpg,glass,train
glass/glass_1838.jpg,glass,train
glass/glass_1839.jpg,glass,train
glass/glass_1844.jpg,glass,train
glass/glass_1845.jpg,glass,train
glass/glass_1846.jpg,glass,train
glass/glass_1847.jpg,glass,train
glass/glass_1851.jpg,glass,train
glass/glass_1852.jpg,glass,train
glass/glass_1853.jpg,glass,train
glass/glass_1855.jpg,glass,train
glass/glass_1856.jpg,glass,train
glass/glass_1858.jpg,glass,train
glass/glass_1859.jpg,glass,train
glass/glass_1860.jpg,glass,train
glass/glass_1864.jpg,glass,train
glass/glass_1866.jpg,glass,train
glass/glass_1867.jpg,glass,train
glass/glass_1868.jpg,glass,train
glass/glass_1873.jpg,glass,train
glass/glass_1874.jpg,glass,train
glass/glass_1875.jpg,glass,train
glass/glass_1877.jpg,glass,train
glass/glass_1878.jpg,glass,train
glass/glass_1879.jpg,glass,train
glass/glass_1880.jpg,glass,train
glass/glass_1881.jpg,glass,train
glass/glass_1884.jpg,glass,train
glass/glass_1885.jpg,glass,train
glass/glass_1887.jpg,glass,train
glass/glass_1888.jpg,glass,train
glass/glass_1889.jpg,glass,train
glass/glass_1891.jpg,glass,train
glass/glass_1892.jpg,glass,train
glass/glass_1893.jpg,glass,train
glass/glass_1895.jpg,glass,train
glass/glass_1896.jpg,glass,train
glass/glass_1897.jpg,glass,train
glass/glass_1899.jpg,glass,train
glass/glass_1903.jpg,glass,train
glass/glass_1904.jpg,glass,train
glass/glass_1912.jpg,glass,train
glass/glass_1913.jpg,glass,train
glass/glass_1915.jpg,glass,train
glass/glass_1917.jpg,glass,train
glass/glass_1918.jpg,glass,train
glass/glass_1922.jpg,glass,train
glass/glass_1926.jpg,glass,train
glass/glass_1927.jpg,glass,train
glass/glass_1928.jpg,glass,train
glass/glass_1930.jpg,glass,train
glass/glass_1931.jpg,glass,train
glass/glass_1932.jpg,glass,train
glass/glass_1937.jpg,glass,train
glass/glass_1938.jpg,glass,train
glass/glass_1940.jpg,glass,train
glass/glass_1942.jpg,glass,train
glass/glass_1943.jpg,glass,train
glass/glass_1947.jpg,glass,train
glass/glass_1949.jpg,glass,train
glass/glass_1950.jpg,glass,train
glass/glass_1951.jpg,glass,train
glass/glass_1952.jpg,glass,train
glass/glass_1956.jpg,glass,train
glass/glass_1959.jpg,glass,train
glass/glass_1960.jpg,glass,train
glass/glass_1961.jpg,glass,train
glass/glass_1963.jpg,glass,train
glass/glass_1964.jpg,glass,train
glass/glass_1968.jpg,glass,train
glass/glass_1971.jpg,glass,train
glass/glass_1975.jpg,glass,train
glass/glass_1977.jpg,glass,train
glass/glass_1979.jpg,glass,train
glass/glass_1980.jpg,glass,train
glass/glass_1986.jpg,glass,train
glass/glass_1987.jpg,glass,train
glass/glass_1988.jpg,glass,train
glass/glass_1990.jpg,glass,train
glass/glass_1991.jpg,glass,train
glass/glass_1992.jpg,glass,train
glass/glass_1993.jpg,glass,train
glass/glass_1994.jpg,glass,train
glass/glass_1997.jpg,glass,train
glass/glass_1998.jpg,glass,train
glass/glass_2000.jpg,glass,train
glass/glass_2002.jpg,glass,train
glass/glass_2004.jpg,glass,train
glass/glass_2005.jpg,glass,train
glass/glass_2007.jpg,glass,train
glass/glass_2013.jpg,glass,train
glass/glass_2019.jpg,glass,train
glass/glass_2024.jpg,glass,train
glass/glass_20240626_161832.jpg,glass,train
glass/glass_20240628_161432.jpg,glass,train
glass/glass_20240702_100012.jpg,glass,train
glass/glass_20240713_122103.jpg,glass,train
glass/glass_20240718_093829.jpg,glass,train
glass/glass_20241.jpg,glass,train
glass/glass_20241.png,glass,train
glass/glass_20242.jpg,glass,train
glass/glass_20242.png,glass,train
glass/glass_20243.jpg,glass,train
glass/glass_20244.jpg,glass,train
glass/glass_20244.png,glass,train
glass/glass_20245.jpg,glass,train
glass/glass_20246.jpg,glass,train
glass/glass_20246.png,glass,train
glass/glass_20247.jpg,glass,train
glass/glass_20248.jpg,glass,train
glass/glass_20248.png,glass,train
glass/glass_2026.jpg,glass,train
glass/glass_2027.jpg,glass,train
glass/glass_2028.jpg,glass,train
glass/glass_2029.jpg,glass,train
glass/glass_2030.jpg,glass,train
glass/glass_2032.jpg,glass,train
glass/glass_2034.jpg,glass,train
glass/glass_2036.jpg,glass,train
glass/glass_2041.jpg,glass,train
glass/glass_2044.jpg,glass,train
glass/glass_2046.jpg,glass,train
glass/glass_2048.jpg,glass,train
glass/glass_2049.jpg,glass,train
glass/glass_2050.jpg,glass,train
glass/glass_2052.jpg,glass,train
glass/glass_2053.jpg,glass,train
glass/glass_2055.jpg,glass,train
glass/glass_2057.jpg,glass,train
glass/glass_2058.jpg,glass,train
glass/glass_2060.jpg,glass,train
glass/glass_2061.jpg,glass,train
glass/glass_2062.jpg,glass,train
glass/glass_2065.jpg,glass,train
glass/glass_2066.jpg,glass,train
glass/glass_2067.jpg,glass,train
glass/glass_2069.jpg,glass,train
glass/glass_2073.jpg,glass,train
glass/glass_2074.jpg,glass,train
glass/glass_2075.jpg,glass,train
glass/glass_2076.jpg,glass,train
glass/glass_2077.jpg,glass,train
glass/glass_2079.jpg,glass,train
glass/glass_2080.jpg,glass,train
glass/glass_2081.jpg,glass,train
glass/glass_2083.jpg,glass,train
glass/glass_2085.jpg,glass,train
glass/glass_2086.jpg,glass,train
glass/glass_2089.jpg,glass,train
glass/glass_2090.jpg,glass,train
glass/glass_2092.jpg,glass,train
glass/glass_2094.jpg,glass,train
glass/glass_2096.jpg,glass,train
glass/glass_2104.jpg,glass,train
glass/glass_2106.jpg,glass,train
glass/glass_2107.jpg,glass,train
glass/glass_2108.jpg,glass,train
glass/glass_2111.jpg,glass,train
glass/glass_2112.jpg,glass,train
glass/glass_2113.jpg,glass,train
glass/glass_2114.jpg,glass,train
glass/glass_2115.jpg,glass,train
glass/glass_2116.jpg,glass,train
glass/glass_2121.jpg,glass,train
glass/glass_2122.jpg,glass,train
glass/glass_2123.jpg,glass,train
glass/glass_2127.jpg,glass,train
glass/glass_2132.jpg,glass,train
glass/glass_2133.jpg,glass,train
glass/glass_2134.jpg,glass,train
glass/glass_2138.jpg,glass,train
glass/glass_2139.jpg,glass,train
glass/glass_2142.jpg,glass,train
glass/glass_2143.jpg,glass,train
glass/glass_2148.jpg,glass,train
glass/glass_2152.jpg,glass,train
glass/glass_2154.jpg,glass,train
glass/glass_2155.jpg,glass,train
glass/glass_2156.jpg,glass,train
glass/glass_2157.jpg,glass,train
glass/glass_2158.jpg,glass,train
glass/glass_2159.jpg,glass,train
glass/glass_2160.jpg,glass,train
glass/glass_2161.jpg,glass,train
glass/glass_2164.jpg,glass,train
glass/glass_2166.jpg,glass,train
glass/glass_2167.jpg,glass,train
glass/glass_2169.jpg,glass,train
glass/glass_2171.jpg,glass,train
glass/glass_2175.jpg,glass,train
glass/glass_2176.jpg,glass,train
glass/glass_2177.jpg,glass,train
glass/glass_2178.jpg,glass,train
glass/glass_2180.jpg,glass,train
glass/glass_2181.jpg,glass,train
glass/glass_2182.jpg,glass,train
glass/glass_2183.jpg,glass,train
glass/glass_2184.jpg,glass,train
glass/glass_2185.jpg,glass,train
glass/glass_2187.jpg,glass,train
glass/glass_2191.jpg,glass,train
glass/glass_2193.jpg,glass,train
glass/glass_2195.jpg,glass,train
glass/glass_2198.jpg,glass,train
glass/glass_2199.jpg,glass,train
glass/glass_2203.jpg,glass,train
glass/glass_2205.jpg,glass,train
glass/glass_2208.jpg,glass,train
glass/glass_2209.jpg,glass,train
glass/glass_2210.jpg,glass,train
glass/glass_2212.jpg,glass,train
glass/glass_2218.jpg,glass,train
glass/glass_2220.jpg,glass,train
glass/glass_2221.jpg,glass,train
glass/glass_2225.jpg,glass,train
glass/glass_2226.jpg,glass,train
glass/glass_2228.jpg,glass,train
glass/glass_2229.jpg,glass,train
glass/glass_2233.jpg,glass,train
glass/glass_2234.jpg,glass,train
glass/glass_2236.jpg,glass,train
glass/glass_2238.jpg,glass,train
glass/glass_2239.jpg,glass,train
glass/glass_2241.jpg,glass,train
glass/glass_2243.jpg,glass,train
glass/glass_2244.jpg,glass,train
glass/glass_2250.jpg,glass,train
glass/glass_2251.jpg,glass,train
glass/glass_2252.jpg,glass,train
glass/glass_2253.jpg,glass,train
glass/glass_2255.jpg,glass,train
glass/glass_2260.jpg,glass,train
glass/glass_2262.jpg,glass,train
glass/glass_2264.jpg,glass,train
glass/glass_2267.jpg,glass,train
glass/glass_2269.jpg,glass,train
glass/glass_2271.jpg,glass,train
glass/glass_2272.jpg,glass,train
glass/glass_2275.jpg,glass,train
glass/glass_2277.jpg,glass,train
glass/glass_2278.jpg,glass,train
glass/glass_2280.jpg,glass,train
glass/glass_2281.jpg,glass,train
glass/glass_2284.jpg,glass,train
glass/glass_2286.jpg,glass,train
glass/glass_2288.jpg,glass,train
glass/glass_2289.jpg,glass,train
glass/glass_2290.jpg,glass,train
glass/glass_2293.jpg,glass,train
glass/glass_2295.jpg,glass,train
glass/glass_2297.jpg,glass,train
glass/glass_2298.jpg,glass,train
glass/glass_2300.jpg,glass,train
glass/glass_2305.jpg,glass,train
glass/glass_2306.jpg,glass,train
glass/glass_2308.jpg,glass,train
glass/glass_2312.jpg,glass,train
glass/glass_2315.jpg,glass,train
glass/glass_2317.jpg,glass,train
glass/glass_2318.jpg,glass,train
glass/glass_2321.jpg,glass,train
glass/glass_2322.jpg,glass,train
glass/glass_2323.jpg,glass,train
glass/glass_2325.jpg,glass,train
glass/glass_2326.jpg,glass,train
glass/glass_2327.jpg,glass,train
glass/glass_2329.jpg,glass,train
glass/glass_2331.jpg,glass,train
glass/glass_2332.jpg,glass,train
glass/glass_2334.jpg,glass,train
glass/glass_2338.jpg,glass,train
glass/glass_2339.jpg,glass,train
glass/glass_2340.jpg,glass,train
glass/glass_2343.jpg,glass,train
glass/glass_2345.jpg,glass,train
glass/glass_2346.jpg,glass,train
glass/glass_2347.jpg,glass,train
glass/glass_2348.jpg,glass,train
glass/glass_2349.jpg,glass,train
glass/glass_235.jpg,glass,train
glass/glass_2351.jpg,glass,train
glass/glass_2353.jpg,glass,train
glass/glass_2354.jpg,glass,train
glass/glass_2359.jpg,glass,train
glass/glass_2362.jpg,glass,train
glass/glass_2364.jpg,glass,train
glass/glass_2368.jpg,glass,train
glass/glass_2369.jpg,glass,train
glass/glass_2371.jpg,glass,train
glass/glass_2372.jpg,glass,train
glass/glass_2374.jpg,glass,train
glass/glass_2375.jpg,glass,train
glass/glass_2377.jpg,glass,train
glass/glass_2378.jpg,glass,train
glass/glass_2382.jpg,glass,train
glass/glass_2383.jpg,glass,train
glass/glass_2384.jpg,glass,train
glass/glass_2385.jpg,glass,train
glass/glass_2386.jpg,glass,train
glass/glass_2388.jpg,glass,train
glass/glass_2389.jpg,glass,train
glass/glass_2390.jpg,glass,train
glass/glass_2392.jpg,glass,train
glass/glass_2393.jpg,glass,train
glass/glass_2395.jpg,glass,train
glass/glass_2396.jpg,glass,train
glass/glass_2397.jpg,glass,train
glass/glass_2398.jpg,glass,train
glass/glass_2401.jpg,glass,train
glass/glass_2406.jpg,glass,train
glass/glass_2407.jpg,glass,train
glass/glass_2408.jpg,glass,train
glass/glass_2410.jpg,glass,train
glass/glass_2414.jpg,glass,train
glass/glass_2416.jpg,glass,train
glass/glass_2418.jpg,glass,train
glass/glass_2419.jpg,glass,train
glass/glass_2420.jpg,glass,train
glass/glass_2421.jpg,glass,train
glass/glass_2423.jpg,glass,train
glass/glass_2424.jpg,glass,train
glass/glass_2432.jpg,glass,train
glass/glass_2433.jpg,glass,train
glass/glass_2436.jpg,glass,train
glass/glass_2437.jpg,glass,train
glass/glass_2438.jpg,glass,train
glass/glass_2440.jpg,glass,train
glass/glass_2441.jpg,glass,train
glass/glass_2446.jpg,glass,train
glass/glass_2450.jpg,glass,train
glass/glass_2451.jpg,glass,train
glass/glass_2453.jpg,glass,train
glass/glass_2457.jpg,glass,train
glass/glass_2458.jpg,glass,train
glass/glass_2459.jpg,glass,train
glass/glass_2460.jpg,glass,train
glass/glass_2462.jpg,glass,train
glass/glass_2463.jpg,glass,train
glass/glass_2467.jpg,glass,train
glass/glass_2468.jpg,glass,train
glass/glass_2470.jpg,glass,train
glass/glass_2475.jpg,glass,train
glass/glass_2477.jpg,glass,train
glass/glass_2481.jpg,glass,train
glass/glass_2482.jpg,glass,train
glass/glass_2484.jpg,glass,train
glass/glass_2485.jpg,glass,train
glass/glass_2491.jpg,glass,train
glass/glass_2492.jpg,glass,train
glass/glass_2493.jpg,glass,train
glass/glass_2494.jpg,glass,train
glass/glass_2495.jpg,glass,train
glass/glass_2496.jpg,glass,train
glass/glass_2497.jpg,glass,train
glass/glass_2498.jpg,glass,train
glass/glass_2501.jpg,glass,train
glass/glass_2502.jpg,glass,train
glass/glass_2503.jpg,glass,train
glass/glass_2505.jpg,glass,train
glass/glass_2506.jpg,glass,train
glass/glass_2508.jpg,glass,train
glass/glass_2509.jpg,glass,train
glass/glass_2510.jpg,glass,train
glass/glass_2512.jpg,glass,train
glass/glass_2515.jpg,glass,train
glass/glass_2516.jpg,glass,train
glass/glass_2519.jpg,glass,train
glass/glass_2520.jpg,glass,train
glass/glass_2521.jpg,glass,train
glass/glass_2522.jpg,glass,train
glass/glass_2524.jpg,glass,train
glass/glass_2528.jpg,glass,train
glass/glass_2529.jpg,glass,train
glass/glass_2532.jpg,glass,train
glass/glass_2533.jpg,glass,train
glass/glass_2536.jpg,glass,train
glass/glass_2539.jpg,glass,train
glass/glass_2541.jpg,glass,train
glass/glass_2545.jpg,glass,train
glass/glass_2546.jpg,glass,train
glass/glass_2547.jpg,glass,train
glass/glass_2548.jpg,glass,train
glass/glass_2550.jpg,glass,train
glass/glass_2551.jpg,glass,train
glass/glass_2554.jpg,glass,train
glass/glass_2556.jpg,glass,train
glass/glass_2558.jpg,glass,train
glass/glass_2559.jpg,glass,train
glass/glass_2562.jpg,glass,train
glass/glass_2563.jpg,glass,train
glass/glass_2565.jpg,glass,train
glass/glass_2566.jpg,glass,train
glass/glass_2567.jpg,glass,train
glass/glass_2568.jpg,glass,train
glass/glass_2569.jpg,glass,train
glass/glass_2570.jpg,glass,train
glass/glass_2572.jpg,glass,train
glass/glass_2574.jpg,glass,train
glass/glass_2575.jpg,glass,train
glass/glass_2576.jpg,glass,train
glass/glass_2577.jpg,glass,train
glass/glass_2579.jpg,glass,train
glass/glass_2580.jpg,glass,train
glass/glass_2586.jpg,glass,train
glass/glass_2588.jpg,glass,train
glass/glass_2595.jpg,glass,train
glass/glass_2599.jpg,glass,train
glass/glass_2600.jpg,glass,train
glass/glass_2601.jpg,glass,train
glass/glass_2602.jpg,glass,train
glass/glass_2603.jpg,glass,train
glass/glass_2604.jpg,glass,train
glass/glass_2608.jpg,glass,train
glass/glass_2609.jpg,glass,train
glass/glass_2612.jpg,glass,train
glass/glass_2614.jpg,glass,train
glass/glass_2615.jpg,glass,train
glass/glass_2617.jpg,glass,train
glass/glass_2623.jpg,glass,train
glass/glass_2624.jpg,glass,train
glass/glass_2626.jpg,glass,train
glass/glass_2627.jpg,glass,train
glass/glass_2631.jpg,glass,train
glass/glass_2632.jpg,glass,train
glass/glass_2634.jpg,glass,train
glass/glass_2636.jpg,glass,train
glass/glass_2637.jpg,glass,train
glass/glass_2640.jpg,glass,train
glass/glass_2641.jpg,glass,train
glass/glass_2642.jpg,glass,train
glass/glass_2644.jpg,glass,train
glass/glass_2645.jpg,glass,train
glass/glass_2646.jpg,glass,train
glass/glass_2647.jpg,glass,train
glass/glass_2649.jpg,glass,train
glass/glass_2650.jpg,glass,train
glass/glass_2651.jpg,glass,train
glass/glass_2652.jpg,glass,train
glass/glass_2656.jpg,glass,train
glass/glass_2657.jpg,glass,train
glass/glass_2658.jpg,glass,train
glass/glass_2661.jpg,glass,train
glass/glass_2664.jpg,glass,train
glass/glass_2666.jpg,glass,train
glass/glass_2668.jpg,glass,train
glass/glass_2669.jpg,glass,train
glass/glass_2670.jpg,glass,train
glass/glass_2671.jpg,glass,train
glass/glass_2674.jpg,glass,train
glass/glass_2675.jpg,glass,train
glass/glass_2677.jpg,glass,train
glass/glass_2678.jpg,glass,train
glass/glass_2679.jpg,glass,train
glass/glass_2680.jpg,glass,train
glass/glass_2681.jpg,glass,train
glass/glass_2682.jpg,glass,train
glass/glass_2684.jpg,glass,train
glass/glass_2687.jpg,glass,train
glass/glass_2691.jpg,glass,train
glass/glass_2695.jpg,glass,train
glass/glass_2696.jpg,glass,train
glass/glass_2701.jpg,glass,train
glass/glass_2704.jpg,glass,train
glass/glass_2708.jpg,glass,train
glass/glass_2712.jpg,glass,train
glass/glass_2713.jpg,glass,train
glass/glass_2715.jpg,glass,train
glass/glass_2716.jpg,glass,train
glass/glass_2717.jpg,glass,train
glass/glass_2719.jpg,glass,train
glass/glass_2720.jpg,glass,train
glass/glass_2721.jpg,glass,train
glass/glass_2722.jpg,glass,train
glass/glass_2723.jpg,glass,train
glass/glass_2724.jpg,glass,train
glass/glass_2726.jpg,glass,train
glass/glass_2730.jpg,glass,train
glass/glass_2732.jpg,glass,train
glass/glass_2733.jpg,glass,train
glass/glass_2736.jpg,glass,train
glass/glass_2738.jpg,glass,train
glass/glass_2743.jpg,glass,train
glass/glass_2744.jpg,glass,train
glass/glass_2745.jpg,glass,train
glass/glass_2746.jpg,glass,train
glass/glass_2749.jpg,glass,train
glass/glass_2750.jpg,glass,train
glass/glass_2752.jpg,glass,train
glass/glass_2754.jpg,glass,train
glass/glass_2756.jpg,glass,train
glass/glass_2759.jpg,glass,train
glass/glass_2761.jpg,glass,train
glass/glass_2764.jpg,glass,train
glass/glass_2766.jpg,glass,train
glass/glass_2767.jpg,glass,train
glass/glass_2769.jpg,glass,train
glass/glass_2770.jpg,glass,train
glass/glass_2772.jpg,glass,train
glass/glass_2777.jpg,glass,train
glass/glass_2778.jpg,glass,train
glass/glass_2779.jpg,glass,train
glass/glass_2780.jpg,glass,train
glass/glass_2781.jpg,glass,train
glass/glass_2783.jpg,glass,train
glass/glass_2786.jpg,glass,train
glass/glass_2788.jpg,glass,train
glass/glass_2792.jpg,glass,train
glass/glass_2793.jpg,glass,train
glass/glass_2794.jpg,glass,train
glass/glass_2800.jpg,glass,train
glass/glass_2803.jpg,glass,train
glass/glass_2804.jpg,glass,train
glass/glass_2805.jpg,glass,train
glass/glass_2806.jpg,glass,train
glass/glass_2808.jpg,glass,train
glass/glass_2811.jpg,glass,train
glass/glass_2813.jpg,glass,train
glass/glass_2816.jpg,glass,train
glass/glass_2819.jpg,glass,train
glass/glass_2826.jpg,glass,train
glass/glass_2827.jpg,glass,train
glass/glass_2829.jpg,glass,train
glass/glass_2831.jpg,glass,train
glass/glass_2834.jpg,glass,train
glass/glass_2835.jpg,glass,train
glass/glass_2836.jpg,glass,train
glass/glass_2839.jpg,glass,train
glass/glass_2841.jpg,glass,train
glass/glass_2842.jpg,glass,train
glass/glass_2845.jpg,glass,train
glass/glass_2846.jpg,glass,train
glass/glass_2847.jpg,glass,train
glass/glass_2848.jpg,glass,train
glass/glass_2849.jpg,glass,train
glass/glass_2850.jpg,glass,train
glass/glass_2851.jpg,glass,train
glass/glass_2853.jpg,glass,train
glass/glass_2854.jpg,glass,train
glass/glass_2855.jpg,glass,train
glass/glass_2856.jpg,glass,train
glass/glass_2857.jpg,glass,train
glass/glass_2858.jpg,glass,train
glass/glass_2860.jpg,glass,train
glass/glass_2863.jpg,glass,train
glass/glass_2866.jpg,glass,train
glass/glass_2867.jpg,glass,train
glass/glass_2868.jpg,glass,train
glass/glass_2870.jpg,glass,train
glass/glass_2871.jpg,glass,train
glass/glass_2872.jpg,glass,train
glass/glass_2873.jpg,glass,train
glass/glass_2875.jpg,glass,train
glass/glass_2877.jpg,glass,train
glass/glass_2881.jpg,glass,train
glass/glass_2885.jpg,glass,train
glass/glass_2887.jpg,glass,train
glass/glass_2890.jpg,glass,train
glass/glass_2892.jpg,glass,train
glass/glass_2897.jpg,glass,train
glass/glass_2901.jpg,glass,train
glass/glass_2907.jpg,glass,train
glass/glass_2909.jpg,glass,train
glass/glass_2910.jpg,glass,train
glass/glass_2915.jpg,glass,train
glass/glass_2916.jpg,glass,train
glass/glass_2919.jpg,glass,train
glass/glass_2920.jpg,glass,train
glass/glass_2921.jpg,glass,train
glass/glass_2922.jpg,glass,train
glass/glass_2926.jpg,glass,train
glass/glass_2927.jpg,glass,train
glass/glass_2928.jpg,glass,train
glass/glass_2929.jpg,glass,train
glass/glass_2930.jpg,glass,train
glass/glass_2931.jpg,glass,train
glass/glass_2932.jpg,glass,train
glass/glass_2934.jpg,glass,train
glass/glass_2935.jpg,glass,train
glass/glass_2936.jpg,glass,train
glass/glass_2937.jpg,glass,train
glass/glass_2938.jpg,glass,train
glass/glass_2940.jpg,glass,train
glass/glass_2942.jpg,glass,train
glass/glass_2944.jpg,glass,train
glass/glass_2945.jpg,glass,train
glass/glass_2947.jpg,glass,train
glass/glass_2952.jpg,glass,train
glass/glass_2954.jpg,glass,train
glass/glass_2955.jpg,glass,train
glass/glass_2957.jpg,glass,train
glass/glass_2958.jpg,glass,train
glass/glass_2959.jpg,glass,train
glass/glass_2965.jpg,glass,train
glass/glass_2967.jpg,glass,train
glass/glass_2970.jpg,glass,train
glass/glass_2973.jpg,glass,train
glass/glass_2976.jpg,glass,train
glass/glass_2977.jpg,glass,train
glass/glass_2978.jpg,glass,train
glass/glass_2981.jpg,glass,train
glass/glass_2983.jpg,glass,train
glass/glass_2984.jpg,glass,train
glass/glass_2985.jpg,glass,train
glass/glass_2986.jpg,glass,train
glass/glass_2987.jpg,glass,train
glass/glass_2990.jpg,glass,train
glass/glass_2995.jpg,glass,train
glass/glass_2998.jpg,glass,train
glass/glass_3000.jpg,glass,train
glass/glass_3003.jpg,glass,train
glass/glass_3005.jpg,glass,train
glass/glass_3006.jpg,glass,train
glass/glass_3009.jpg,glass,train
glass/glass_3012.jpg,glass,train
glass/glass_3014.jpg,glass,train
glass/glass_3017.jpg,glass,train
glass/glass_3018.jpg,glass,train
glass/glass_3019.jpg,glass,train
glass/glass_3021.jpg,glass,train
glass/glass_3022.jpg,glass,train
glass/glass_3024.jpg,glass,train
glass/glass_3026.jpg,glass,train
glass/glass_3027.jpg,glass,train
glass/glass_3028.jpg,glass,train
glass/glass_3031.jpg,glass,train
glass/glass_3033.jpg,glass,train
glass/glass_3035.jpg,glass,train
glass/glass_3037.jpg,glass,train
glass/glass_3038.jpg,glass,train
glass/glass_3039.jpg,glass,train
glass/glass_3040.jpg,glass,train
glass/glass_3041.jpg,glass,train
glass/glass_3042.jpg,glass,train
glass/glass_3043.jpg,glass,train
glass/glass_3044.jpg,glass,train
glass/glass_3045.jpg,glass,train
glass/glass_3048.jpg,glass,train
glass/glass_3049.jpg,glass,train
glass/glass_3050.jpg,glass,train
glass/glass_3053.jpg,glass,train
glass/glass_3055.jpg,glass,train
glass/glass_3059.jpg,glass,train
glass/glass_3062.jpg,glass,train
glass/glass_3063.jpg,glass,train
glass/glass_3064.jpg,glass,train
glass/glass_3065.jpg,glass,train
glass/glass_3066.jpg,glass,train
glass/glass_3067.jpg,glass,train
glass/glass_3068.jpg,glass,train
glass/glass_3070.jpg,glass,train
glass/glass_3074.jpg,glass,train
glass/glass_3077.jpg,glass,train
glass/glass_3079.jpg,glass,train
glass/glass_3082.jpg,glass,train
glass/glass_3084.jpg,glass,train
glass/glass_3085.jpg,glass,train
glass/glass_3087.jpg,glass,train
glass/glass_3088.jpg,glass,train
glass/glass_3089.jpg,glass,train
glass/glass_3091.jpg,glass,train
glass/glass_3092.jpg,glass,train
glass/glass_3094.jpg,glass,train
glass/glass_3095.jpg,glass,train
glass/glass_3096.jpg,glass,train
glass/glass_3101.jpg,glass,train
glass/glass_3102.jpg,glass,train
glass/glass_3103.jpg,glass,train
glass/glass_3106.jpg,glass,train
glass/glass_3107.jpg,glass,train
glass/glass_3110.jpg,glass,train
glass/glass_3111.jpg,glass,train
glass/glass_3112.jpg,glass,train
glass/glass_3115.jpg,glass,train
glass/glass_3116.jpg,glass,train
glass/glass_3118.jpg,glass,train
glass/glass_3119.jpg,glass,train
glass/glass_3120.jpg,glass,train
glass/glass_3122.jpg,glass,train
glass/glass_3123.jpg,glass,train
glass/glass_3124.jpg,glass,train
glass/glass_3126.jpg,glass,train
glass/glass_3129.jpg,glass,train
glass/glass_3131.jpg,glass,train
glass/glass_3133.jpg,glass,train
glass/glass_3134.jpg,glass,train
glass/glass_3137.jpg,glass,train
glass/glass_3140.jpg,glass,train
glass/glass_3142.jpg,glass,train
glass/glass_3144.jpg,glass,train
glass/glass_3147.jpg,glass,train
glass/glass_3149.jpg,glass,train
glass/glass_3150.jpg,glass,train
glass/glass_3151.jpg,glass,train
glass/glass_3152.jpg,glass,train
glass/glass_3153.jpg,glass,train
glass/glass_3155.jpg,glass,train
glass/glass_3156.jpg,glass,train
glass/glass_3157.jpg,glass,train
glass/glass_3158.jpg,glass,train
glass/glass_3159.jpg,glass,train
glass/glass_3162.jpg,glass,train
glass/glass_3167.jpg,glass,train
glass/glass_3170.jpg,glass,train
glass/glass_3172.jpg,glass,train
glass/glass_3173.jpg,glass,train
glass/glass_3174.jpg,glass,train
glass/glass_3176.jpg,glass,train
glass/glass_3182.jpg,glass,train
glass/glass_3183.jpg,glass,train
glass/glass_3186.jpg,glass,train
glass/glass_3187.jpg,glass,train
glass/glass_3189.jpg,glass,train
glass/glass_3190.jpg,glass,train
glass/glass_3193.jpg,glass,train
glass/glass_3194.jpg,glass,train
glass/glass_3197.jpg,glass,train
glass/glass_3199.jpg,glass,train
glass/glass_3200.jpg,glass,train
glass/glass_3203.jpg,glass,train
glass/glass_3206.jpg,glass,train
glass/glass_3209.jpg,glass,train
glass/glass_3210.jpg,glass,train
glass/glass_3211.jpg,glass,train
glass/glass_3212.jpg,glass,train
glass/glass_3213.jpg,glass,train
glass/glass_3214.jpg,glass,train
glass/glass_3216.jpg,glass,train
glass/glass_3218.jpg,glass,train
glass/glass_3219.jpg,glass,train
glass/glass_3220.jpg,glass,train
glass/glass_3221.jpg,glass,train
glass/glass_3224.jpg,glass,train
glass/glass_3226.jpg,glass,train
glass/glass_3227.jpg,glass,train
glass/glass_3228.jpg,glass,train
glass/glass_3230.jpg,glass,train
glass/glass_3231.jpg,glass,train
glass/glass_3234.jpg,glass,train
glass/glass_3237.jpg,glass,train
glass/glass_3238.jpg,glass,train
glass/glass_3240.jpg,glass,train
glass/glass_3242.jpg,glass,train
glass/glass_3245.jpg,glass,train
glass/glass_3248.jpg,glass,train
glass/glass_3249.jpg,glass,train
glass/glass_3254.jpg,glass,train
glass/glass_3255.jpg,glass,train
glass/glass_3256.jpg,glass,train
glass/glass_3259.jpg,glass,train
glass/glass_3261.jpg,glass,train
glass/glass_3267.jpg,glass,train
glass/glass_3269.jpg,glass,train
glass/glass_3270.jpg,glass,train
glass/glass_3271.jpg,glass,train
glass/glass_3272.jpg,glass,train
glass/glass_3274.jpg,glass,train
glass/glass_3277.jpg,glass,train
glass/glass_3282.jpg,glass,train
glass/glass_3285.jpg,glass,train
glass/glass_3286.jpg,glass,train
glass/glass_3288.jpg,glass,train
glass/glass_3291.jpg,glass,train
glass/glass_3295.jpg,glass,train
glass/glass_3296.jpg,glass,train
glass/glass_3297.jpg,glass,train
glass/glass_3298.jpg,glass,train
glass/glass_3300.jpg,glass,train
glass/glass_3303.jpg,glass,train
glass/glass_3304.jpg,glass,train
glass/glass_3307.jpg,glass,train
glass/glass_3310.jpg,glass,train
glass/glass_3313.jpg,glass,train
glass/glass_3314.jpg,glass,train
glass/glass_3316.jpg,glass,train
glass/glass_3317.jpg,glass,train
glass/glass_3318.jpg,glass,train
glass/glass_3320.jpg,glass,train
glass/glass_3321.jpg,glass,train
glass/glass_3323.jpg,glass,train
glass/glass_3324.jpg,glass,train
glass/glass_3325.jpg,glass,train
glass/glass_3326.jpg,glass,train
glass/glass_3327.jpg,glass,train
glass/glass_3328.jpg,glass,train
glass/glass_3330.jpg,glass,train
glass/glass_3332.jpg,glass,train
glass/glass_3334.jpg,glass,train
glass/glass_3335.jpg,glass,train
glass/glass_3336.jpg,glass,train
glass/glass_3338.jpg,glass,train
glass/glass_3339.jpg,glass,train
glass/glass_3340.jpg,glass,train
glass/glass_3343.jpg,glass,train
glass/glass_3344.jpg,glass,train
glass/glass_3346.jpg,glass,train
glass/glass_3347.jpg,glass,train
glass/glass_3348.jpg,glass,train
glass/glass_3353.jpg,glass,train
glass/glass_3356.jpg,glass,train
glass/glass_3357.jpg,glass,train
glass/glass_3358.jpg,glass,train
glass/glass_3359.jpg,glass,train
glass/glass_3361.jpg,glass,train
glass/glass_3362.jpg,glass,train
glass/glass_3364.jpg,glass,train
glass/glass_3367.jpg,glass,train
glass/glass_3373.jpg,glass,train
glass/glass_3375.jpg,glass,train
glass/glass_3376.jpg,glass,train
glass/glass_3379.jpg,glass,train
glass/glass_3383.jpg,glass,train
glass/glass_3384.jpg,glass,train
glass/glass_3386.jpg,glass,train
glass/glass_3387.jpg,glass,train
glass/glass_3388.jpg,glass,train
glass/glass_3390.jpg,glass,train
glass/glass_3391.jpg,glass,train
glass/glass_3392.jpg,glass,train
glass/glass_3401.jpg,glass,train
glass/glass_3403.jpg,glass,train
glass/glass_3405.jpg,glass,train
glass/glass_3406.jpg,glass,train
glass/glass_3407.jpg,glass,train
glass/glass_3408.jpg,glass,train
glass/glass_3414.jpg,glass,train
glass/glass_3417.jpg,glass,train
glass/glass_3423.jpg,glass,train
glass/glass_3425.jpg,glass,train
glass/glass_3428.jpg,glass,train
glass/glass_3432.jpg,glass,train
glass/glass_3433.jpg,glass,train
glass/glass_3434.jpg,glass,train
glass/glass_3436.jpg,glass,train
glass/glass_3438.jpg,glass,train
glass/glass_3442.jpg,glass,train
glass/glass_3444.jpg,glass,train
glass/glass_3445.jpg,glass,train
glass/glass_3446.jpg,glass,train
glass/glass_3447.jpg,glass,train
glass/glass_3449.jpg,glass,train
glass/glass_3451.jpg,glass,train
glass/glass_3454.jpg,glass,train
glass/glass_3456.jpg,glass,train
glass/glass_3460.jpg,glass,train
glass/glass_3462.jpg,glass,train
glass/glass_3463.jpg,glass,train
glass/glass_3465.jpg,glass,train
glass/glass_3468.jpg,glass,train
glass/glass_3469.jpg,glass,train
glass/glass_3470.jpg,glass,train
glass/glass_3472.jpg,glass,train
glass/glass_3473.jpg,glass,train
glass/glass_3476.jpg,glass,train
glass/glass_3479.jpg,glass,train
glass/glass_3487.jpg,glass,train
glass/glass_3489.jpg,glass,train
glass/glass_3493.jpg,glass,train
glass/glass_3495.jpg,glass,train
glass/glass_3498.jpg,glass,train
glass/glass_3502.jpg,glass,train
glass/glass_3505.jpg,glass,train
glass/glass_3506.jpg,glass,train
glass/glass_3509.jpg,glass,train
glass/glass_3519.jpg,glass,train
glass/glass_3520.jpg,glass,train
glass/glass_3521.jpg,glass,train
glass/glass_3525.jpg,glass,train
glass/glass_3526.jpg,glass,train
glass/glass_3528.jpg,glass,train
glass/glass_3532.jpg,glass,train
glass/glass_3533.jpg,glass,train
glass/glass_3535.jpg,glass,train
glass/glass_3538.jpg,glass,train
glass/glass_3539.jpg,glass,train
glass/glass_354.jpg,glass,train
glass/glass_3540.jpg,glass,train
glass/glass_3542.jpg,glass,train
glass/glass_3543.jpg,glass,train
glass/glass_3544.jpg,glass,train
glass/glass_3545.jpg,glass,train
glass/glass_3546.jpg,glass,train
glass/glass_3561.jpg,glass,train
glass/glass_3564.jpg,glass,train
glass/glass_3566.jpg,glass,train
glass/glass_3567.jpg,glass,train
glass/glass_3568.jpg,glass,train
glass/glass_3572.jpg,glass,train
glass/glass_3573.jpg,glass,train
glass/glass_3574.jpg,glass,train
glass/glass_3577.jpg,glass,train
glass/glass_3578.jpg,glass,train
glass/glass_3580.jpg,glass,train
glass/glass_3582.jpg,glass,train
glass/glass_3583.jpg,glass,train
glass/glass_3584.jpg,glass,train
glass/glass_3586.jpg,glass,train
glass/glass_3587.jpg,glass,train
glass/glass_3589.jpg,glass,train
glass/glass_3590.jpg,glass,train
glass/glass_3591.jpg,glass,train
glass/glass_3592.jpg,glass,train
glass/glass_3593.jpg,glass,train
glass/glass_3595.jpg,glass,train
glass/glass_3596.jpg,glass,train
glass/glass_3598.jpg,glass,train
glass/glass_3601.jpg,glass,train
glass/glass_3603.jpg,glass,train
glass/glass_3604.jpg,glass,train
glass/glass_3607.jpg,glass,train
glass/glass_3611.jpg,glass,train
glass/glass_3614.jpg,glass,train
glass/glass_3618.jpg,glass,train
glass/glass_3619.jpg,glass,train
glass/glass_3622.jpg,glass,train
glass/glass_3625.jpg,glass,train
glass/glass_3626.jpg,glass,train
glass/glass_3627.jpg,glass,train
glass/glass_3628.jpg,glass,train
glass/glass_3629.jpg,glass,train
glass/glass_3631.jpg,glass,train
glass/glass_3632.jpg,glass,train
glass/glass_3638.jpg,glass,train
glass/glass_3640.jpg,glass,train
glass/glass_3641.jpg,glass,train
glass/glass_3642.jpg,glass,train
glass/glass_3644.jpg,glass,train
glass/glass_3647.jpg,glass,train
glass/glass_3648.jpg,glass,train
glass/glass_3650.jpg,glass,train
glass/glass_3652.jpg,glass,train
glass/glass_3653.jpg,glass,train
glass/glass_3655.jpg,glass,train
glass/glass_3656.jpg,glass,train
glass/glass_3657.jpg,glass,train
glass/glass_3658.jpg,glass,train
glass/glass_3661.jpg,glass,train
glass/glass_3664.jpg,glass,train
glass/glass_3666.jpg,glass,train
glass/glass_3667.jpg,glass,train
glass/glass_3675.jpg,glass,train
glass/glass_3678.jpg,glass,train
glass/glass_3679.jpg,glass,train
glass/glass_3683.jpg,glass,train
glass/glass_3684.jpg,glass,train
glass/glass_3685.jpg,glass,train
glass/glass_3688.jpg,glass,train
glass/glass_3690.jpg,glass,train
glass/glass_3692.jpg,glass,train
glass/glass_3693.jpg,glass,train
glass/glass_3694.jpg,glass,train
glass/glass_3695.jpg,glass,train
glass/glass_3701.jpg,glass,train
glass/glass_3702.jpg,glass,train
glass/glass_3706.jpg,glass,train
glass/glass_3707.jpg,glass,train
glass/glass_3708.jpg,glass,train
glass/glass_3712.jpg,glass,train
glass/glass_3714.jpg,glass,train
glass/glass_3715.jpg,glass,train
glass/glass_3716.jpg,glass,train
glass/glass_3717.jpg,glass,train
glass/glass_3720.jpg,glass,train
glass/glass_3723.jpg,glass,train
glass/glass_3725.jpg,glass,train
glass/glass_3726.jpg,glass,train
glass/glass_3728.jpg,glass,train
glass/glass_3729.jpg,glass,train
glass/glass_3731.jpg,glass,train
glass/glass_3737.jpg,glass,train
glass/glass_3738.jpg,glass,train
glass/glass_374.jpg,glass,train
glass/glass_3741.jpg,glass,train
glass/glass_3742.jpg,glass,train
glass/glass_3743.jpg,glass,train
glass/glass_3744.jpg,glass,train
glass/glass_3745.jpg,glass,train
glass/glass_3746.jpg,glass,train
glass/glass_3748.jpg,glass,train
glass/glass_3750.jpg,glass,train
glass/glass_3752.jpg,glass,train
glass/glass_3753.jpg,glass,train
glass/glass_3754.jpg,glass,train
glass/glass_3755.jpg,glass,train
glass/glass_3756.jpg,glass,train
glass/glass_3757.jpg,glass,train
glass/glass_3758.jpg,glass,train
glass/glass_3761.jpg,glass,train
glass/glass_3762.jpg,glass,train
glass/glass_3765.jpg,glass,train
glass/glass_3769.jpg,glass,train
glass/glass_3770.jpg,glass,train
glass/glass_3772.jpg,glass,train
glass/glass_3773.jpg,glass,train
glass/glass_3778.jpg,glass,train
glass/glass_3780.jpg,glass,train
glass/glass_3781.jpg,glass,train
glass/glass_3784.jpg,glass,train
glass/glass_3786.jpg,glass,train
glass/glass_3787.jpg,glass,train
glass/glass_3790.jpg,glass,train
glass/glass_3791.jpg,glass,train
glass/glass_3792.jpg,glass,train
glass/glass_3795.jpg,glass,train
glass/glass_3797.jpg,glass,train
glass/glass_3799.jpg,glass,train
glass/glass_3801.jpg,glass,train
glass/glass_3805.jpg,glass,train
glass/glass_3806.jpg,glass,train
glass/glass_3807.jpg,glass,train
glass/glass_3808.jpg,glass,train
glass/glass_3809.jpg,glass,train
glass/glass_3810.jpg,glass,train
glass/glass_3811.jpg,glass,train
glass/glass_3812.jpg,glass,train
glass/glass_3814.jpg,glass,train
glass/glass_3815.jpg,glass,train
glass/glass_3817.jpg,glass,train
glass/glass_3818.jpg,glass,train
glass/glass_3819.jpg,glass,train
glass/glass_3820.jpg,glass,train
glass/glass_3823.jpg,glass,train
glass/glass_3825.jpg,glass,train
glass/glass_3827.jpg,glass,train
glass/glass_3828.jpg,glass,train
glass/glass_3829.jpg,glass,train
glass/glass_3830.jpg,glass,train
glass/glass_3832.jpg,glass,train
glass/glass_3833.jpg,glass,train
glass/glass_3837.jpg,glass,train
glass/glass_3839.jpg,glass,train
glass/glass_3840.jpg,glass,train
glass/glass_3842.jpg,glass,train
glass/glass_3843.jpg,glass,train
glass/glass_3846.jpg,glass,train
glass/glass_3847.jpg,glass,train
glass/glass_3848.jpg,glass,train
glass/glass_3849.jpg,glass,train
glass/glass_3851.jpg,glass,train
glass/glass_3852.jpg,glass,train
glass/glass_3853.jpg,glass,train
glass/glass_3854.jpg,glass,train
glass/glass_3857.jpg,glass,train
glass/glass_3858.jpg,glass,train
glass/glass_3859.jpg,glass,train
glass/glass_3861.jpg,glass,train
glass/glass_3863.jpg,glass,train
glass/glass_3865.jpg,glass,train
glass/glass_3866.jpg,glass,train
glass/glass_3867.jpg,glass,train
glass/glass_3868.jpg,glass,train
glass/glass_3869.jpg,glass,train
glass/glass_3870.jpg,glass,train
glass/glass_3871.jpg,glass,train
glass/glass_3873.jpg,glass,train
glass/glass_3874.jpg,glass,train
glass/glass_3877.jpg,glass,train
glass/glass_3878.jpg,glass,train
glass/glass_3879.jpg,glass,train
glass/glass_3882.jpg,glass,train
glass/glass_3885.jpg,glass,train
glass/glass_3887.jpg,glass,train
glass/glass_3888.jpg,glass,train
glass/glass_3889.jpg,glass,train
glass/glass_3894.jpg,glass,train
glass/glass_3895.jpg,glass,train
glass/glass_3896.jpg,glass,train
glass/glass_3898.jpg,glass,train
glass/glass_3900.jpg,glass,train
glass/glass_3902.jpg,glass,train
glass/glass_3904.jpg,glass,train
glass/glass_3905.jpg,glass,train
glass/glass_3906.jpg,glass,train
glass/glass_3907.jpg,glass,train
glass/glass_3909.jpg,glass,train
glass/glass_3915.jpg,glass,train
glass/glass_3917.jpg,glass,train
glass/glass_3918.jpg,glass,train
glass/glass_3919.jpg,glass,train
glass/glass_3921.jpg,glass,train
glass/glass_3923.jpg,glass,train
glass/glass_3925.jpg,glass,train
glass/glass_3926.jpg,glass,train
glass/glass_3928.jpg,glass,train
glass/glass_3929.jpg,glass,train
glass/glass_3930.jpg,glass,train
glass/glass_3931.jpg,glass,train
glass/glass_3933.jpg,glass,train
glass/glass_3934.jpg,glass,train
glass/glass_3936.jpg,glass,train
glass/glass_3938.jpg,glass,train
glass/glass_3939.jpg,glass,train
glass/glass_3941.jpg,glass,train
glass/glass_3944.jpg,glass,train
glass/glass_3945.jpg,glass,train
glass/glass_3946.jpg,glass,train
glass/glass_3947.jpg,glass,train
glass/glass_3948.jpg,glass,train
glass/glass_3949.jpg,glass,train
glass/glass_3952.jpg,glass,train
glass/glass_3955.jpg,glass,train
glass/glass_3956.jpg,glass,train
glass/glass_3958.jpg,glass,train
glass/glass_3959.jpg,glass,train
glass/glass_3961.jpg,glass,train
glass/glass_3962.jpg,glass,train
glass/glass_3963.jpg,glass,train
glass/glass_3964.jpg,glass,train
glass/glass_3968.jpg,glass,train
glass/glass_3969.jpg,glass,train
glass/glass_3970.jpg,glass,train
glass/glass_3971.jpg,glass,train
glass/glass_3972.jpg,glass,train
glass/glass_3973.jpg,glass,train
glass/glass_3974.jpg,glass,train
glass/glass_3975.jpg,glass,train
glass/glass_3981.jpg,glass,train
glass/glass_3983.jpg,glass,train
glass/glass_3985.jpg,glass,train
glass/glass_3987.jpg,glass,train
glass/glass_3989.jpg,glass,train
glass/glass_3990.jpg,glass,train
glass/glass_3992.jpg,glass,train
glass/glass_3993.jpg,glass,train
glass/glass_3997.jpg,glass,train
glass/glass_3998.jpg,glass,train
glass/glass_3999.jpg,glass,train
glass/glass_4000.jpg,glass,train
glass/glass_4001.jpg,glass,train
glass/glass_4003.jpg,glass,train
glass/glass_4005.jpg,glass,train
glass/glass_4008.jpg,glass,train
glass/glass_4009.jpg,glass,train
glass/glass_4010.jpg,glass,train
glass/glass_4011.jpg,glass,train
glass/glass_4012.jpg,glass,train
glass/glass_4014.jpg,glass,train
glass/glass_4015.jpg,glass,train
glass/glass_4016.jpg,glass,train
glass/glass_4023.jpg,glass,train
glass/glass_4028.jpg,glass,train
glass/glass_4030.jpg,glass,train
glass/glass_4032.jpg,glass,train
glass/glass_4034.jpg,glass,train
glass/glass_4036.jpg,glass,train
glass/glass_4040.jpg,glass,train
glass/glass_4041.jpg,glass,train
glass/glass_4042.jpg,glass,train
glass/glass_4044.jpg,glass,train
glass/glass_4045.jpg,glass,train
glass/glass_4046.jpg,glass,train
glass/glass_4050.jpg,glass,train
glass/glass_4053.jpg,glass,train
glass/glass_4054.jpg,glass,train
glass/glass_4055.jpg,glass,train
glass/glass_4056.jpg,glass,train
glass/glass_4057.jpg,glass,train
glass/glass_4059.jpg,glass,train
glass/glass_4061.jpg,glass,train
glass/glass_4062.jpg,glass,train
glass/glass_4063.jpg,glass,train
glass/glass_4064.jpg,glass,train
glass/glass_4065.jpg,glass,train
glass/glass_4066.jpg,glass,train
glass/glass_4067.jpg,glass,train
glass/glass_4068.jpg,glass,train
glass/glass_4071.jpg,glass,train
glass/glass_4072.jpg,glass,train
glass/glass_4073.jpg,glass,train
glass/glass_4074.jpg,glass,train
glass/glass_4077.jpg,glass,train
glass/glass_4079.jpg,glass,train
glass/glass_4082.jpg,glass,train
glass/glass_4084.jpg,glass,train
glass/glass_4085.jpg,glass,train
glass/glass_4087.jpg,glass,train
glass/glass_4088.jpg,glass,train
glass/glass_4090.jpg,glass,train
glass/glass_4091.jpg,glass,train
glass/glass_4095.jpg,glass,train
glass/glass_4097.jpg,glass,train
glass/glass_4099.jpg,glass,train
glass/glass_4100.jpg,glass,train
glass/glass_4102.jpg,glass,train
glass/glass_4105.jpg,glass,train
glass/glass_4108.jpg,glass,train
glass/glass_4109.jpg,glass,train
glass/glass_4111.jpg,glass,train
glass/glass_4115.jpg,glass,train
glass/glass_4117.jpg,glass,train
glass/glass_4118.jpg,glass,train
glass/glass_4122.jpg,glass,train
glass/glass_4123.jpg,glass,train
glass/glass_4124.jpg,glass,train
glass/glass_4125.jpg,glass,train
glass/glass_4126.jpg,glass,train
glass/glass_4128.jpg,glass,train
glass/glass_4130.jpg,glass,train
glass/glass_4131.jpg,glass,train
glass/glass_4132.jpg,glass,train
glass/glass_4133.jpg,glass,train
glass/glass_4138.jpg,glass,train
glass/glass_4139.jpg,glass,train
glass/glass_4140.jpg,glass,train
glass/glass_4141.jpg,glass,train
glass/glass_4142.jpg,glass,train
glass/glass_4143.jpg,glass,train
glass/glass_4144.jpg,glass,train
glass/glass_4145.jpg,glass,train
glass/glass_4148.jpg,glass,train
glass/glass_4149.jpg,glass,train
glass/glass_415.jpg,glass,train
glass/glass_4150.jpg,glass,train
glass/glass_4151.jpg,glass,train
glass/glass_4152.jpg,glass,train
glass/glass_4154.jpg,glass,train
glass/glass_4156.jpg,glass,train
glass/glass_4158.jpg,glass,train
glass/glass_4159.jpg,glass,train
glass/glass_416.jpg,glass,train
glass/glass_4160.jpg,glass,train
glass/glass_4162.jpg,glass,train
glass/glass_4163.jpg,glass,train
glass/glass_4164.jpg,glass,train
glass/glass_4165.jpg,glass,train
glass/glass_4167.jpg,glass,train
glass/glass_4168.jpg,glass,train
glass/glass_4169.jpg,glass,train
glass/glass_4170.jpg,glass,train
glass/glass_4172.jpg,glass,train
glass/glass_4175.jpg,glass,train
glass/glass_4177.jpg,glass,train
glass/glass_4180.jpg,glass,train
glass/glass_4181.jpg,glass,train
glass/glass_4182.jpg,glass,train
glass/glass_4184.jpg,glass,train
glass/glass_4185.jpg,glass,train
glass/glass_4186.jpg,glass,train
glass/glass_4187.jpg,glass,train
glass/glass_4188.jpg,glass,train
glass/glass_4189.jpg,glass,train
glass/glass_4190.jpg,glass,train
glass/glass_4191.jpg,glass,train
glass/glass_4192.jpg,glass,train
glass/glass_4193.jpg,glass,train
glass/glass_4195.jpg,glass,train
glass/glass_4196.jpg,glass,train
glass/glass_4198.jpg,glass,train
glass/glass_4199.jpg,glass,train
glass/glass_4201.jpg,glass,train
glass/glass_4202.jpg,glass,train
glass/glass_4203.jpg,glass,train
glass/glass_4208.jpg,glass,train
glass/glass_4211.jpg,glass,train
glass/glass_4212.jpg,glass,train
glass/glass_4213.jpg,glass,train
glass/glass_4214.jpg,glass,train
glass/glass_4215.jpg,glass,train
glass/glass_4217.jpg,glass,train
glass/glass_4218.jpg,glass,train
glass/glass_4220.jpg,glass,train
glass/glass_4221.jpg,glass,train
glass/glass_4223.jpg,glass,train
glass/glass_4224.jpg,glass,train
glass/glass_4225.jpg,glass,train
glass/glass_4226.jpg,glass,train
glass/glass_4227.jpg,glass,train
glass/glass_4228.jpg,glass,train
glass/glass_4229.jpg,glass,train
glass/glass_4230.jpg,glass,train
glass/glass_4231.jpg,glass,train
glass/glass_4232.jpg,glass,train
glass/glass_4234.jpg,glass,train
glass/glass_4238.jpg,glass,train
glass/glass_4239.jpg,glass,train
glass/glass_4241.jpg,glass,train
glass/glass_4243.jpg,glass,train
glass/glass_4245.jpg,glass,train
glass/glass_4246.jpg,glass,train
glass/glass_4247.jpg,glass,train
glass/glass_4249.jpg,glass,train
glass/glass_4251.jpg,glass,train
glass/glass_4256.jpg,glass,train
glass/glass_4257.jpg,glass,train
glass/glass_4259.jpg,glass,train
glass/glass_4262.jpg,glass,train
glass/glass_4264.jpg,glass,train
glass/glass_4266.jpg,glass,train
glass/glass_4267.jpg,glass,train
glass/glass_4268.jpg,glass,train
glass/glass_4270.jpg,glass,train
glass/glass_4273.jpg,glass,train
glass/glass_4275.jpg,glass,train
glass/glass_4276.jpg,glass,train
glass/glass_4277.jpg,glass,train
glass/glass_4278.jpg,glass,train
glass/glass_4279.jpg,glass,train
glass/glass_4281.jpg,glass,train
glass/glass_4282.jpg,glass,train
glass/glass_4283.jpg,glass,train
glass/glass_4284.jpg,glass,train
glass/glass_4285.jpg,glass,train
glass/glass_4287.jpg,glass,train
glass/glass_4288.jpg,glass,train
glass/glass_4290.jpg,glass,train
glass/glass_4292.jpg,glass,train
glass/glass_4294.jpg,glass,train
glass/glass_4295.jpg,glass,train
glass/glass_4296.jpg,glass,train
glass/glass_4297.jpg,glass,train
glass/glass_4298.jpg,glass,train
glass/glass_4300.jpg,glass,train
glass/glass_4301.jpg,glass,train
glass/glass_4303.jpg,glass,train
glass/glass_4306.jpg,glass,train
glass/glass_4312.jpg,glass,train
glass/glass_4313.jpg,glass,train
glass/glass_4314.jpg,glass,train
glass/glass_4315.jpg,glass,train
glass/glass_4317.jpg,glass,train
glass/glass_4318.jpg,glass,train
glass/glass_4319.jpg,glass,train
glass/glass_4321.jpg,glass,train
glass/glass_4323.jpg,glass,train
glass/glass_4324.jpg,glass,train
glass/glass_4327.jpg,glass,train
glass/glass_4329.jpg,glass,train
glass/glass_4330.jpg,glass,train
glass/glass_4331.jpg,glass,train
glass/glass_4332.jpg,glass,train
glass/glass_4333.jpg,glass,train
glass/glass_4334.jpg,glass,train
glass/glass_4336.jpg,glass,train
glass/glass_4339.jpg,glass,train
glass/glass_4340.jpg,glass,train
glass/glass_4341.jpg,glass,train
glass/glass_4342.jpg,glass,train
glass/glass_4343.jpg,glass,train
glass/glass_4344.jpg,glass,train
glass/glass_4345.jpg,glass,train
glass/glass_4346.jpg,glass,train
glass/glass_4349.jpg,glass,train
glass/glass_4350.jpg,glass,train
glass/glass_4355.jpg,glass,train
glass/glass_4360.jpg,glass,train
glass/glass_4361.jpg,glass,train
glass/glass_4362.jpg,glass,train
glass/glass_4363.jpg,glass,train
glass/glass_4364.jpg,glass,train
glass/glass_4369.jpg,glass,train
glass/glass_4370.jpg,glass,train
glass/glass_4373.jpg,glass,train
glass/glass_4374.jpg,glass,train
glass/glass_4375.jpg,glass,train
glass/glass_4376.jpg,glass,train
glass/glass_4377.jpg,glass,train
glass/glass_4378.jpg,glass,train
glass/glass_4379.jpg,glass,train
glass/glass_4380.jpg,glass,train
glass/glass_4382.jpg,glass,train
glass/glass_4385.jpg,glass,train
glass/glass_4391.jpg,glass,train
glass/glass_4393.jpg,glass,train
glass/glass_4394.jpg,glass,train
glass/glass_4397.jpg,glass,train
glass/glass_4401.jpg,glass,train
glass/glass_4402.jpg,glass,train
glass/glass_4404.jpg,glass,train
glass/glass_4406.jpg,glass,train
glass/glass_4410.jpg,glass,train
glass/glass_4413.jpg,glass,train
glass/glass_4414.jpg,glass,train
glass/glass_4415.jpg,glass,train
glass/glass_4416.jpg,glass,train
glass/glass_4418.jpg,glass,train
glass/glass_4420.jpg,glass,train
glass/glass_4421.jpg,glass,train
glass/glass_4422.jpg,glass,train
glass/glass_4424.jpg,glass,train
glass/glass_4425.jpg,glass,train
glass/glass_4426.jpg,glass,train
glass/glass_4428.jpg,glass,train
glass/glass_4433.jpg,glass,train
glass/glass_4435.jpg,glass,train
glass/glass_4438.jpg,glass,train
glass/glass_4440.jpg,glass,train
glass/glass_4441.jpg,glass,train
glass/glass_4445.jpg,glass,train
glass/glass_4447.jpg,glass,train
glass/glass_4448.jpg,glass,train
glass/glass_4452.jpg,glass,train
glass/glass_4454.jpg,glass,train
glass/glass_4455.jpg,glass,train
glass/glass_4456.jpg,glass,train
glass/glass_4457.jpg,glass,train
glass/glass_4463.jpg,glass,train
glass/glass_4466.jpg,glass,train
glass/glass_4467.jpg,glass,train
glass/glass_4468.jpg,glass,train
glass/glass_4472.jpg,glass,train
glass/glass_4473.jpg,glass,train
glass/glass_4474.jpg,glass,train
glass/glass_4475.jpg,glass,train
glass/glass_4482.jpg,glass,train
glass/glass_4483.jpg,glass,train
glass/glass_4485.jpg,glass,train
glass/glass_4488.jpg,glass,train
glass/glass_4492.jpg,glass,train
glass/glass_4495.jpg,glass,train
glass/glass_4498.jpg,glass,train
glass/glass_4504.jpg,glass,train
glass/glass_4506.jpg,glass,train
glass/glass_4509.jpg,glass,train
glass/glass_4510.jpg,glass,train
glass/glass_4516.jpg,glass,train
glass/glass_4518.jpg,glass,train
glass/glass_4519.jpg,glass,train
glass/glass_4521.jpg,glass,train
glass/glass_4524.jpg,glass,train
glass/glass_4525.jpg,glass,train
glass/glass_4526.jpg,glass,train
glass/glass_4528.jpg,glass,train
glass/glass_4529.jpg,glass,train
glass/glass_4530.jpg,glass,train
glass/glass_4531.jpg,glass,train
glass/glass_4535.jpg,glass,train
glass/glass_4538.jpg,glass,train
glass/glass_454.jpg,glass,train
glass/glass_4541.jpg,glass,train
glass/glass_4543.jpg,glass,train
glass/glass_4546.jpg,glass,train
glass/glass_4547.jpg,glass,train
glass/glass_4548.jpg,glass,train
glass/glass_4549.jpg,glass,train
glass/glass_4550.jpg,glass,train
glass/glass_4552.jpg,glass,train
glass/glass_4554.jpg,glass,train
glass/glass_4555.jpg,glass,train
glass/glass_4558.jpg,glass,train
glass/glass_4559.jpg,glass,train
glass/glass_4560.jpg,glass,train
glass/glass_4561.jpg,glass,train
glass/glass_4562.jpg,glass,train
glass/glass_4563.jpg,glass,train
glass/glass_4564.jpg,glass,train
glass/glass_4568.jpg,glass,train
glass/glass_4570.jpg,glass,train
glass/glass_4571.jpg,glass,train
glass/glass_4572.jpg,glass,train
glass/glass_4575.jpg,glass,train
glass/glass_4576.jpg,glass,train
glass/glass_4577.jpg,glass,train
glass/glass_4579.jpg,glass,train
glass/glass_4583.jpg,glass,train
glass/glass_4585.jpg,glass,train
glass/glass_4586.jpg,glass,train
glass/glass_4589.jpg,glass,train
glass/glass_4590.jpg,glass,train
glass/glass_4592.jpg,glass,train
glass/glass_4595.jpg,glass,train
glass/glass_4596.jpg,glass,train
glass/glass_4598.jpg,glass,train
glass/glass_4601.jpg,glass,train
glass/glass_4603.jpg,glass,train
glass/glass_4605.jpg,glass,train
glass/glass_4606.jpg,glass,train
glass/glass_4608.jpg,glass,train
glass/glass_4611.jpg,glass,train
glass/glass_4612.jpg,glass,train
glass/glass_4613.jpg,glass,train
glass/glass_4615.jpg,glass,train
glass/glass_4617.jpg,glass,train
glass/glass_4619.jpg,glass,train
glass/glass_4622.jpg,glass,train
glass/glass_4624.jpg,glass,train
glass/glass_4625.jpg,glass,train
glass/glass_4630.jpg,glass,train
glass/glass_4631.jpg,glass,train
glass/glass_4633.jpg,glass,train
glass/glass_4634.jpg,glass,train
glass/glass_4635.jpg,glass,train
glass/glass_4636.jpg,glass,train
glass/glass_4637.jpg,glass,train
glass/glass_4638.jpg,glass,train
glass/glass_4639.jpg,glass,train
glass/glass_4640.jpg,glass,train
glass/glass_4642.jpg,glass,train
glass/glass_4643.jpg,glass,train
glass/glass_4644.jpg,glass,train
glass/glass_4645.jpg,glass,train
glass/glass_4646.jpg,glass,train
glass/glass_4647.jpg,glass,train
glass/glass_4649.jpg,glass,train
glass/glass_4650.jpg,glass,train
glass/glass_4651.jpg,glass,train
glass/glass_4654.jpg,glass,train
glass/glass_4657.jpg,glass,train
glass/glass_4658.jpg,glass,train
glass/glass_4659.jpg,glass,train
glass/glass_4660.jpg,glass,train
glass/glass_4661.jpg,glass,train
glass/glass_4662.jpg,glass,train
glass/glass_4664.jpg,glass,train
glass/glass_4668.jpg,glass,train
glass/glass_4670.jpg,glass,train
glass/glass_4674.jpg,glass,train
glass/glass_4682.jpg,glass,train
glass/glass_4683.jpg,glass,train
glass/glass_4692.jpg,glass,train
glass/glass_4693.jpg,glass,train
glass/glass_4696.jpg,glass,train
glass/glass_4697.jpg,glass,train
glass/glass_4698.jpg,glass,train
glass/glass_4699.jpg,glass,train
glass/glass_4700.jpg,glass,train
glass/glass_4702.jpg,glass,train
glass/glass_4703.jpg,glass,train
glass/glass_4704.jpg,glass,train
glass/glass_4705.jpg,glass,train
glass/glass_4708.jpg,glass,train
glass/glass_4709.jpg,glass,train
glass/glass_4710.jpg,glass,train
glass/glass_4711.jpg,glass,train
glass/glass_4712.jpg,glass,train
glass/glass_4716.jpg,glass,train
glass/glass_4718.jpg,glass,train
glass/glass_4722.jpg,glass,train
glass/glass_4725.jpg,glass,train
glass/glass_4726.jpg,glass,train
glass/glass_4727.jpg,glass,train
glass/glass_500.jpg,glass,train
glass/glass_504.jpg,glass,train
glass/glass_505.jpg,glass,train
glass/glass_507.jpg,glass,train
glass/glass_509.jpg,glass,train
glass/glass_510.jpg,glass,train
glass/glass_511.jpg,glass,train
glass/glass_513.jpg,glass,train
glass/glass_514.jpg,glass,train
glass/glass_517.jpg,glass,train
glass/glass_519.jpg,glass,train
glass/glass_521.jpg,glass,train
glass/glass_524.jpg,glass,train
glass/glass_525.jpg,glass,train
glass/glass_527.jpg,glass,train
glass/glass_528.jpg,glass,train
glass/glass_529.jpg,glass,train
glass/glass_532.jpg,glass,train
glass/glass_536.jpg,glass,train
glass/glass_542.jpg,glass,train
glass/glass_543.jpg,glass,train
glass/glass_544.jpg,glass,train
glass/glass_545.jpg,glass,train
glass/glass_546.jpg,glass,train
glass/glass_548.jpg,glass,train
glass/glass_550.jpg,glass,train
glass/glass_552.jpg,glass,train
glass/glass_553.jpg,glass,train
glass/glass_554.jpg,glass,train
glass/glass_555.jpg,glass,train
glass/glass_556.jpg,glass,train
glass/glass_557.jpg,glass,train
glass/glass_559.jpg,glass,train
glass/glass_561.jpg,glass,train
glass/glass_562.jpg,glass,train
glass/glass_564.jpg,glass,train
glass/glass_565.jpg,glass,train
glass/glass_573.jpg,glass,train
glass/glass_574.jpg,glass,train
glass/glass_575.jpg,glass,train
glass/glass_578.jpg,glass,train
glass/glass_582.jpg,glass,train
glass/glass_583.jpg,glass,train
glass/glass_584.jpg,glass,train
glass/glass_586.jpg,glass,train
glass/glass_588.jpg,glass,train
glass/glass_590.jpg,glass,train
glass/glass_593.jpg,glass,train
glass/glass_594.jpg,glass,train
glass/glass_596.jpg,glass,train
glass/glass_597.jpg,glass,train
glass/glass_598.jpg,glass,train
glass/glass_601.jpg,glass,train
glass/glass_603.jpg,glass,train
glass/glass_605.jpg,glass,train
glass/glass_607.jpg,glass,train
glass/glass_608.jpg,glass,train
glass/glass_612.jpg,glass,train
glass/glass_618.jpg,glass,train
glass/glass_620.jpg,glass,train
glass/glass_623.jpg,glass,train
glass/glass_624.jpg,glass,train
glass/glass_627.jpg,glass,train
glass/glass_628.jpg,glass,train
glass/glass_629.jpg,glass,train
glass/glass_631.jpg,glass,train
glass/glass_634.jpg,glass,train
glass/glass_635.jpg,glass,train
glass/glass_636.jpg,glass,train
glass/glass_638.jpg,glass,train
glass/glass_639.jpg,glass,train
glass/glass_640.jpg,glass,train
glass/glass_643.jpg,glass,train
glass/glass_644.jpg,glass,train
glass/glass_645.jpg,glass,train
glass/glass_646.jpg,glass,train
glass/glass_650.jpg,glass,train
glass/glass_651.jpg,glass,train
glass/glass_652.jpg,glass,train
glass/glass_653.jpg,glass,train
glass/glass_654.jpg,glass,train
glass/glass_657.jpg,glass,train
glass/glass_658.jpg,glass,train
glass/glass_661.jpg,glass,train
glass/glass_663.jpg,glass,train
glass/glass_665.jpg,glass,train
glass/glass_667.jpg,glass,train
glass/glass_668.jpg,glass,train
glass/glass_669.jpg,glass,train
glass/glass_672.jpg,glass,train
glass/glass_675.jpg,glass,train
glass/glass_676.jpg,glass,train
glass/glass_679.jpg,glass,train
glass/glass_680.jpg,glass,train
glass/glass_684.jpg,glass,train
glass/glass_686.jpg,glass,train
glass/glass_687.jpg,glass,train
glass/glass_688.jpg,glass,train
glass/glass_689.jpg,glass,train
glass/glass_69.jpg,glass,train
glass/glass_690.jpg,glass,train
glass/glass_694.jpg,glass,train
glass/glass_697.jpg,glass,train
glass/glass_702.jpg,glass,train
glass/glass_704.jpg,glass,train
glass/glass_705.jpg,glass,train
glass/glass_706.jpg,glass,train
glass/glass_709.jpg,glass,train
glass/glass_710.jpg,glass,train
glass/glass_712.jpg,glass,train
glass/glass_715.jpg,glass,train
glass/glass_716.jpg,glass,train
glass/glass_717.jpg,glass,train
glass/glass_719.jpg,glass,train
glass/glass_722.jpg,glass,train
glass/glass_723.jpg,glass,train
glass/glass_728.jpg,glass,train
glass/glass_732.jpg,glass,train
glass/glass_734.jpg,glass,train
glass/glass_735.jpg,glass,train
glass/glass_739.jpg,glass,train
glass/glass_743.jpg,glass,train
glass/glass_745.jpg,glass,train
glass/glass_748.jpg,glass,train
glass/glass_749.jpg,glass,train
glass/glass_750.jpg,glass,train
glass/glass_751.jpg,glass,train
glass/glass_752.jpg,glass,train
glass/glass_755.jpg,glass,train
glass/glass_759.jpg,glass,train
glass/glass_760.jpg,glass,train
glass/glass_761.jpg,glass,train
glass/glass_766.jpg,glass,train
glass/glass_767.jpg,glass,train
glass/glass_768.jpg,glass,train
glass/glass_769.jpg,glass,train
glass/glass_771.jpg,glass,train
glass/glass_772.jpg,glass,train
glass/glass_775.jpg,glass,train
glass/glass_776.jpg,glass,train
glass/glass_778.jpg,glass,train
glass/glass_780.jpg,glass,train
glass/glass_781.jpg,glass,train
glass/glass_784.jpg,glass,train
glass/glass_785.jpg,glass,train
glass/glass_786.jpg,glass,train
glass/glass_787.jpg,glass,train
glass/glass_788.jpg,glass,train
glass/glass_790.jpg,glass,train
glass/glass_792.jpg,glass,train
glass/glass_793.jpg,glass,train
glass/glass_797.jpg,glass,train
glass/glass_798.jpg,glass,train
glass/glass_800.jpg,glass,train
glass/glass_802.jpg,glass,train
glass/glass_803.jpg,glass,train
glass/glass_805.jpg,glass,train
glass/glass_806.jpg,glass,train
glass/glass_807.jpg,glass,train
glass/glass_808.jpg,glass,train
glass/glass_809.jpg,glass,train
glass/glass_810.jpg,glass,train
glass/glass_815.jpg,glass,train
glass/glass_816.jpg,glass,train
glass/glass_817.jpg,glass,train
glass/glass_818.jpg,glass,train
glass/glass_821.jpg,glass,train
glass/glass_822.jpg,glass,train
glass/glass_824.jpg,glass,train
glass/glass_825.jpg,glass,train
glass/glass_826.jpg,glass,train
glass/glass_827.jpg,glass,train
glass/glass_828.jpg,glass,train
glass/glass_829.jpg,glass,train
glass/glass_830.jpg,glass,train
glass/glass_833.jpg,glass,train
glass/glass_835.jpg,glass,train
glass/glass_836.jpg,glass,train
glass/glass_837.jpg,glass,train
glass/glass_838.jpg,glass,train
glass/glass_839.jpg,glass,train
glass/glass_840.jpg,glass,train
glass/glass_841.jpg,glass,train
glass/glass_842.jpg,glass,train
glass/glass_847.jpg,glass,train
glass/glass_848.jpg,glass,train
glass/glass_850.jpg,glass,train
glass/glass_851.jpg,glass,train
glass/glass_856.jpg,glass,train
glass/glass_860.jpg,glass,train
glass/glass_861.jpg,glass,train
glass/glass_865.jpg,glass,train
glass/glass_866.jpg,glass,train
glass/glass_870.jpg,glass,train
glass/glass_871.jpg,glass,train
glass/glass_872.jpg,glass,train
glass/glass_874.jpg,glass,train
glass/glass_875.jpg,glass,train
glass/glass_876.jpg,glass,train
glass/glass_877.jpg,glass,train
glass/glass_879.jpg,glass,train
glass/glass_882.jpg,glass,train
glass/glass_885.jpg,glass,train
glass/glass_886.jpg,glass,train
glass/glass_888.jpg,glass,train
glass/glass_890.jpg,glass,train
glass/glass_893.jpg,glass,train
glass/glass_894.jpg,glass,train
glass/glass_895.jpg,glass,train
glass/glass_896.jpg,glass,train
glass/glass_897.jpg,glass,train
glass/glass_899.jpg,glass,train
glass/glass_901.jpg,glass,train
glass/glass_904.jpg,glass,train
glass/glass_906.jpg,glass,train
glass/glass_907.jpg,glass,train
glass/glass_908.jpg,glass,train
glass/glass_909.jpg,glass,train
glass/glass_912.jpg,glass,train
glass/glass_913.jpg,glass,train
glass/glass_914.jpg,glass,train
glass/glass_915.jpg,glass,train
glass/glass_916.jpg,glass,train
glass/glass_917.jpg,glass,train
glass/glass_918.jpg,glass,train
glass/glass_919.jpg,glass,train
glass/glass_920.jpg,glass,train
glass/glass_921.jpg,glass,train
glass/glass_923.jpg,glass,train
glass/glass_924.jpg,glass,train
glass/glass_926.jpg,glass,train
glass/glass_929.jpg,glass,train
glass/glass_931.jpg,glass,train
glass/glass_934.jpg,glass,train
glass/glass_935.jpg,glass,train
glass/glass_936.jpg,glass,train
glass/glass_937.jpg,glass,train
glass/glass_938.jpg,glass,train
glass/glass_939.jpg,glass,train
glass/glass_940.jpg,glass,train
glass/glass_942.jpg,glass,train
glass/glass_943.jpg,glass,train
glass/glass_944.jpg,glass,train
glass/glass_945.jpg,glass,train
glass/glass_946.jpg,glass,train
glass/glass_947.jpg,glass,train
glass/glass_949.jpg,glass,train
glass/glass_950.jpg,glass,train
glass/glass_955.jpg,glass,train
glass/glass_960.jpg,glass,train
glass/glass_962.jpg,glass,train
glass/glass_963.jpg,glass,train
glass/glass_965.jpg,glass,train
glass/glass_968.jpg,glass,train
glass/glass_969.jpg,glass,train
glass/glass_971.jpg,glass,train
glass/glass_975.jpg,glass,train
glass/glass_979.jpg,glass,train
glass/glass_980.jpg,glass,train
glass/glass_981.jpg,glass,train
glass/glass_984.jpg,glass,train
glass/glass_986.jpg,glass,train
glass/glass_987.jpg,glass,train
glass/glass_989.jpg,glass,train
glass/glass_990.jpg,glass,train
glass/glass_991.jpg,glass,train
glass/glass_992.jpg,glass,train
glass/glass_994.jpg,glass,train
glass/glass_998.jpg,glass,train
metal/20240626_161207.jpg,metal,train
metal/metal_1001.jpg,metal,train
metal/metal_1006.jpg,metal,train
metal/metal_1014.jpg,metal,train
metal/metal_1016.jpg,metal,train
metal/metal_1036.jpg,metal,train
metal/metal_1043.jpg,metal,train
metal/metal_1051.jpg,metal,train
metal/metal_1065.jpg,metal,train
metal/metal_1067.jpg,metal,train
metal/metal_1073.jpg,metal,train
metal/metal_1078.jpg,metal,train
metal/metal_1080.jpg,metal,train
metal/metal_1085.jpg,metal,train
metal/metal_1094.jpg,metal,train
metal/metal_1104.jpg,metal,train
metal/metal_1114.jpg,metal,train
metal/metal_1121.jpg,metal,train
metal/metal_1123.jpg,metal,train
metal/metal_1137.jpg,metal,train
metal/metal_1151.jpg,metal,train
metal/metal_1159.jpg,metal,train
metal/metal_1165.jpg,metal,train
metal/metal_1176.jpg,metal,train
metal/metal_1181.jpg,metal,train
metal/metal_1183.jpg,metal,train
metal/metal_1186.jpg,metal,train
metal/metal_1190.jpg,metal,train
metal/metal_1197.jpg,metal,train
metal/metal_1198.jpg,metal,train
metal/metal_1213.jpg,metal,train
metal/metal_1216.jpg,metal,train
metal/metal_1217.jpg,metal,train
metal/metal_1218.jpg,metal,train
metal/metal_1219.jpg,metal,train
metal/metal_1220.jpg,metal,train
metal/metal_1221.jpg,metal,train
metal/metal_1225.jpg,metal,train
metal/metal_1226.jpg,metal,train
metal/metal_1229.jpg,metal,train
metal/metal_1230.jpg,metal,train
metal/metal_1231.jpg,metal,train
metal/metal_1232.jpg,metal,train
metal/metal_1234.jpg,metal,train
metal/metal_1235.jpg,metal,train
metal/metal_1238.jpg,metal,train
metal/metal_1244.jpg,metal,train
metal/metal_1247.jpg,metal,train
metal/metal_1248.jpg,metal,train
metal/metal_1250.jpg,metal,train
metal/metal_1251.jpg,metal,train
metal/metal_1253.jpg,metal,train
metal/metal_1256.jpg,metal,train
metal/metal_1258.jpg,metal,train
metal/metal_1259.jpg,metal,train
metal/metal_1263.jpg,metal,train
metal/metal_1264.jpg,metal,train
metal/metal_1265.jpg,metal,train
metal/metal_1269.jpg,metal,train
metal/metal_1270.jpg,metal,train
metal/metal_1274.jpg,metal,train
metal/metal_1277.jpg,metal,train
metal/metal_1279.jpg,metal,train
metal/metal_1282.jpg,metal,train
metal/metal_1286.jpg,metal,train
metal/metal_1289.jpg,metal,train
metal/metal_1290.jpg,metal,train
metal/metal_1293.jpg,metal,train
metal/metal_1295.jpg,metal,train
metal/metal_1296.jpg,metal,train
metal/metal_1300.jpg,metal,train
metal/metal_1304.jpg,metal,train
metal/metal_1311.jpg,metal,train
metal/metal_1316.jpg,metal,train
metal/metal_1317.jpg,metal,train
metal/metal_1321.jpg,metal,train
metal/metal_1322.jpg,metal,train
metal/metal_1326.jpg,metal,train
metal/metal_1328.jpg,metal,train
metal/metal_1330.jpg,metal,train
metal/metal_1331.jpg,metal,train
metal/metal_1334.jpg,metal,train
metal/metal_1337.jpg,metal,train
metal/metal_1338.jpg,metal,train
metal/metal_1339.jpg,metal,train
metal/metal_1343.jpg,metal,train
metal/metal_1344.jpg,metal,train
metal/metal_1347.jpg,metal,train
metal/metal_1348.jpg,metal,train
metal/metal_1352.jpg,metal,train
metal/metal_1355.jpg,metal,train
metal/metal_1357.jpg,metal,train
metal/metal_1358.jpg,metal,train
metal/metal_1365.jpg,metal,train
metal/metal_1366.jpg,metal,train
metal/metal_1367.jpg,metal,train
metal/metal_1368.jpg,metal,train
metal/metal_1369.jpg,metal,train
metal/metal_1372.jpg,metal,train
metal/metal_1374.jpg,metal,train
metal/metal_1380.jpg,metal,train
metal/metal_1384.jpg,metal,train
metal/metal_1386.jpg,metal,train
metal/metal_1388.jpg,metal,train
metal/metal_1395.jpg,metal,train
metal/metal_1399.jpg,metal,train
metal/metal_1400.jpg,metal,train
metal/metal_1402.jpg,metal,train
metal/metal_1403.jpg,metal,train
metal/metal_1408.jpg,metal,train
metal/metal_1409.jpg,metal,train
metal/metal_1417.jpg,metal,train
metal/metal_1418.jpg,metal,train
metal/metal_1419.jpg,metal,train
metal/metal_1422.jpg,metal,train
metal/metal_1424.jpg,metal,train
metal/metal_1426.jpg,metal,train
metal/metal_1427.jpg,metal,train
metal/metal_1432.jpg,metal,train
metal/metal_1433.jpg,metal,train
metal/metal_1434.jpg,metal,train
metal/metal_1436.jpg,metal,train
metal/metal_1441.jpg,metal,train
metal/metal_1447.jpg,metal,train
metal/metal_1451.jpg,metal,train
metal/metal_1456.jpg,metal,train
metal/metal_1462.jpg,metal,train
metal/metal_1464.jpg,metal,train
metal/metal_1465.jpg,metal,train
metal/metal_1467.jpg,metal,train
metal/metal_1469.jpg,metal,train
metal/metal_1472.jpg,metal,train
metal/metal_1475.jpg,metal,train
metal/metal_1478.jpg,metal,train
metal/metal_1479.jpg,metal,train
metal/metal_1482.jpg,metal,train
metal/metal_1484.jpg,metal,train
metal/metal_1485.jpg,metal,train
metal/metal_1487.jpg,metal,train
metal/metal_1488.jpg,metal,train
metal/metal_1490.jpg,metal,train
metal/metal_1491.jpg,metal,train
metal/metal_1492.jpg,metal,train
metal/metal_1495.jpg,metal,train
metal/metal_1498.jpg,metal,train
metal/metal_1500.jpg,metal,train
metal/metal_1515.jpg,metal,train
metal/metal_1521.jpg,metal,train
metal/metal_1522.jpg,metal,train
metal/metal_1524.jpg,metal,train
metal/metal_1526.jpg,metal,train
metal/metal_1530.jpg,metal,train
metal/metal_1535.jpg,metal,train
metal/metal_1537.jpg,metal,train
metal/metal_1538.jpg,metal,train
metal/metal_1539.jpg,metal,train
metal/metal_1540.jpg,metal,train
metal/metal_1541.jpg,metal,train
metal/metal_1545.jpg,metal,train
metal/metal_1547.jpg,metal,train
metal/metal_1549.jpg,metal,train
metal/metal_1555.jpg,metal,train
metal/metal_1557.jpg,metal,train
metal/metal_1559.jpg,metal,train
metal/metal_1561.jpg,metal,train
metal/metal_1563.jpg,metal,train
metal/metal_1567.jpg,metal,train
metal/metal_1571.jpg,metal,train
metal/metal_1572.jpg,metal,train
metal/metal_1575.jpg,metal,train
metal/metal_1577.jpg,metal,train
metal/metal_1581.jpg,metal,train
metal/metal_1583.jpg,metal,train
metal/metal_1584.jpg,metal,train
metal/metal_1589.jpg,metal,train
metal/metal_1594.jpg,metal,train
metal/metal_1595.jpg,metal,train
metal/metal_1599.jpg,metal,train
metal/metal_1600.jpg,metal,train
metal/metal_1603.jpg,metal,train
metal/metal_1604.jpg,metal,train
metal/metal_1607.jpg,metal,train
metal/metal_1609.jpg,metal,train
metal/metal_1611.jpg,metal,train
metal/metal_1612.jpg,metal,train
metal/metal_1614.jpg,metal,train
metal/metal_1620.jpg,metal,train
metal/metal_1622.jpg,metal,train
metal/metal_1623.jpg,metal,train
metal/metal_1625.jpg,metal,train
metal/metal_1629.jpg,metal,train
metal/metal_1631.jpg,metal,train
metal/metal_1636.jpg,metal,train
metal/metal_1640.jpg,metal,train
metal/metal_1643.jpg,metal,train
metal/metal_1648.jpg,metal,train
metal/metal_1650.jpg,metal,train
metal/metal_1652.jpg,metal,train
metal/metal_1654.jpg,metal,train
metal/metal_1656.jpg,metal,train
metal/metal_1660.jpg,metal,train
metal/metal_1663.jpg,metal,train
metal/metal_1664.jpg,metal,train
metal/metal_1666.jpg,metal,train
metal/metal_1667.jpg,metal,train
metal/metal_1673.jpg,metal,train
metal/metal_1674.jpg,metal,train
metal/metal_1675.jpg,metal,train
metal/metal_1687.jpg,metal,train
metal/metal_1688.jpg,metal,train
metal/metal_1690.jpg,metal,train
metal/metal_1691.jpg,metal,train
metal/metal_1697.jpg,metal,train
metal/metal_1698.jpg,metal,train
metal/metal_1703.jpg,metal,train
metal/metal_1705.jpg,metal,train
metal/metal_1707.jpg,metal,train
metal/metal_1708.jpg,metal,train
metal/metal_1712.jpg,metal,train
metal/metal_1714.jpg,metal,train
metal/metal_1718.jpg,metal,train
metal/metal_1722.jpg,metal,train
metal/metal_1723.jpg,metal,train
metal/metal_1725.jpg,metal,train
metal/metal_1729.jpg,metal,train
metal/metal_1730.jpg,metal,train
metal/metal_1743.jpg,metal,train
metal/metal_1747.jpg,metal,train
metal/metal_1751.jpg,metal,train
metal/metal_1752.jpg,metal,train
metal/metal_1753.jpg,metal,train
metal/metal_1758.jpg,metal,train
metal/metal_1759.jpg,metal,train
metal/metal_1761.jpg,metal,train
metal/metal_1762.jpg,metal,train
metal/metal_1769.jpg,metal,train
metal/metal_1775.jpg,metal,train
metal/metal_1776.jpg,metal,train
metal/metal_1778.jpg,metal,train
metal/metal_1779.jpg,metal,train
metal/metal_1781.jpg,metal,train
metal/metal_1788.jpg,metal,train
metal/metal_1790.jpg,metal,train
metal/metal_1793.jpg,metal,train
metal/metal_1794.jpg,metal,train
metal/metal_1795.jpg,metal,train
metal/metal_1798.jpg,metal,train
metal/metal_1799.jpg,metal,train
metal/metal_1800.jpg,metal,train
metal/metal_1803.jpg,metal,train
metal/metal_1809.jpg,metal,train
metal/metal_181.jpg,metal,train
metal/metal_1815.jpg,metal,train
metal/metal_1818.jpg,metal,train
metal/metal_1820.jpg,metal,train
metal/metal_1821.jpg,metal,train
metal/metal_1822.jpg,metal,train
metal/metal_1825.jpg,metal,train
metal/metal_1827.jpg,metal,train
metal/metal_1829.jpg,metal,train
metal/metal_1832.jpg,metal,train
metal/metal_1834.jpg,metal,train
metal/metal_1835.jpg,metal,train
metal/metal_1836.jpg,metal,train
metal/metal_1839.jpg,metal,train
metal/metal_1840.jpg,metal,train
metal/metal_1843.jpg,metal,train
metal/metal_1845.jpg,metal,train
metal/metal_1849.jpg,metal,train
metal/metal_1853.jpg,metal,train
metal/metal_1858.jpg,metal,train
metal/metal_1862.jpg,metal,train
metal/metal_1865.jpg,metal,train
metal/metal_1866.jpg,metal,train
metal/metal_1867.jpg,metal,train
metal/metal_187.jpg,metal,train
metal/metal_1870.jpg,metal,train
metal/metal_1873.jpg,metal,train
metal/metal_1875.jpg,metal,train
metal/metal_1877.jpg,metal,train
metal/metal_1878.jpg,metal,train
metal/metal_1879.jpg,metal,train
metal/metal_1880.jpg,metal,train
metal/metal_1882.jpg,metal,train
metal/metal_1884.jpg,metal,train
metal/metal_1885.jpg,metal,train
metal/metal_1889.jpg,metal,train
metal/metal_1890.jpg,metal,train
metal/metal_1891.jpg,metal,train
metal/metal_1894.jpg,metal,train
metal/metal_1895.jpg,metal,train
metal/metal_1899.jpg,metal,train
metal/metal_1904.jpg,metal,train
metal/metal_1905.jpg,metal,train
metal/metal_1908.jpg,metal,train
metal/metal_1909.jpg,metal,train
metal/metal_1913.jpg,metal,train
metal/metal_1914.jpg,metal,train
metal/metal_1915.jpg,metal,train
metal/metal_1917.jpg,metal,train
metal/metal_1919.jpg,metal,train
metal/metal_1920.jpg,metal,train
metal/metal_1922.jpg,metal,train
metal/metal_1924.jpg,metal,train
metal/metal_1925.jpg,metal,train
metal/metal_1926.jpg,metal,train
metal/metal_1927.jpg,metal,train
metal/metal_1932.jpg,metal,train
metal/metal_1937.jpg,metal,train
metal/metal_1945.jpg,metal,train
metal/metal_1947.jpg,metal,train
metal/metal_1955.jpg,metal,train
metal/metal_1960.jpg,metal,train
metal/metal_1961.jpg,metal,train
metal/metal_1966.jpg,metal,train
metal/metal_1969.jpg,metal,train
metal/metal_1970.jpg,metal,train
metal/metal_1972.jpg,metal,train
metal/metal_1974.jpg,metal,train
metal/metal_1975.jpg,metal,train
metal/metal_1980.jpg,metal,train
metal/metal_1982.jpg,metal,train
metal/metal_1984.jpg,metal,train
metal/metal_1986.jpg,metal,train
metal/metal_1987.jpg,metal,train
metal/metal_1988.jpg,metal,train
metal/metal_1989.jpg,metal,train
metal/metal_1991.jpg,metal,train
metal/metal_1993.jpg,metal,train
metal/metal_1995.jpg,metal,train
metal/metal_1996.jpg,metal,train
metal/metal_1997.jpg,metal,train
metal/metal_1998.jpg,metal,train
metal/metal_2004.jpg,metal,train
metal/metal_2005.jpg,metal,train
metal/metal_2006.jpg,metal,train
metal/metal_2009.jpg,metal,train
metal/metal_2010.jpg,metal,train
metal/metal_2013.jpg,metal,train
metal/metal_2017.jpg,metal,train
metal/metal_2018.jpg,metal,train
metal/metal_2019.jpg,metal,train
metal/metal_2021.jpg,metal,train
metal/metal_20240626_161200.jpg,metal,train
metal/metal_20240702_095830.jpg,metal,train
metal/metal_20240703_101039.jpg,metal,train
metal/metal_20240704_145303.jpg,metal,train
metal/metal_20240713_122224.jpg,metal,train
metal/metal_20241.jpg,metal,train
metal/metal_20241.png,metal,train
metal/metal_20241210_094822.jpg,metal,train
metal/metal_20241210_101914.jpg,metal,train
metal/metal_20241210_120835.jpg,metal,train
metal/metal_20241210_153006.jpg,metal,train
metal/metal_20242.jpg,metal,train
metal/metal_20243.jpg,metal,train
metal/metal_20243.png,metal,train
metal/metal_20244.jpg,metal,train
metal/metal_20244.png,metal,train
metal/metal_2025.jpg,metal,train
metal/metal_2031.jpg,metal,train
metal/metal_2034.jpg,metal,train
metal/metal_2037.jpg,metal,train
metal/metal_2043.jpg,metal,train
metal/metal_2045.jpg,metal,train
metal/metal_2046.jpg,metal,train
metal/metal_2048.jpg,metal,train
metal/metal_2049.jpg,metal,train
metal/metal_2051.jpg,metal,train
metal/metal_2052.jpg,metal,train
metal/metal_2056.jpg,metal,train
metal/metal_2057.jpg,metal,train
metal/metal_2058.jpg,metal,train
metal/metal_2066.jpg,metal,train
metal/metal_2070.jpg,metal,train
metal/metal_2071.jpg,metal,train
metal/metal_2076.jpg,metal,train
metal/metal_2077.jpg,metal,train
metal/metal_2078.jpg,metal,train
metal/metal_2086.jpg,metal,train
metal/metal_2088.jpg,metal,train
metal/metal_2094.jpg,metal,train
metal/metal_2099.jpg,metal,train
metal/metal_2108.jpg,metal,train
metal/metal_2109.jpg,metal,train
metal/metal_211.jpg,metal,train
metal/metal_2110.jpg,metal,train
metal/metal_2113.jpg,metal,train
metal/metal_2116.jpg,metal,train
metal/metal_2119.jpg,metal,train
metal/metal_2121.jpg,metal,train
metal/metal_2126.jpg,metal,train
metal/metal_2128.jpg,metal,train
metal/metal_2136.jpg,metal,train
metal/metal_2138.jpg,metal,train
metal/metal_2139.jpg,metal,train
metal/metal_2140.jpg,metal,train
metal/metal_2141.jpg,metal,train
metal/metal_2142.jpg,metal,train
metal/metal_2144.jpg,metal,train
metal/metal_2148.jpg,metal,train
metal/metal_2150.jpg,metal,train
metal/metal_2152.jpg,metal,train
metal/metal_2155.jpg,metal,train
metal/metal_2157.jpg,metal,train
metal/metal_2158.jpg,metal,train
metal/metal_2161.jpg,metal,train
metal/metal_2165.jpg,metal,train
metal/metal_2166.jpg,metal,train
metal/metal_2170.jpg,metal,train
metal/metal_2171.jpg,metal,train
metal/metal_2176.jpg,metal,train
metal/metal_2182.jpg,metal,train
metal/metal_2188.jpg,metal,train
metal/metal_2195.jpg,metal,train
metal/metal_2198.jpg,metal,train
metal/metal_2199.jpg,metal,train
metal/metal_2209.jpg,metal,train
metal/metal_2212.jpg,metal,train
metal/metal_2213.jpg,metal,train
metal/metal_2215.jpg,metal,train
metal/metal_2217.jpg,metal,train
metal/metal_2221.jpg,metal,train
metal/metal_2225.jpg,metal,train
metal/metal_2226.jpg,metal,train
metal/metal_2228.jpg,metal,train
metal/metal_2231.jpg,metal,train
metal/metal_2234.jpg,metal,train
metal/metal_2237.jpg,metal,train
metal/metal_2238.jpg,metal,train
metal/metal_2254.jpg,metal,train
metal/metal_2255.jpg,metal,train
metal/metal_2256.jpg,metal,train
metal/metal_2257.jpg,metal,train
metal/metal_2258.jpg,metal,train
metal/metal_2263.jpg,metal,train
metal/metal_2265.jpg,metal,train
metal/metal_2266.jpg,metal,train
metal/metal_2271.jpg,metal,train
metal/metal_2274.jpg,metal,train
metal/metal_2276.jpg,metal,train
metal/metal_2279.jpg,metal,train
metal/metal_2281.jpg,metal,train
metal/metal_2284.jpg,metal,train
metal/metal_2286.jpg,metal,train
metal/metal_2291.jpg,metal,train
metal/metal_2295.jpg,metal,train
metal/metal_2296.jpg,metal,train
metal/metal_2297.jpg,metal,train
metal/metal_2299.jpg,metal,train
metal/metal_2308.jpg,metal,train
metal/metal_2310.jpg,metal,train
metal/metal_2311.jpg,metal,train
metal/metal_2312.jpg,metal,train
metal/metal_2316.jpg,metal,train
metal/metal_2317.jpg,metal,train
metal/metal_2319.jpg,metal,train
metal/metal_2322.jpg,metal,train
metal/metal_2323.jpg,metal,train
metal/metal_2329.jpg,metal,train
metal/metal_2334.jpg,metal,train
metal/metal_2336.jpg,metal,train
metal/metal_2342.jpg,metal,train
metal/metal_2343.jpg,metal,train
metal/metal_2344.jpg,metal,train
metal/metal_2345.jpg,metal,train
metal/metal_2346.jpg,metal,train
metal/metal_2352.jpg,metal,train
metal/metal_2354.jpg,metal,train
metal/metal_2358.jpg,metal,train
metal/metal_2363.jpg,metal,train
metal/metal_2364.jpg,metal,train
metal/metal_2366.jpg,metal,train
metal/metal_2368.jpg,metal,train
metal/metal_237.jpg,metal,train
metal/metal_2370.jpg,metal,train
metal/metal_2379.jpg,metal,train
metal/metal_2381.jpg,metal,train
metal/metal_2387.jpg,metal,train
metal/metal_2388.jpg,metal,train
metal/metal_2393.jpg,metal,train
metal/metal_2396.jpg,metal,train
metal/metal_2397.jpg,metal,train
metal/metal_2398.jpg,metal,train
metal/metal_2399.jpg,metal,train
metal/metal_2402.jpg,metal,train
metal/metal_2405.jpg,metal,train
metal/metal_2408.jpg,metal,train
metal/metal_2414.jpg,metal,train
metal/metal_2419.jpg,metal,train
metal/metal_2422.jpg,metal,train
metal/metal_2423.jpg,metal,train
metal/metal_2428.jpg,metal,train
metal/metal_2430.jpg,metal,train
metal/metal_2432.jpg,metal,train
metal/metal_2433.jpg,metal,train
metal/metal_2434.jpg,metal,train
metal/metal_2435.jpg,metal,train
metal/metal_2437.jpg,metal,train
metal/metal_2439.jpg,metal,train
metal/metal_2442.jpg,metal,train
metal/metal_2444.jpg,metal,train
metal/metal_2447.jpg,metal,train
metal/metal_2448.jpg,metal,train
metal/metal_2456.jpg,metal,train
metal/metal_2460.jpg,metal,train
metal/metal_2461.jpg,metal,train
metal/metal_2462.jpg,metal,train
metal/metal_2464.jpg,metal,train
metal/metal_2469.jpg,metal,train
metal/metal_2471.jpg,metal,train
metal/metal_2473.jpg,metal,train
metal/metal_2476.jpg,metal,train
metal/metal_2481.jpg,metal,train
metal/metal_2484.jpg,metal,train
metal/metal_2485.jpg,metal,train
metal/metal_2486.jpg,metal,train
metal/metal_2488.jpg,metal,train
metal/metal_2492.jpg,metal,train
metal/metal_2496.jpg,metal,train
metal/metal_2498.jpg,metal,train
metal/metal_2501.jpg,metal,train
metal/metal_2503.jpg,metal,train
metal/metal_2506.jpg,metal,train
metal/metal_2510.jpg,metal,train
metal/metal_2512.jpg,metal,train
metal/metal_2514.jpg,metal,train
metal/metal_2515.jpg,metal,train
metal/metal_2517.jpg,metal,train
metal/metal_2518.jpg,metal,train
metal/metal_2520.jpg,metal,train
metal/metal_2521.jpg,metal,train
metal/metal_2530.jpg,metal,train
metal/metal_2532.jpg,metal,train
metal/metal_2533.jpg,metal,train
metal/metal_2537.jpg,metal,train
metal/metal_2547.jpg,metal,train
metal/metal_2548.jpg,metal,train
metal/metal_2550.jpg,metal,train
metal/metal_2552.jpg,metal,train
metal/metal_2553.jpg,metal,train
metal/metal_2555.jpg,metal,train
metal/metal_2558.jpg,metal,train
metal/metal_2561.jpg,metal,train
metal/metal_2563.jpg,metal,train
metal/metal_2564.jpg,metal,train
metal/metal_2569.jpg,metal,train
metal/metal_2572.jpg,metal,train
metal/metal_2575.jpg,metal,train
metal/metal_2579.jpg,metal,train
metal/metal_2580.jpg,metal,train
metal/metal_2583.jpg,metal,train
metal/metal_2585.jpg,metal,train
metal/metal_2587.jpg,metal,train
metal/metal_2588.jpg,metal,train
metal/metal_2589.jpg,metal,train
metal/metal_2592.jpg,metal,train
metal/metal_2595.jpg,metal,train
metal/metal_2597.jpg,metal,train
metal/metal_2600.jpg,metal,train
metal/metal_2602.jpg,metal,train
metal/metal_2603.jpg,metal,train
metal/metal_2604.jpg,metal,train
metal/metal_2605.jpg,metal,train
metal/metal_2611.jpg,metal,train
metal/metal_2612.jpg,metal,train
metal/metal_2614.jpg,metal,train
metal/metal_2616.jpg,metal,train
metal/metal_2618.jpg,metal,train
metal/metal_2619.jpg,metal,train
metal/metal_2620.jpg,metal,train
metal/metal_2624.jpg,metal,train
metal/metal_2625.jpg,metal,train
metal/metal_2628.jpg,metal,train
metal/metal_2632.jpg,metal,train
metal/metal_2637.jpg,metal,train
metal/metal_2638.jpg,metal,train
metal/metal_2639.jpg,metal,train
metal/metal_2640.jpg,metal,train
metal/metal_2641.jpg,metal,train
metal/metal_2645.jpg,metal,train
metal/metal_2646.jpg,metal,train
metal/metal_2648.jpg,metal,train
metal/metal_2652.jpg,metal,train
metal/metal_2654.jpg,metal,train
metal/metal_2669.jpg,metal,train
metal/metal_2671.jpg,metal,train
metal/metal_2672.jpg,metal,train
metal/metal_2678.jpg,metal,train
metal/metal_2681.jpg,metal,train
metal/metal_2683.jpg,metal,train
metal/metal_2687.jpg,metal,train
metal/metal_2691.jpg,metal,train
metal/metal_2692.jpg,metal,train
metal/metal_2693.jpg,metal,train
metal/metal_2698.jpg,metal,train
metal/metal_2701.jpg,metal,train
metal/metal_2703.jpg,metal,train
metal/metal_2706.jpg,metal,train
metal/metal_2707.jpg,metal,train
metal/metal_2710.jpg,metal,train
metal/metal_2714.jpg,metal,train
metal/metal_2715.jpg,metal,train
metal/metal_2717.jpg,metal,train
metal/metal_2718.jpg,metal,train
metal/metal_2719.jpg,metal,train
metal/metal_2722.jpg,metal,train
metal/metal_2723.jpg,metal,train
metal/metal_2732.jpg,metal,train
metal/metal_2734.jpg,metal,train
metal/metal_2738.jpg,metal,train
metal/metal_2743.jpg,metal,train
metal/metal_2744.jpg,metal,train
metal/metal_2746.jpg,metal,train
metal/metal_2748.jpg,metal,train
metal/metal_2749.jpg,metal,train
metal/metal_2751.jpg,metal,train
metal/metal_2753.jpg,metal,train
metal/metal_2758.jpg,metal,train
metal/metal_2759.jpg,metal,train
metal/metal_2760.jpg,metal,train
metal/metal_2761.jpg,metal,train
metal/metal_2766.jpg,metal,train
metal/metal_2772.jpg,metal,train
metal/metal_2776.jpg,metal,train
metal/metal_2777.jpg,metal,train
metal/metal_2782.jpg,metal,train
metal/metal_2783.jpg,metal,train
metal/metal_2785.jpg,metal,train
metal/metal_2786.jpg,metal,train
metal/metal_2789.jpg,metal,train
metal/metal_2790.jpg,metal,train
metal/metal_2791.jpg,metal,train
metal/metal_2794.jpg,metal,train
metal/metal_2795.jpg,metal,train
metal/metal_2797.jpg,metal,train
metal/metal_2799.jpg,metal,train
metal/metal_2802.jpg,metal,train
metal/metal_2803.jpg,metal,train
metal/metal_2804.jpg,metal,train
metal/metal_286.jpg,metal,train
metal/metal_289.jpg,metal,train
metal/metal_313.jpg,metal,train
metal/metal_315.jpg,metal,train
metal/metal_316.jpg,metal,train
metal/metal_358.jpg,metal,train
metal/metal_414.jpg,metal,train
metal/metal_420.jpg,metal,train
metal/metal_425.jpg,metal,train
metal/metal_437.jpg,metal,train
metal/metal_441.jpg,metal,train
metal/metal_455.jpg,metal,train
metal/metal_457.jpg,metal,train
metal/metal_459.jpg,metal,train
metal/metal_486.jpg,metal,train
metal/metal_488.jpg,metal,train
metal/metal_502.jpg,metal,train
metal/metal_506.jpg,metal,train
metal/metal_527.jpg,metal,train
metal/metal_549.jpg,metal,train
metal/metal_557.jpg,metal,train
metal/metal_582.jpg,metal,train
metal/metal_591.jpg,metal,train
metal/metal_595.jpg,metal,train
metal/metal_610.jpg,metal,train
metal/metal_613.jpg,metal,train
metal/metal_620.jpg,metal,train
metal/metal_622.jpg,metal,train
metal/metal_633.jpg,metal,train
metal/metal_650.jpg,metal,train
metal/metal_668.jpg,metal,train
metal/metal_690.jpg,metal,train
metal/metal_705.jpg,metal,train
metal/metal_707.jpg,metal,train
metal/metal_716.jpg,metal,train
metal/metal_722.jpg,metal,train
metal/metal_727.jpg,metal,train
metal/metal_729.jpg,metal,train
metal/metal_741.jpg,metal,train
metal/metal_753.jpg,metal,train
metal/metal_765.jpg,metal,train
metal/metal_773.jpg,metal,train
metal/metal_795.jpg,metal,train
metal/metal_81.jpg,metal,train
metal/metal_813.jpg,metal,train
metal/metal_816.jpg,metal,train
metal/metal_831.jpg,metal,train
metal/metal_836.jpg,metal,train
metal/metal_840.jpg,metal,train
metal/metal_845.jpg,metal,train
metal/metal_861.jpg,metal,train
metal/metal_863.jpg,metal,train
metal/metal_864.jpg,metal,train
metal/metal_872.jpg,metal,train
metal/metal_881.jpg,metal,train
metal/metal_884.jpg,metal,train
metal/metal_886.jpg,metal,train
metal/metal_891.jpg,metal,train
metal/metal_893.jpg,metal,train
metal/metal_894.jpg,metal,train
metal/metal_896.jpg,metal,train
metal/metal_90.jpg,metal,train
metal/metal_904.jpg,metal,train
metal/metal_905.jpg,metal,train
metal/metal_908.jpg,metal,train
metal/metal_934.jpg,metal,train
metal/metal_936.jpg,metal,train
metal/metal_939.jpg,metal,train
metal/metal_963.jpg,metal,train
metal/metal_972.jpg,metal,train
metal/metal_978.jpg,metal,train
metal/metal_981.jpg,metal,train
metal/metal_983.jpg,metal,train
metal/metal_996.jpg,metal,train
paper/paper_1003.jpg,paper,train
paper/paper_1004.jpg,paper,train
paper/paper_1006.jpg,paper,train
paper/paper_1009.jpg,paper,train
paper/paper_1016.jpg,paper,train
paper/paper_1018.jpg,paper,train
paper/paper_1025.jpg,paper,train
paper/paper_1027.jpg,paper,train
paper/paper_1028.jpg,paper,train
paper/paper_1030.jpg,paper,train
paper/paper_1031.jpg,paper,train
paper/paper_1032.jpg,paper,train
paper/paper_1036.jpg,paper,train
paper/paper_1037.jpg,paper,train
paper/paper_1039.jpg,paper,train
paper/paper_1041.jpg,paper,train
paper/paper_1042.jpg,paper,train
paper/paper_1048.jpg,paper,train
paper/paper_1050.jpg,paper,train
paper/paper_1051.jpg,paper,train
paper/paper_1052.jpg,paper,train
paper/paper_1053.jpg,paper,train
paper/paper_1056.jpg,paper,train
paper/paper_1058.jpg,paper,train
paper/paper_1059.jpg,paper,train
paper/paper_1061.jpg,paper,train
paper/paper_1063.jpg,paper,train
paper/paper_1064.jpg,paper,train
paper/paper_1065.jpg,paper,train
paper/paper_1067.jpg,paper,train
paper/paper_1068.jpg,paper,train
paper/paper_1072.jpg,paper,train
paper/paper_1076.jpg,paper,train
paper/paper_1078.jpg,paper,train
paper/paper_1079.jpg,paper,train
paper/paper_1083.jpg,paper,train
paper/paper_1085.jpg,paper,train
paper/paper_1087.jpg,paper,train
paper/paper_1088.jpg,paper,train
paper/paper_1090.jpg,paper,train
paper/paper_1091.jpg,paper,train
paper/paper_1092.jpg,paper,train
paper/paper_1093.jpg,paper,train
paper/paper_1094.jpg,paper,train
paper/paper_1106.jpg,paper,train
paper/paper_1107.jpg,paper,train
paper/paper_1109.jpg,paper,train
paper/paper_1110.jpg,paper,train
paper/paper_1111.jpg,paper,train
paper/paper_1114.jpg,paper,train
paper/paper_1116.jpg,paper,train
paper/paper_1122.jpg,paper,train
paper/paper_1123.jpg,paper,train
paper/paper_1128.jpg,paper,train
paper/paper_1129.jpg,paper,train
paper/paper_1132.jpg,paper,train
paper/paper_1136.jpg,paper,train
paper/paper_1138.jpg,paper,train
paper/paper_1140.jpg,paper,train
paper/paper_1142.jpg,paper,train
paper/paper_1143.jpg,paper,train
paper/paper_1145.jpg,paper,train
paper/paper_1149.jpg,paper,train
paper/paper_1150.jpg,paper,train
paper/paper_1151.jpg,paper,train
paper/paper_1152.jpg,paper,train
paper/paper_1154.jpg,paper,train
paper/paper_1157.jpg,paper,train
paper/paper_1159.jpg,paper,train
paper/paper_1160.jpg,paper,train
paper/paper_1161.jpg,paper,train
paper/paper_1163.jpg,paper,train
paper/paper_1164.jpg,paper,train
paper/paper_1165.jpg,paper,train
paper/paper_1166.jpg,paper,train
paper/paper_1167.jpg,paper,train
paper/paper_1171.jpg,paper,train
paper/paper_1172.jpg,paper,train
paper/paper_1173.jpg,paper,train
paper/paper_1175.jpg,paper,train
paper/paper_1178.jpg,paper,train
paper/paper_1179.jpg,paper,train
paper/paper_1182.jpg,paper,train
paper/paper_1183.jpg,paper,train
paper/paper_1185.jpg,paper,train
paper/paper_1186.jpg,paper,train
paper/paper_1187.jpg,paper,train
paper/paper_1188.jpg,paper,train
paper/paper_1190.jpg,paper,train
paper/paper_1191.jpg,paper,train
paper/paper_1192.jpg,paper,train
paper/paper_1194.jpg,paper,train
paper/paper_1197.jpg,paper,train
paper/paper_1198.jpg,paper,train
paper/paper_1201.jpg,paper,train
paper/paper_1202.jpg,paper,train
paper/paper_1203.jpg,paper,train
paper/paper_1204.jpg,paper,train
paper/paper_1207.jpg,paper,train
paper/paper_1208.jpg,paper,train
paper/paper_1209.jpg,paper,train
paper/paper_1210.jpg,paper,train
paper/paper_1212.jpg,paper,train
paper/paper_1213.jpg,paper,train
paper/paper_1216.jpg,paper,train
paper/paper_1219.jpg,paper,train
paper/paper_1220.jpg,paper,train
paper/paper_1221.jpg,paper,train
paper/paper_1223.jpg,paper,train
paper/paper_1229.jpg,paper,train
paper/paper_1232.jpg,paper,train
paper/paper_1233.jpg,paper,train
paper/paper_1235.jpg,paper,train
paper/paper_1237.jpg,paper,train
paper/paper_1238.jpg,paper,train
paper/paper_1240.jpg,paper,train
paper/paper_1241.jpg,paper,train
paper/paper_1244.jpg,paper,train
paper/paper_1245.jpg,paper,train
paper/paper_1248.jpg,paper,train
paper/paper_1251.jpg,paper,train
paper/paper_1257.jpg,paper,train
paper/paper_1258.jpg,paper,train
paper/paper_1260.jpg,paper,train
paper/paper_1261.jpg,paper,train
paper/paper_1263.jpg,paper,train
paper/paper_1268.jpg,paper,train
paper/paper_1269.jpg,paper,train
paper/paper_1274.jpg,paper,train
paper/paper_1275.jpg,paper,train
paper/paper_1276.jpg,paper,train
paper/paper_1279.jpg,paper,train
paper/paper_1280.jpg,paper,train
paper/paper_1281.jpg,paper,train
paper/paper_1289.jpg,paper,train
paper/paper_1291.jpg,paper,train
paper/paper_1292.jpg,paper,train
paper/paper_1295.jpg,paper,train
paper/paper_1296.jpg,paper,train
paper/paper_1300.jpg,paper,train
paper/paper_1301.jpg,paper,train
paper/paper_1302.jpg,paper,train
paper/paper_1304.jpg,paper,train
paper/paper_1305.jpg,paper,train
paper/paper_1306.jpg,paper,train
paper/paper_1308.jpg,paper,train
paper/paper_1309.jpg,paper,train
paper/paper_1312.jpg,paper,train
paper/paper_1313.jpg,paper,train
paper/paper_1314.jpg,paper,train
paper/paper_1317.jpg,paper,train
paper/paper_1321.jpg,paper,train
paper/paper_1328.jpg,paper,train
paper/paper_1329.jpg,paper,train
paper/paper_1333.jpg,paper,train
paper/paper_1336.jpg,paper,train
paper/paper_1339.jpg,paper,train
paper/paper_1340.jpg,paper,train
paper/paper_1341.jpg,paper,train
paper/paper_1344.jpg,paper,train
paper/paper_1348.jpg,paper,train
paper/paper_1351.jpg,paper,train
paper/paper_1352.jpg,paper,train
paper/paper_1355.jpg,paper,train
paper/paper_1356.jpg,paper,train
paper/paper_1357.jpg,paper,train
paper/paper_1358.jpg,paper,train
paper/paper_1360.jpg,paper,train
paper/paper_1361.jpg,paper,train
paper/paper_1363.jpg,paper,train
paper/paper_1364.jpg,paper,train
paper/paper_1366.jpg,paper,train
paper/paper_1368.jpg,paper,train
paper/paper_1370.jpg,paper,train
paper/paper_1371.jpg,paper,train
paper/paper_1372.jpg,paper,train
paper/paper_1380.jpg,paper,train
paper/paper_1384.jpg,paper,train
paper/paper_1387.jpg,paper,train
paper/paper_1390.jpg,paper,train
paper/paper_1392.jpg,paper,train
paper/paper_1393.jpg,paper,train
paper/paper_1394.jpg,paper,train
paper/paper_1397.jpg,paper,train
paper/paper_1398.jpg,paper,train
paper/paper_1399.jpg,paper,train
paper/paper_1401.jpg,paper,train
paper/paper_1405.jpg,paper,train
paper/paper_1408.jpg,paper,train
paper/paper_1409.jpg,paper,train
paper/paper_1410.jpg,paper,train
paper/paper_1411.jpg,paper,train
paper/paper_1412.jpg,paper,train
paper/paper_1415.jpg,paper,train
paper/paper_1418.jpg,paper,train
paper/paper_1419.jpg,paper,train
paper/paper_1420.jpg,paper,train
paper/paper_1422.jpg,paper,train
paper/paper_1423.jpg,paper,train
paper/paper_1424.jpg,paper,train
paper/paper_1425.jpg,paper,train
paper/paper_1428.jpg,paper,train
paper/paper_1431.jpg,paper,train
paper/paper_1432.jpg,paper,train
paper/paper_1438.jpg,paper,train
paper/paper_1441.jpg,paper,train
paper/paper_1442.jpg,paper,train
paper/paper_1444.jpg,paper,train
paper/paper_1445.jpg,paper,train
paper/paper_1446.jpg,paper,train
paper/paper_1452.jpg,paper,train
paper/paper_1454.jpg,paper,train
paper/paper_1456.jpg,paper,train
paper/paper_1460.jpg,paper,train
paper/paper_1461.jpg,paper,train
paper/paper_1463.jpg,paper,train
paper/paper_1465.jpg,paper,train
paper/paper_1469.jpg,paper,train
paper/paper_1472.jpg,paper,train
paper/paper_1474.jpg,paper,train
paper/paper_1478.jpg,paper,train
paper/paper_1480.jpg,paper,train
paper/paper_1485.jpg,paper,train
paper/paper_1486.jpg,paper,train
paper/paper_1488.jpg,paper,train
paper/paper_1491.jpg,paper,train
paper/paper_1492.jpg,paper,train
paper/paper_1495.jpg,paper,train
paper/paper_1496.jpg,paper,train
paper/paper_1497.jpg,paper,train
paper/paper_1500.jpg,paper,train
paper/paper_1502.jpg,paper,train
paper/paper_1504.jpg,paper,train
paper/paper_1505.jpg,paper,train
paper/paper_1509.jpg,paper,train
paper/paper_1510.jpg,paper,train
paper/paper_1511.jpg,paper,train
paper/paper_1513.jpg,paper,train
paper/paper_1514.jpg,paper,train
paper/paper_1516.jpg,paper,train
paper/paper_1520.jpg,paper,train
paper/paper_1528.jpg,paper,train
paper/paper_1532.jpg,paper,train
paper/paper_1535.jpg,paper,train
paper/paper_1536.jpg,paper,train
paper/paper_1540.jpg,paper,train
paper/paper_1541.jpg,paper,train
paper/paper_1542.jpg,paper,train
paper/paper_1545.jpg,paper,train
paper/paper_1548.jpg,paper,train
paper/paper_1551.jpg,paper,train
paper/paper_1552.jpg,paper,train
paper/paper_1556.jpg,paper,train
paper/paper_1557.jpg,paper,train
paper/paper_1558.jpg,paper,train
paper/paper_1561.jpg,paper,train
paper/paper_1563.jpg,paper,train
paper/paper_1565.jpg,paper,train
paper/paper_1566.jpg,paper,train
paper/paper_1567.jpg,paper,train
paper/paper_1568.jpg,paper,train
paper/paper_1569.jpg,paper,train
paper/paper_1570.jpg,paper,train
paper/paper_1571.jpg,paper,train
paper/paper_1572.jpg,paper,train
paper/paper_1573.jpg,paper,train
paper/paper_1576.jpg,paper,train
paper/paper_1578.jpg,paper,train
paper/paper_1579.jpg,paper,train
paper/paper_1580.jpg,paper,train
paper/paper_1582.jpg,paper,train
paper/paper_1584.jpg,paper,train
paper/paper_1588.jpg,paper,train
paper/paper_1589.jpg,paper,train
paper/paper_1590.jpg,paper,train
paper/paper_1596.jpg,paper,train
paper/paper_1602.jpg,paper,train
paper/paper_1604.jpg,paper,train
paper/paper_1610.jpg,paper,train
paper/paper_1612.jpg,paper,train
paper/paper_1614.jpg,paper,train
paper/paper_1615.jpg,paper,train
paper/paper_1616.jpg,paper,train
paper/paper_1617.jpg,paper,train
paper/paper_1618.jpg,paper,train
paper/paper_1620.jpg,paper,train
paper/paper_1621.jpg,paper,train
paper/paper_1625.jpg,paper,train
paper/paper_1630.jpg,paper,train
paper/paper_1633.jpg,paper,train
paper/paper_1638.jpg,paper,train
paper/paper_1640.jpg,paper,train
paper/paper_1647.jpg,paper,train
paper/paper_1649.jpg,paper,train
paper/paper_1651.jpg,paper,train
paper/paper_1652.jpg,paper,train
paper/paper_1657.jpg,paper,train
paper/paper_1660.jpg,paper,train
paper/paper_1661.jpg,paper,train
paper/paper_1662.jpg,paper,train
paper/paper_1666.jpg,paper,train
paper/paper_1667.jpg,paper,train
paper/paper_1670.jpg,paper,train
paper/paper_1671.jpg,paper,train
paper/paper_1672.jpg,paper,train
paper/paper_1674.jpg,paper,train
paper/paper_1678.jpg,paper,train
paper/paper_1679.jpg,paper,train
paper/paper_1680.jpg,paper,train
paper/paper_1683.jpg,paper,train
paper/paper_1686.jpg,paper,train
paper/paper_1687.jpg,paper,train
paper/paper_1688.jpg,paper,train
paper/paper_1691.jpg,paper,train
paper/paper_1693.jpg,paper,train
paper/paper_1694.jpg,paper,train
paper/paper_1696.jpg,paper,train
paper/paper_1699.jpg,paper,train
paper/paper_1700.jpg,paper,train
paper/paper_1701.jpg,paper,train
paper/paper_1702.jpg,paper,train
paper/paper_1703.jpg,paper,train
paper/paper_1705.jpg,paper,train
paper/paper_1709.jpg,paper,train
paper/paper_1710.jpg,paper,train
paper/paper_1711.jpg,paper,train
paper/paper_1714.jpg,paper,train
paper/paper_1716.jpg,paper,train
paper/paper_1718.jpg,paper,train
paper/paper_1723.jpg,paper,train
paper/paper_1724.jpg,paper,train
paper/paper_1725.jpg,paper,train
paper/paper_1727.jpg,paper,train
paper/paper_1730.jpg,paper,train
paper/paper_1734.jpg,paper,train
paper/paper_1738.jpg,paper,train
paper/paper_1741.jpg,paper,train
paper/paper_1743.jpg,paper,train
paper/paper_1744.jpg,paper,train
paper/paper_1745.jpg,paper,train
paper/paper_1746.jpg,paper,train
paper/paper_1749.jpg,paper,train
paper/paper_1750.jpg,paper,train
paper/paper_1752.jpg,paper,train
paper/paper_1757.jpg,paper,train
paper/paper_1758.jpg,paper,train
paper/paper_1760.jpg,paper,train
paper/paper_1762.jpg,paper,train
paper/paper_1764.jpg,paper,train
paper/paper_1770.jpg,paper,train
paper/paper_1772.jpg,paper,train
paper/paper_1774.jpg,paper,train
paper/paper_1775.jpg,paper,train
paper/paper_1783.jpg,paper,train
paper/paper_1784.jpg,paper,train
paper/paper_1789.jpg,paper,train
paper/paper_1790.jpg,paper,train
paper/paper_1791.jpg,paper,train
paper/paper_1792.jpg,paper,train
paper/paper_1793.jpg,paper,train
paper/paper_1797.jpg,paper,train
paper/paper_1798.jpg,paper,train
paper/paper_1799.jpg,paper,train
paper/paper_1803.jpg,paper,train
paper/paper_1805.jpg,paper,train
paper/paper_1807.jpg,paper,train
paper/paper_1809.jpg,paper,train
paper/paper_1812.jpg,paper,train
paper/paper_1813.jpg,paper,train
paper/paper_1814.jpg,paper,train
paper/paper_1815.jpg,paper,train
paper/paper_1816.jpg,paper,train
paper/paper_1821.jpg,paper,train
paper/paper_1822.jpg,paper,train
paper/paper_1823.jpg,paper,train
paper/paper_1827.jpg,paper,train
paper/paper_1828.jpg,paper,train
paper/paper_1830.jpg,paper,train
paper/paper_1831.jpg,paper,train
paper/paper_1834.jpg,paper,train
paper/paper_1838.jpg,paper,train
paper/paper_1839.jpg,paper,train
paper/paper_1840.jpg,paper,train
paper/paper_1841.jpg,paper,train
paper/paper_1848.jpg,paper,train
paper/paper_1850.jpg,paper,train
paper/paper_1852.jpg,paper,train
paper/paper_1854.jpg,paper,train
paper/paper_1856.jpg,paper,train
paper/paper_1860.jpg,paper,train
paper/paper_1868.jpg,paper,train
paper/paper_1872.jpg,paper,train
paper/paper_1875.jpg,paper,train
paper/paper_1876.jpg,paper,train
paper/paper_1877.jpg,paper,train
paper/paper_1878.jpg,paper,train
paper/paper_1879.jpg,paper,train
paper/paper_1881.jpg,paper,train
paper/paper_1882.jpg,paper,train
paper/paper_1883.jpg,paper,train
paper/paper_1890.jpg,paper,train
paper/paper_1891.jpg,paper,train
paper/paper_1892.jpg,paper,train
paper/paper_1893.jpg,paper,train
paper/paper_1894.jpg,paper,train
paper/paper_1898.jpg,paper,train
paper/paper_1899.jpg,paper,train
paper/paper_1902.jpg,paper,train
paper/paper_1906.jpg,paper,train
paper/paper_1908.jpg,paper,train
paper/paper_1909.jpg,paper,train
paper/paper_1911.jpg,paper,train
paper/paper_1913.jpg,paper,train
paper/paper_1916.jpg,paper,train
paper/paper_1919.jpg,paper,train
paper/paper_1920.jpg,paper,train
paper/paper_1921.jpg,paper,train
paper/paper_1923.jpg,paper,train
paper/paper_1927.jpg,paper,train
paper/paper_1928.jpg,paper,train
paper/paper_1930.jpg,paper,train
paper/paper_1931.jpg,paper,train
paper/paper_1932.jpg,paper,train
paper/paper_1933.jpg,paper,train
paper/paper_1934.jpg,paper,train
paper/paper_1939.jpg,paper,train
paper/paper_1940.jpg,paper,train
paper/paper_1941.jpg,paper,train
paper/paper_1942.jpg,paper,train
paper/paper_1946.jpg,paper,train
paper/paper_1947.jpg,paper,train
paper/paper_1948.jpg,paper,train
paper/paper_1949.jpg,paper,train
paper/paper_1955.jpg,paper,train
paper/paper_1956.jpg,paper,train
paper/paper_1960.jpg,paper,train
paper/paper_1961.jpg,paper,train
paper/paper_1968.jpg,paper,train
paper/paper_1969.jpg,paper,train
paper/paper_1972.jpg,paper,train
paper/paper_1975.jpg,paper,train
paper/paper_1976.jpg,paper,train
paper/paper_1977.jpg,paper,train
paper/paper_1978.jpg,paper,train
paper/paper_1979.jpg,paper,train
paper/paper_1980.jpg,paper,train
paper/paper_1981.jpg,paper,train
paper/paper_1982.jpg,paper,train
paper/paper_1983.jpg,paper,train
paper/paper_1991.jpg,paper,train
paper/paper_1997.jpg,paper,train
paper/paper_1998.jpg,paper,train
paper/paper_1999.jpg,paper,train
paper/paper_2004.jpg,paper,train
paper/paper_2005.jpg,paper,train
paper/paper_2008.jpg,paper,train
paper/paper_2010.jpg,paper,train
paper/paper_2017.jpg,paper,train
paper/paper_2018.jpg,paper,train
paper/paper_2019.jpg,paper,train
paper/paper_2020.jpg,paper,train
paper/paper_2024.jpg,paper,train
paper/paper_20240626_152057.jpg,paper,train
paper/paper_20240626_152100.jpg,paper,train
paper/paper_20240626_161136_1.jpg,paper,train
paper/paper_20240628_161500.jpg,paper,train
paper/paper_20240718_093808.jpg,paper,train
paper/paper_20240718_093817.jpg,paper,train
paper/paper_20241.png,paper,train
paper/paper_20241210_110146.jpg,paper,train
paper/paper_20241210_110243.jpg,paper,train
paper/paper_20241210_110310.jpg,paper,train
paper/paper_20241210_110323.jpg,paper,train
paper/paper_20241210_110330.jpg,paper,train
paper/paper_20241210_133031.jpg,paper,train
paper/paper_20241210_135140.jpg,paper,train
paper/paper_20241210_162342.jpg,paper,train
paper/paper_20242.jpg,paper,train
paper/paper_20242.png,paper,train
paper/paper_2025.jpg,paper,train
paper/paper_2026.jpg,paper,train
paper/paper_2027.jpg,paper,train
paper/paper_2030.jpg,paper,train
paper/paper_2031.jpg,paper,train
paper/paper_2033.jpg,paper,train
paper/paper_2036.jpg,paper,train
paper/paper_2038.jpg,paper,train
paper/paper_2042.jpg,paper,train
paper/paper_2044.jpg,paper,train
paper/paper_2046.jpg,paper,train
paper/paper_2047.jpg,paper,train
paper/paper_2049.jpg,paper,train
paper/paper_2052.jpg,paper,train
paper/paper_2054.jpg,paper,train
paper/paper_2055.jpg,paper,train
paper/paper_2059.jpg,paper,train
paper/paper_2062.jpg,paper,train
paper/paper_2063.jpg,paper,train
paper/paper_2064.jpg,paper,train
paper/paper_2070.jpg,paper,train
paper/paper_2071.jpg,paper,train
paper/paper_2072.jpg,paper,train
paper/paper_2074.jpg,paper,train
paper/paper_2075.jpg,paper,train
paper/paper_2076.jpg,paper,train
paper/paper_2079.jpg,paper,train
paper/paper_2081.jpg,paper,train
paper/paper_2082.jpg,paper,train
paper/paper_2087.jpg,paper,train
paper/paper_2091.jpg,paper,train
paper/paper_2094.jpg,paper,train
paper/paper_2096.jpg,paper,train
paper/paper_2097.jpg,paper,train
paper/paper_2098.jpg,paper,train
paper/paper_2101.jpg,paper,train
paper/paper_2102.jpg,paper,train
paper/paper_2103.jpg,paper,train
paper/paper_2107.jpg,paper,train
paper/paper_2112.jpg,paper,train
paper/paper_2115.jpg,paper,train
paper/paper_2116.jpg,paper,train
paper/paper_2117.jpg,paper,train
paper/paper_2119.jpg,paper,train
paper/paper_2121.jpg,paper,train
paper/paper_2127.jpg,paper,train
paper/paper_2131.jpg,paper,train
paper/paper_2132.jpg,paper,train
paper/paper_2134.jpg,paper,train
paper/paper_2135.jpg,paper,train
paper/paper_2136.jpg,paper,train
paper/paper_2137.jpg,paper,train
paper/paper_2140.jpg,paper,train
paper/paper_2142.jpg,paper,train
paper/paper_2146.jpg,paper,train
paper/paper_2148.jpg,paper,train
paper/paper_2152.jpg,paper,train
paper/paper_2153.jpg,paper,train
paper/paper_2154.jpg,paper,train
paper/paper_2157.jpg,paper,train
paper/paper_2158.jpg,paper,train
paper/paper_2160.jpg,paper,train
paper/paper_2163.jpg,paper,train
paper/paper_2164.jpg,paper,train
paper/paper_2165.jpg,paper,train
paper/paper_2168.jpg,paper,train
paper/paper_2169.jpg,paper,train
paper/paper_2171.jpg,paper,train
paper/paper_2173.jpg,paper,train
paper/paper_2175.jpg,paper,train
paper/paper_2176.jpg,paper,train
paper/paper_2187.jpg,paper,train
paper/paper_2188.jpg,paper,train
paper/paper_2189.jpg,paper,train
paper/paper_2192.jpg,paper,train
paper/paper_2193.jpg,paper,train
paper/paper_2195.jpg,paper,train
paper/paper_2196.jpg,paper,train
paper/paper_2202.jpg,paper,train
paper/paper_2203.jpg,paper,train
paper/paper_2204.jpg,paper,train
paper/paper_2208.jpg,paper,train
paper/paper_2210.jpg,paper,train
paper/paper_2215.jpg,paper,train
paper/paper_2216.jpg,paper,train
paper/paper_2219.jpg,paper,train
paper/paper_2222.jpg,paper,train
paper/paper_2223.jpg,paper,train
paper/paper_2224.jpg,paper,train
paper/paper_2230.jpg,paper,train
paper/paper_2233.jpg,paper,train
paper/paper_2234.jpg,paper,train
paper/paper_2235.jpg,paper,train
paper/paper_2239.jpg,paper,train
paper/paper_2240.jpg,paper,train
paper/paper_2241.jpg,paper,train
paper/paper_2243.jpg,paper,train
paper/paper_2252.jpg,paper,train
paper/paper_2255.jpg,paper,train
paper/paper_2260.jpg,paper,train
paper/paper_2262.jpg,paper,train
paper/paper_2265.jpg,paper,train
paper/paper_2266.jpg,paper,train
paper/paper_2268.jpg,paper,train
paper/paper_2274.jpg,paper,train
paper/paper_2275.jpg,paper,train
paper/paper_2277.jpg,paper,train
paper/paper_2278.jpg,paper,train
paper/paper_2281.jpg,paper,train
paper/paper_2283.jpg,paper,train
paper/paper_2288.jpg,paper,train
paper/paper_2289.jpg,paper,train
paper/paper_2293.jpg,paper,train
paper/paper_2295.jpg,paper,train
paper/paper_2296.jpg,paper,train
paper/paper_2301.jpg,paper,train
paper/paper_2302.jpg,paper,train
paper/paper_2304.jpg,paper,train
paper/paper_2306.jpg,paper,train
paper/paper_2310.jpg,paper,train
paper/paper_2311.jpg,paper,train
paper/paper_2312.jpg,paper,train
paper/paper_2314.jpg,paper,train
paper/paper_2318.jpg,paper,train
paper/paper_2320.jpg,paper,train
paper/paper_2323.jpg,paper,train
paper/paper_2326.jpg,paper,train
paper/paper_2329.jpg,paper,train
paper/paper_2330.jpg,paper,train
paper/paper_2332.jpg,paper,train
paper/paper_2333.jpg,paper,train
paper/paper_2334.jpg,paper,train
paper/paper_2337.jpg,paper,train
paper/paper_2339.jpg,paper,train
paper/paper_2340.jpg,paper,train
paper/paper_2344.jpg,paper,train
paper/paper_2346.jpg,paper,train
paper/paper_2347.jpg,paper,train
paper/paper_2349.jpg,paper,train
paper/paper_2351.jpg,paper,train
paper/paper_2354.jpg,paper,train
paper/paper_2355.jpg,paper,train
paper/paper_2362.jpg,paper,train
paper/paper_2365.jpg,paper,train
paper/paper_2366.jpg,paper,train
paper/paper_2368.jpg,paper,train
paper/paper_2371.jpg,paper,train
paper/paper_2373.jpg,paper,train
paper/paper_2374.jpg,paper,train
paper/paper_2375.jpg,paper,train
paper/paper_2376.jpg,paper,train
paper/paper_2377.jpg,paper,train
paper/paper_2378.jpg,paper,train
paper/paper_2379.jpg,paper,train
paper/paper_2386.jpg,paper,train
paper/paper_2394.jpg,paper,train
paper/paper_240.jpg,paper,train
paper/paper_2400.jpg,paper,train
paper/paper_2405.jpg,paper,train
paper/paper_2406.jpg,paper,train
paper/paper_2408.jpg,paper,train
paper/paper_2413.jpg,paper,train
paper/paper_2416.jpg,paper,train
paper/paper_2417.jpg,paper,train
paper/paper_2418.jpg,paper,train
paper/paper_2420.jpg,paper,train
paper/paper_2424.jpg,paper,train
paper/paper_2427.jpg,paper,train
paper/paper_2428.jpg,paper,train
paper/paper_2429.jpg,paper,train
paper/paper_2432.jpg,paper,train
paper/paper_2438.jpg,paper,train
paper/paper_2440.jpg,paper,train
paper/paper_2445.jpg,paper,train
paper/paper_2446.jpg,paper,train
paper/paper_2452.jpg,paper,train
paper/paper_2453.jpg,paper,train
paper/paper_2454.jpg,paper,train
paper/paper_2456.jpg,paper,train
paper/paper_2457.jpg,paper,train
paper/paper_2461.jpg,paper,train
paper/paper_2462.jpg,paper,train
paper/paper_2465.jpg,paper,train
paper/paper_2468.jpg,paper,train
paper/paper_2472.jpg,paper,train
paper/paper_2473.jpg,paper,train
paper/paper_2475.jpg,paper,train
paper/paper_2476.jpg,paper,train
paper/paper_2477.jpg,paper,train
paper/paper_2479.jpg,paper,train
paper/paper_2480.jpg,paper,train
paper/paper_2481.jpg,paper,train
paper/paper_2483.jpg,paper,train
paper/paper_2484.jpg,paper,train
paper/paper_2486.jpg,paper,train
paper/paper_2487.jpg,paper,train
paper/paper_2489.jpg,paper,train
paper/paper_2490.jpg,paper,train
paper/paper_2492.jpg,paper,train
paper/paper_2493.jpg,paper,train
paper/paper_2497.jpg,paper,train
paper/paper_2500.jpg,paper,train
paper/paper_2501.jpg,paper,train
paper/paper_2502.jpg,paper,train
paper/paper_2505.jpg,paper,train
paper/paper_2507.jpg,paper,train
paper/paper_2512.jpg,paper,train
paper/paper_2518.jpg,paper,train
paper/paper_2523.jpg,paper,train
paper/paper_2525.jpg,paper,train
paper/paper_2526.jpg,paper,train
paper/paper_2527.jpg,paper,train
paper/paper_2529.jpg,paper,train
paper/paper_2532.jpg,paper,train
paper/paper_2533.jpg,paper,train
paper/paper_2534.jpg,paper,train
paper/paper_2536.jpg,paper,train
paper/paper_2538.jpg,paper,train
paper/paper_2543.jpg,paper,train
paper/paper_2545.jpg,paper,train
paper/paper_2547.jpg,paper,train
paper/paper_2555.jpg,paper,train
paper/paper_2556.jpg,paper,train
paper/paper_2557.jpg,paper,train
paper/paper_2558.jpg,paper,train
paper/paper_2561.jpg,paper,train
paper/paper_2562.jpg,paper,train
paper/paper_2566.jpg,paper,train
paper/paper_2567.jpg,paper,train
paper/paper_2575.jpg,paper,train
paper/paper_2576.jpg,paper,train
paper/paper_2577.jpg,paper,train
paper/paper_2578.jpg,paper,train
paper/paper_2580.jpg,paper,train
paper/paper_2581.jpg,paper,train
paper/paper_2582.jpg,paper,train
paper/paper_2583.jpg,paper,train
paper/paper_2584.jpg,paper,train
paper/paper_2585.jpg,paper,train
paper/paper_2589.jpg,paper,train
paper/paper_2594.jpg,paper,train
paper/paper_2595.jpg,paper,train
paper/paper_2597.jpg,paper,train
paper/paper_2600.jpg,paper,train
paper/paper_2602.jpg,paper,train
paper/paper_2604.jpg,paper,train
paper/paper_2605.jpg,paper,train
paper/paper_2607.jpg,paper,train
paper/paper_2611.jpg,paper,train
paper/paper_2612.jpg,paper,train
paper/paper_2617.jpg,paper,train
paper/paper_2619.jpg,paper,train
paper/paper_2620.jpg,paper,train
paper/paper_2624.jpg,paper,train
paper/paper_2633.jpg,paper,train
paper/paper_2634.jpg,paper,train
paper/paper_2636.jpg,paper,train
paper/paper_2637.jpg,paper,train
paper/paper_2642.jpg,paper,train
paper/paper_2644.jpg,paper,train
paper/paper_2647.jpg,paper,train
paper/paper_2649.jpg,paper,train
paper/paper_2655.jpg,paper,train
paper/paper_2656.jpg,paper,train
paper/paper_2658.jpg,paper,train
paper/paper_2659.jpg,paper,train
paper/paper_2660.jpg,paper,train
paper/paper_2663.jpg,paper,train
paper/paper_2664.jpg,paper,train
paper/paper_2667.jpg,paper,train
paper/paper_2669.jpg,paper,train
paper/paper_2670.jpg,paper,train
paper/paper_2672.jpg,paper,train
paper/paper_2674.jpg,paper,train
paper/paper_2675.jpg,paper,train
paper/paper_2679.jpg,paper,train
paper/paper_2683.jpg,paper,train
paper/paper_2686.jpg,paper,train
paper/paper_2693.jpg,paper,train
paper/paper_2694.jpg,paper,train
paper/paper_2707.jpg,paper,train
paper/paper_2708.jpg,paper,train
paper/paper_2709.jpg,paper,train
paper/paper_2710.jpg,paper,train
paper/paper_2711.jpg,paper,train
paper/paper_2714.jpg,paper,train
paper/paper_2718.jpg,paper,train
paper/paper_2721.jpg,paper,train
paper/paper_2726.jpg,paper,train
paper/paper_2727.jpg,paper,train
paper/paper_2728.jpg,paper,train
paper/paper_2737.jpg,paper,train
paper/paper_2748.jpg,paper,train
paper/paper_2749.jpg,paper,train
paper/paper_2751.jpg,paper,train
paper/paper_2753.jpg,paper,train
paper/paper_2754.jpg,paper,train
paper/paper_2756.jpg,paper,train
paper/paper_2759.jpg,paper,train
paper/paper_2764.jpg,paper,train
paper/paper_2765.jpg,paper,train
paper/paper_2768.jpg,paper,train
paper/paper_2775.jpg,paper,train
paper/paper_278.jpg,paper,train
paper/paper_2780.jpg,paper,train
paper/paper_2782.jpg,paper,train
paper/paper_2783.jpg,paper,train
paper/paper_2784.jpg,paper,train
paper/paper_2785.jpg,paper,train
paper/paper_2787.jpg,paper,train
paper/paper_2792.jpg,paper,train
paper/paper_2795.jpg,paper,train
paper/paper_2796.jpg,paper,train
paper/paper_2799.jpg,paper,train
paper/paper_2800.jpg,paper,train
paper/paper_2801.jpg,paper,train
paper/paper_2804.jpg,paper,train
paper/paper_2806.jpg,paper,train
paper/paper_2808.jpg,paper,train
paper/paper_2810.jpg,paper,train
paper/paper_2814.jpg,paper,train
paper/paper_2816.jpg,paper,train
paper/paper_2817.jpg,paper,train
paper/paper_2818.jpg,paper,train
paper/paper_2819.jpg,paper,train
paper/paper_2822.jpg,paper,train
paper/paper_2823.jpg,paper,train
paper/paper_2826.jpg,paper,train
paper/paper_2828.jpg,paper,train
paper/paper_2829.jpg,paper,train
paper/paper_2830.jpg,paper,train
paper/paper_2831.jpg,paper,train
paper/paper_2832.jpg,paper,train
paper/paper_2834.jpg,paper,train
paper/paper_2838.jpg,paper,train
paper/paper_2840.jpg,paper,train
paper/paper_2842.jpg,paper,train
paper/paper_2843.jpg,paper,train
paper/paper_2844.jpg,paper,train
paper/paper_2846.jpg,paper,train
paper/paper_2847.jpg,paper,train
paper/paper_2848.jpg,paper,train
paper/paper_2850.jpg,paper,train
paper/paper_2851.jpg,paper,train
paper/paper_2852.jpg,paper,train
paper/paper_2856.jpg,paper,train
paper/paper_2859.jpg,paper,train
paper/paper_2865.jpg,paper,train
paper/paper_2867.jpg,paper,train
paper/paper_2868.jpg,paper,train
paper/paper_2869.jpg,paper,train
paper/paper_2870.jpg,paper,train
paper/paper_2871.jpg,paper,train
paper/paper_2873.jpg,paper,train
paper/paper_2874.jpg,paper,train
paper/paper_2875.jpg,paper,train
paper/paper_2876.jpg,paper,train
paper/paper_2879.jpg,paper,train
paper/paper_2881.jpg,paper,train
paper/paper_2882.jpg,paper,train
paper/paper_2884.jpg,paper,train
paper/paper_2885.jpg,paper,train
paper/paper_2889.jpg,paper,train
paper/paper_2890.jpg,paper,train
paper/paper_2892.jpg,paper,train
paper/paper_2897.jpg,paper,train
paper/paper_2898.jpg,paper,train
paper/paper_2899.jpg,paper,train
paper/paper_2905.jpg,paper,train
paper/paper_2907.jpg,paper,train
paper/paper_2910.jpg,paper,train
paper/paper_2911.jpg,paper,train
paper/paper_2912.jpg,paper,train
paper/paper_2913.jpg,paper,train
paper/paper_2915.jpg,paper,train
paper/paper_2922.jpg,paper,train
paper/paper_2924.jpg,paper,train
paper/paper_2926.jpg,paper,train
paper/paper_2927.jpg,paper,train
paper/paper_2929.jpg,paper,train
paper/paper_2930.jpg,paper,train
paper/paper_2932.jpg,paper,train
paper/paper_2933.jpg,paper,train
paper/paper_2940.jpg,paper,train
paper/paper_2947.jpg,paper,train
paper/paper_2948.jpg,paper,train
paper/paper_2952.jpg,paper,train
paper/paper_2954.jpg,paper,train
paper/paper_2964.jpg,paper,train
paper/paper_2967.jpg,paper,train
paper/paper_2968.jpg,paper,train
paper/paper_2971.jpg,paper,train
paper/paper_2972.jpg,paper,train
paper/paper_2974.jpg,paper,train
paper/paper_2975.jpg,paper,train
paper/paper_2977.jpg,paper,train
paper/paper_2981.jpg,paper,train
paper/paper_2988.jpg,paper,train
paper/paper_2991.jpg,paper,train
paper/paper_2992.jpg,paper,train
paper/paper_2993.jpg,paper,train
paper/paper_2996.jpg,paper,train
paper/paper_2999.jpg,paper,train
paper/paper_3008.jpg,paper,train
paper/paper_3009.jpg,paper,train
paper/paper_3014.jpg,paper,train
paper/paper_3016.jpg,paper,train
paper/paper_3020.jpg,paper,train
paper/paper_3021.jpg,paper,train
paper/paper_3022.jpg,paper,train
paper/paper_3024.jpg,paper,train
paper/paper_3025.jpg,paper,train
paper/paper_3026.jpg,paper,train
paper/paper_3028.jpg,paper,train
paper/paper_3029.jpg,paper,train
paper/paper_3033.jpg,paper,train
paper/paper_3035.jpg,paper,train
paper/paper_3037.jpg,paper,train
paper/paper_3043.jpg,paper,train
paper/paper_3044.jpg,paper,train
paper/paper_3049.jpg,paper,train
paper/paper_3050.jpg,paper,train
paper/paper_3055.jpg,paper,train
paper/paper_3059.jpg,paper,train
paper/paper_3060.jpg,paper,train
paper/paper_3061.jpg,paper,train
paper/paper_3064.jpg,paper,train
paper/paper_3065.jpg,paper,train
paper/paper_3068.jpg,paper,train
paper/paper_3071.jpg,paper,train
paper/paper_3072.jpg,paper,train
paper/paper_3075.jpg,paper,train
paper/paper_3076.jpg,paper,train
paper/paper_3082.jpg,paper,train
paper/paper_3083.jpg,paper,train
paper/paper_3084.jpg,paper,train
paper/paper_3087.jpg,paper,train
paper/paper_3091.jpg,paper,train
paper/paper_3092.jpg,paper,train
paper/paper_3093.jpg,paper,train
paper/paper_3095.jpg,paper,train
paper/paper_3097.jpg,paper,train
paper/paper_3098.jpg,paper,train
paper/paper_3103.jpg,paper,train
paper/paper_3107.jpg,paper,train
paper/paper_3108.jpg,paper,train
paper/paper_3114.jpg,paper,train
paper/paper_3117.jpg,paper,train
paper/paper_3118.jpg,paper,train
paper/paper_3121.jpg,paper,train
paper/paper_3125.jpg,paper,train
paper/paper_3127.jpg,paper,train
paper/paper_3128.jpg,paper,train
paper/paper_3129.jpg,paper,train
paper/paper_3132.jpg,paper,train
paper/paper_3133.jpg,paper,train
paper/paper_3135.jpg,paper,train
paper/paper_3137.jpg,paper,train
paper/paper_3138.jpg,paper,train
paper/paper_3139.jpg,paper,train
paper/paper_3140.jpg,paper,train
paper/paper_3141.jpg,paper,train
paper/paper_3142.jpg,paper,train
paper/paper_3143.jpg,paper,train
paper/paper_3144.jpg,paper,train
paper/paper_3146.jpg,paper,train
paper/paper_3148.jpg,paper,train
paper/paper_3149.jpg,paper,train
paper/paper_3151.jpg,paper,train
paper/paper_3152.jpg,paper,train
paper/paper_3155.jpg,paper,train
paper/paper_3161.jpg,paper,train
paper/paper_3162.jpg,paper,train
paper/paper_3165.jpg,paper,train
paper/paper_3168.jpg,paper,train
paper/paper_3170.jpg,paper,train
paper/paper_3171.jpg,paper,train
paper/paper_3172.jpg,paper,train
paper/paper_3175.jpg,paper,train
paper/paper_3176.jpg,paper,train
paper/paper_3179.jpg,paper,train
paper/paper_3180.jpg,paper,train
paper/paper_3181.jpg,paper,train
paper/paper_3183.jpg,paper,train
paper/paper_3184.jpg,paper,train
paper/paper_3185.jpg,paper,train
paper/paper_3186.jpg,paper,train
paper/paper_3187.jpg,paper,train
paper/paper_3189.jpg,paper,train
paper/paper_3191.jpg,paper,train
paper/paper_3196.jpg,paper,train
paper/paper_3198.jpg,paper,train
paper/paper_3203.jpg,paper,train
paper/paper_3205.jpg,paper,train
paper/paper_3209.jpg,paper,train
paper/paper_3211.jpg,paper,train
paper/paper_3212.jpg,paper,train
paper/paper_3216.jpg,paper,train
paper/paper_3217.jpg,paper,train
paper/paper_3220.jpg,paper,train
paper/paper_3226.jpg,paper,train
paper/paper_3231.jpg,paper,train
paper/paper_3233.jpg,paper,train
paper/paper_3234.jpg,paper,train
paper/paper_3236.jpg,paper,train
paper/paper_3240.jpg,paper,train
paper/paper_3246.jpg,paper,train
paper/paper_3251.jpg,paper,train
paper/paper_3253.jpg,paper,train
paper/paper_335.jpg,paper,train
paper/paper_352.jpg,paper,train
paper/paper_363.jpg,paper,train
paper/paper_374.jpg,paper,train
paper/paper_385.jpg,paper,train
paper/paper_417.jpg,paper,train
paper/paper_431.jpg,paper,train
paper/paper_437.jpg,paper,train
paper/paper_444.jpg,paper,train
paper/paper_462.jpg,paper,train
paper/paper_475.jpg,paper,train
paper/paper_477.jpg,paper,train
paper/paper_503.jpg,paper,train
paper/paper_505.jpg,paper,train
paper/paper_520.jpg,paper,train
paper/paper_528.jpg,paper,train
paper/paper_530.jpg,paper,train
paper/paper_558.jpg,paper,train
paper/paper_566.jpg,paper,train
paper/paper_592.jpg,paper,train
paper/paper_594.jpg,paper,train
paper/paper_598.jpg,paper,train
paper/paper_599.jpg,paper,train
paper/paper_600.jpg,paper,train
paper/paper_601.jpg,paper,train
paper/paper_603.jpg,paper,train
paper/paper_605.jpg,paper,train
paper/paper_607.jpg,paper,train
paper/paper_611.jpg,paper,train
paper/paper_612.jpg,paper,train
paper/paper_614.jpg,paper,train
paper/paper_615.jpg,paper,train
paper/paper_616.jpg,paper,train
paper/paper_621.jpg,paper,train
paper/paper_627.jpg,paper,train
paper/paper_632.jpg,paper,train
paper/paper_635.jpg,paper,train
paper/paper_641.jpg,paper,train
paper/paper_642.jpg,paper,train
paper/paper_645.jpg,paper,train
paper/paper_647.jpg,paper,train
paper/paper_648.jpg,paper,train
paper/paper_649.jpg,paper,train
paper/paper_651.jpg,paper,train
paper/paper_652.jpg,paper,train
paper/paper_654.jpg,paper,train
paper/paper_656.jpg,paper,train
paper/paper_658.jpg,paper,train
paper/paper_660.jpg,paper,train
paper/paper_663.jpg,paper,train
paper/paper_667.jpg,paper,train
paper/paper_670.jpg,paper,train
paper/paper_671.jpg,paper,train
paper/paper_672.jpg,paper,train
paper/paper_678.jpg,paper,train
paper/paper_682.jpg,paper,train
paper/paper_684.jpg,paper,train
paper/paper_686.jpg,paper,train
paper/paper_688.jpg,paper,train
paper/paper_691.jpg,paper,train
paper/paper_693.jpg,paper,train
paper/paper_697.jpg,paper,train
paper/paper_698.jpg,paper,train
paper/paper_700.jpg,paper,train
paper/paper_701.jpg,paper,train
paper/paper_702.jpg,paper,train
paper/paper_704.jpg,paper,train
paper/paper_705.jpg,paper,train
paper/paper_709.jpg,paper,train
paper/paper_710.jpg,paper,train
paper/paper_712.jpg,paper,train
paper/paper_714.jpg,paper,train
paper/paper_715.jpg,paper,train
paper/paper_718.jpg,paper,train
paper/paper_719.jpg,paper,train
paper/paper_721.jpg,paper,train
paper/paper_722.jpg,paper,train
paper/paper_724.jpg,paper,train
paper/paper_727.jpg,paper,train
paper/paper_730.jpg,paper,train
paper/paper_733.jpg,paper,train
paper/paper_734.jpg,paper,train
paper/paper_740.jpg,paper,train
paper/paper_741.jpg,paper,train
paper/paper_742.jpg,paper,train
paper/paper_745.jpg,paper,train
paper/paper_746.jpg,paper,train
paper/paper_750.jpg,paper,train
paper/paper_758.jpg,paper,train
paper/paper_759.jpg,paper,train
paper/paper_761.jpg,paper,train
paper/paper_762.jpg,paper,train
paper/paper_765.jpg,paper,train
paper/paper_767.jpg,paper,train
paper/paper_770.jpg,paper,train
paper/paper_773.jpg,paper,train
paper/paper_776.jpg,paper,train
paper/paper_777.jpg,paper,train
paper/paper_781.jpg,paper,train
paper/paper_784.jpg,paper,train
paper/paper_785.jpg,paper,train
paper/paper_786.jpg,paper,train
paper/paper_787.jpg,paper,train
paper/paper_789.jpg,paper,train
paper/paper_791.jpg,paper,train
paper/paper_793.jpg,paper,train
paper/paper_795.jpg,paper,train
paper/paper_797.jpg,paper,train
paper/paper_799.jpg,paper,train
paper/paper_801.jpg,paper,train
paper/paper_803.jpg,paper,train
paper/paper_804.jpg,paper,train
paper/paper_805.jpg,paper,train
paper/paper_806.jpg,paper,train
paper/paper_808.jpg,paper,train
paper/paper_809.jpg,paper,train
paper/paper_810.jpg,paper,train
paper/paper_813.jpg,paper,train
paper/paper_814.jpg,paper,train
paper/paper_815.jpg,paper,train
paper/paper_821.jpg,paper,train
paper/paper_824.jpg,paper,train
paper/paper_826.jpg,paper,train
paper/paper_827.jpg,paper,train
paper/paper_832.jpg,paper,train
paper/paper_837.jpg,paper,train
paper/paper_842.jpg,paper,train
paper/paper_843.jpg,paper,train
paper/paper_845.jpg,paper,train
paper/paper_855.jpg,paper,train
paper/paper_856.jpg,paper,train
paper/paper_857.jpg,paper,train
paper/paper_859.jpg,paper,train
paper/paper_863.jpg,paper,train
paper/paper_865.jpg,paper,train
paper/paper_868.jpg,paper,train
paper/paper_870.jpg,paper,train
paper/paper_873.jpg,paper,train
paper/paper_878.jpg,paper,train
paper/paper_881.jpg,paper,train
paper/paper_882.jpg,paper,train
paper/paper_885.jpg,paper,train
paper/paper_886.jpg,paper,train
paper/paper_887.jpg,paper,train
paper/paper_895.jpg,paper,train
paper/paper_907.jpg,paper,train
paper/paper_908.jpg,paper,train
paper/paper_909.jpg,paper,train
paper/paper_910.jpg,paper,train
paper/paper_915.jpg,paper,train
paper/paper_916.jpg,paper,train
paper/paper_917.jpg,paper,train
paper/paper_922.jpg,paper,train
paper/paper_925.jpg,paper,train
paper/paper_926.jpg,paper,train
paper/paper_928.jpg,paper,train
paper/paper_930.jpg,paper,train
paper/paper_931.jpg,paper,train
paper/paper_933.jpg,paper,train
paper/paper_934.jpg,paper,train
paper/paper_935.jpg,paper,train
paper/paper_936.jpg,paper,train
paper/paper_937.jpg,paper,train
paper/paper_940.jpg,paper,train
paper/paper_942.jpg,paper,train
paper/paper_945.jpg,paper,train
paper/paper_948.jpg,paper,train
paper/paper_951.jpg,paper,train
paper/paper_952.jpg,paper,train
paper/paper_957.jpg,paper,train
paper/paper_958.jpg,paper,train
paper/paper_959.jpg,paper,train
paper/paper_963.jpg,paper,train
paper/paper_965.jpg,paper,train
paper/paper_966.jpg,paper,train
paper/paper_967.jpg,paper,train
paper/paper_969.jpg,paper,train
paper/paper_971.jpg,paper,train
paper/paper_972.jpg,paper,train
paper/paper_977.jpg,paper,train
paper/paper_982.jpg,paper,train
paper/paper_984.jpg,paper,train
paper/paper_988.jpg,paper,train
paper/paper_989.jpg,paper,train
paper/paper_991.jpg,paper,train
paper/paper_993.jpg,paper,train
paper/paper_994.jpg,paper,train
paper/paper_998.jpg,paper,train
plastic/plastic_100.jpg,plastic,train
plastic/plastic_1000.jpg,plastic,train
plastic/plastic_1007.jpg,plastic,train
plastic/plastic_1008.jpg,plastic,train
plastic/plastic_1012.jpg,plastic,train
plastic/plastic_1014.jpg,plastic,train
plastic/plastic_1019.jpg,plastic,train
plastic/plastic_102.jpg,plastic,train
plastic/plastic_1026.jpg,plastic,train
plastic/plastic_1028.jpg,plastic,train
plastic/plastic_103.jpg,plastic,train
plastic/plastic_1034.jpg,plastic,train
plastic/plastic_1038.jpg,plastic,train
plastic/plastic_104.jpg,plastic,train
plastic/plastic_1042.jpg,plastic,train
plastic/plastic_1049.jpg,plastic,train
plastic/plastic_105.jpg,plastic,train
plastic/plastic_1057.jpg,plastic,train
plastic/plastic_106.jpg,plastic,train
plastic/plastic_1064.jpg,plastic,train
plastic/plastic_1070.jpg,plastic,train
plastic/plastic_1073.jpg,plastic,train
plastic/plastic_1074.jpg,plastic,train
plastic/plastic_1079.jpg,plastic,train
plastic/plastic_1085.jpg,plastic,train
plastic/plastic_1089.jpg,plastic,train
plastic/plastic_1091.jpg,plastic,train
plastic/plastic_1096.jpg,plastic,train
plastic/plastic_11.jpg,plastic,train
plastic/plastic_1100.jpg,plastic,train
plastic/plastic_1101.jpg,plastic,train
plastic/plastic_1103.jpg,plastic,train
plastic/plastic_111.jpg,plastic,train
plastic/plastic_1112.jpg,plastic,train
plastic/plastic_1115.jpg,plastic,train
plastic/plastic_1123.jpg,plastic,train
plastic/plastic_1126.jpg,plastic,train
plastic/plastic_113.jpg,plastic,train
plastic/plastic_1131.jpg,plastic,train
plastic/plastic_1133.jpg,plastic,train
plastic/plastic_114.jpg,plastic,train
plastic/plastic_1142.jpg,plastic,train
plastic/plastic_1148.jpg,plastic,train
plastic/plastic_115.jpg,plastic,train
plastic/plastic_1152.jpg,plastic,train
plastic/plastic_1155.jpg,plastic,train
plastic/plastic_1157.jpg,plastic,train
plastic/plastic_1159.jpg,plastic,train
plastic/plastic_1162.jpg,plastic,train
plastic/plastic_1163.jpg,plastic,train
plastic/plastic_1166.jpg,plastic,train
plastic/plastic_1168.jpg,plastic,train
plastic/plastic_1169.jpg,plastic,train
plastic/plastic_117.jpg,plastic,train
plastic/plastic_1170.jpg,plastic,train
plastic/plastic_1172.jpg,plastic,train
plastic/plastic_1173.jpg,plastic,train
plastic/plastic_118.jpg,plastic,train
plastic/plastic_1180.jpg,plastic,train
plastic/plastic_1186.jpg,plastic,train
plastic/plastic_1191.jpg,plastic,train
plastic/plastic_1193.jpg,plastic,train
plastic/plastic_120.jpg,plastic,train
plastic/plastic_1202.jpg,plastic,train
plastic/plastic_121.jpg,plastic,train
plastic/plastic_1211.jpg,plastic,train
plastic/plastic_1217.jpg,plastic,train
plastic/plastic_122.jpg,plastic,train
plastic/plastic_1220.jpg,plastic,train
plastic/plastic_1224.jpg,plastic,train
plastic/plastic_1228.jpg,plastic,train
plastic/plastic_1233.jpg,plastic,train
plastic/plastic_1244.jpg,plastic,train
plastic/plastic_1247.jpg,plastic,train
plastic/plastic_1249.jpg,plastic,train
plastic/plastic_125.jpg,plastic,train
plastic/plastic_1252.jpg,plastic,train
plastic/plastic_1260.jpg,plastic,train
plastic/plastic_1261.jpg,plastic,train
plastic/plastic_1268.jpg,plastic,train
plastic/plastic_1269.jpg,plastic,train
plastic/plastic_127.jpg,plastic,train
plastic/plastic_1271.jpg,plastic,train
plastic/plastic_1274.jpg,plastic,train
plastic/plastic_1275.jpg,plastic,train
plastic/plastic_128.jpg,plastic,train
plastic/plastic_1280.jpg,plastic,train
plastic/plastic_1281.jpg,plastic,train
plastic/plastic_1285.jpg,plastic,train
plastic/plastic_1286.jpg,plastic,train
plastic/plastic_129.jpg,plastic,train
plastic/plastic_1290.jpg,plastic,train
plastic/plastic_1295.jpg,plastic,train
plastic/plastic_1298.jpg,plastic,train
plastic/plastic_130.jpg,plastic,train
plastic/plastic_1301.jpg,plastic,train
plastic/plastic_1304.jpg,plastic,train
plastic/plastic_1308.jpg,plastic,train
plastic/plastic_131.jpg,plastic,train
plastic/plastic_1311.jpg,plastic,train
plastic/plastic_1312.jpg,plastic,train
plastic/plastic_1314.jpg,plastic,train
plastic/plastic_1318.jpg,plastic,train
plastic/plastic_1321.jpg,plastic,train
plastic/plastic_1324.jpg,plastic,train
plastic/plastic_1326.jpg,plastic,train
plastic/plastic_133.jpg,plastic,train
plastic/plastic_1333.jpg,plastic,train
plastic/plastic_1338.jpg,plastic,train
plastic/plastic_1343.jpg,plastic,train
plastic/plastic_1345.jpg,plastic,train
plastic/plastic_1349.jpg,plastic,train
plastic/plastic_1351.jpg,plastic,train
plastic/plastic_1356.jpg,plastic,train
plastic/plastic_136.jpg,plastic,train
plastic/plastic_1362.jpg,plastic,train
plastic/plastic_1363.jpg,plastic,train
plastic/plastic_1368.jpg,plastic,train
plastic/plastic_1369.jpg,plastic,train
plastic/plastic_137.jpg,plastic,train
plastic/plastic_1370.jpg,plastic,train
plastic/plastic_1372.jpg,plastic,train
plastic/plastic_1373.jpg,plastic,train
plastic/plastic_1374.jpg,plastic,train
plastic/plastic_1375.jpg,plastic,train
plastic/plastic_1377.jpg,plastic,train
plastic/plastic_1378.jpg,plastic,train
plastic/plastic_138.jpg,plastic,train
plastic/plastic_1381.jpg,plastic,train
plastic/plastic_1384.jpg,plastic,train
plastic/plastic_1385.jpg,plastic,train
plastic/plastic_1387.jpg,plastic,train
plastic/plastic_1388.jpg,plastic,train
plastic/plastic_1390.jpg,plastic,train
plastic/plastic_1393.jpg,plastic,train
plastic/plastic_1394.jpg,plastic,train
plastic/plastic_1395.jpg,plastic,train
plastic/plastic_1398.jpg,plastic,train
plastic/plastic_140.jpg,plastic,train
plastic/plastic_1400.jpg,plastic,train
plastic/plastic_1403.jpg,plastic,train
plastic/plastic_141.jpg,plastic,train
plastic/plastic_1410.jpg,plastic,train
plastic/plastic_1411.jpg,plastic,train
plastic/plastic_1417.jpg,plastic,train
plastic/plastic_1418.jpg,plastic,train
plastic/plastic_1423.jpg,plastic,train
plastic/plastic_1427.jpg,plastic,train
plastic/plastic_1428.jpg,plastic,train
plastic/plastic_143.jpg,plastic,train
plastic/plastic_1430.jpg,plastic,train
plastic/plastic_1433.jpg,plastic,train
plastic/plastic_1437.jpg,plastic,train
plastic/plastic_1439.jpg,plastic,train
plastic/plastic_144.jpg,plastic,train
plastic/plastic_1443.jpg,plastic,train
plastic/plastic_1444.jpg,plastic,train
plastic/plastic_1445.jpg,plastic,train
plastic/plastic_1446.jpg,plastic,train
plastic/plastic_1448.jpg,plastic,train
plastic/plastic_1449.jpg,plastic,train
plastic/plastic_1450.jpg,plastic,train
plastic/plastic_1452.jpg,plastic,train
plastic/plastic_1455.jpg,plastic,train
plastic/plastic_1457.jpg,plastic,train
plastic/plastic_1458.jpg,plastic,train
plastic/plastic_1459.jpg,plastic,train
plastic/plastic_146.jpg,plastic,train
plastic/plastic_1461.jpg,plastic,train
plastic/plastic_1462.jpg,plastic,train
plastic/plastic_1464.jpg,plastic,train
plastic/plastic_1465.jpg,plastic,train
plastic/plastic_1467.jpg,plastic,train
plastic/plastic_1470.jpg,plastic,train
plastic/plastic_1471.jpg,plastic,train
plastic/plastic_1472.jpg,plastic,train
plastic/plastic_1473.jpg,plastic,train
plastic/plastic_1476.jpg,plastic,train
plastic/plastic_148.jpg,plastic,train
plastic/plastic_1480.jpg,plastic,train
plastic/plastic_1482.jpg,plastic,train
plastic/plastic_1485.jpg,plastic,train
plastic/plastic_1486.jpg,plastic,train
plastic/plastic_1487.jpg,plastic,train
plastic/plastic_149.jpg,plastic,train
plastic/plastic_1490.jpg,plastic,train
plastic/plastic_1491.jpg,plastic,train
plastic/plastic_1492.jpg,plastic,train
plastic/plastic_1495.jpg,plastic,train
plastic/plastic_1497.jpg,plastic,train
plastic/plastic_1498.jpg,plastic,train
plastic/plastic_150.jpg,plastic,train
plastic/plastic_1500.jpg,plastic,train
plastic/plastic_1502.jpg,plastic,train
plastic/plastic_1503.jpg,plastic,train
plastic/plastic_1504.jpg,plastic,train
plastic/plastic_1505.jpg,plastic,train
plastic/plastic_1506.jpg,plastic,train
plastic/plastic_1508.jpg,plastic,train
plastic/plastic_1509.jpg,plastic,train
plastic/plastic_1510.jpg,plastic,train
plastic/plastic_1511.jpg,plastic,train
plastic/plastic_1512.jpg,plastic,train
plastic/plastic_1513.jpg,plastic,train
plastic/plastic_1514.jpg,plastic,train
plastic/plastic_1515.jpg,plastic,train
plastic/plastic_1518.jpg,plastic,train
plastic/plastic_1519.jpg,plastic,train
plastic/plastic_152.jpg,plastic,train
plastic/plastic_1520.jpg,plastic,train
plastic/plastic_1521.jpg,plastic,train
plastic/plastic_1523.jpg,plastic,train
plastic/plastic_1527.jpg,plastic,train
plastic/plastic_1529.jpg,plastic,train
plastic/plastic_1530.jpg,plastic,train
plastic/plastic_1533.jpg,plastic,train
plastic/plastic_1534.jpg,plastic,train
plastic/plastic_1538.jpg,plastic,train
plastic/plastic_1539.jpg,plastic,train
plastic/plastic_1543.jpg,plastic,train
plastic/plastic_1544.jpg,plastic,train
plastic/plastic_1545.jpg,plastic,train
plastic/plastic_1546.jpg,plastic,train
plastic/plastic_1547.jpg,plastic,train
plastic/plastic_155.jpg,plastic,train
plastic/plastic_1550.jpg,plastic,train
plastic/plastic_1551.jpg,plastic,train
plastic/plastic_1554.jpg,plastic,train
plastic/plastic_1556.jpg,plastic,train
plastic/plastic_1558.jpg,plastic,train
plastic/plastic_1559.jpg,plastic,train
plastic/plastic_1562.jpg,plastic,train
plastic/plastic_1563.jpg,plastic,train
plastic/plastic_1565.jpg,plastic,train
plastic/plastic_1566.jpg,plastic,train
plastic/plastic_1568.jpg,plastic,train
plastic/plastic_1569.jpg,plastic,train
plastic/plastic_157.jpg,plastic,train
plastic/plastic_1571.jpg,plastic,train
plastic/plastic_1574.jpg,plastic,train
plastic/plastic_1575.jpg,plastic,train
plastic/plastic_1578.jpg,plastic,train
plastic/plastic_1582.jpg,plastic,train
plastic/plastic_1583.jpg,plastic,train
plastic/plastic_1584.jpg,plastic,train
plastic/plastic_1587.jpg,plastic,train
plastic/plastic_1588.jpg,plastic,train
plastic/plastic_1589.jpg,plastic,train
plastic/plastic_159.jpg,plastic,train
plastic/plastic_1590.jpg,plastic,train
plastic/plastic_1591.jpg,plastic,train
plastic/plastic_1592.jpg,plastic,train
plastic/plastic_1595.jpg,plastic,train
plastic/plastic_1596.jpg,plastic,train
plastic/plastic_16.jpg,plastic,train
plastic/plastic_160.jpg,plastic,train
plastic/plastic_1600.jpg,plastic,train
plastic/plastic_1601.jpg,plastic,train
plastic/plastic_1603.jpg,plastic,train
plastic/plastic_1608.jpg,plastic,train
plastic/plastic_1609.jpg,plastic,train
plastic/plastic_161.jpg,plastic,train
plastic/plastic_1610.jpg,plastic,train
plastic/plastic_1611.jpg,plastic,train
plastic/plastic_1614.jpg,plastic,train
plastic/plastic_1615.jpg,plastic,train
plastic/plastic_1616.jpg,plastic,train
plastic/plastic_1624.jpg,plastic,train
plastic/plastic_1626.jpg,plastic,train
plastic/plastic_1627.jpg,plastic,train
plastic/plastic_1629.jpg,plastic,train
plastic/plastic_163.jpg,plastic,train
plastic/plastic_1630.jpg,plastic,train
plastic/plastic_1631.jpg,plastic,train
plastic/plastic_1632.jpg,plastic,train
plastic/plastic_1633.jpg,plastic,train
plastic/plastic_1634.jpg,plastic,train
plastic/plastic_1635.jpg,plastic,train
plastic/plastic_1638.jpg,plastic,train
plastic/plastic_1640.jpg,plastic,train
plastic/plastic_1641.jpg,plastic,train
plastic/plastic_1643.jpg,plastic,train
plastic/plastic_1644.jpg,plastic,train
plastic/plastic_1645.jpg,plastic,train
plastic/plastic_1646.jpg,plastic,train
plastic/plastic_1647.jpg,plastic,train
plastic/plastic_1649.jpg,plastic,train
plastic/plastic_1652.jpg,plastic,train
plastic/plastic_1653.jpg,plastic,train
plastic/plastic_1654.jpg,plastic,train
plastic/plastic_1655.jpg,plastic,train
plastic/plastic_1658.jpg,plastic,train
plastic/plastic_166.jpg,plastic,train
plastic/plastic_1661.jpg,plastic,train
plastic/plastic_1662.jpg,plastic,train
plastic/plastic_1664.jpg,plastic,train
plastic/plastic_1665.jpg,plastic,train
plastic/plastic_1668.jpg,plastic,train
plastic/plastic_1669.jpg,plastic,train
plastic/plastic_1671.jpg,plastic,train
plastic/plastic_1672.jpg,plastic,train
plastic/plastic_1675.jpg,plastic,train
plastic/plastic_1676.jpg,plastic,train
plastic/plastic_1678.jpg,plastic,train
plastic/plastic_1680.jpg,plastic,train
plastic/plastic_1682.jpg,plastic,train
plastic/plastic_1684.jpg,plastic,train
plastic/plastic_1687.jpg,plastic,train
plastic/plastic_1688.jpg,plastic,train
plastic/plastic_1689.jpg,plastic,train
plastic/plastic_169.jpg,plastic,train
plastic/plastic_1690.jpg,plastic,train
plastic/plastic_1692.jpg,plastic,train
plastic/plastic_1695.jpg,plastic,train
plastic/plastic_1698.jpg,plastic,train
plastic/plastic_1699.jpg,plastic,train
plastic/plastic_17.jpg,plastic,train
plastic/plastic_170.jpg,plastic,train
plastic/plastic_1701.jpg,plastic,train
plastic/plastic_1705.jpg,plastic,train
plastic/plastic_1707.jpg,plastic,train
plastic/plastic_171.jpg,plastic,train
plastic/plastic_1710.jpg,plastic,train
plastic/plastic_1712.jpg,plastic,train
plastic/plastic_1714.jpg,plastic,train
plastic/plastic_1716.jpg,plastic,train
plastic/plastic_1718.jpg,plastic,train
plastic/plastic_1719.jpg,plastic,train
plastic/plastic_172.jpg,plastic,train
plastic/plastic_1721.jpg,plastic,train
plastic/plastic_1722.jpg,plastic,train
plastic/plastic_1724.jpg,plastic,train
plastic/plastic_1725.jpg,plastic,train
plastic/plastic_173.jpg,plastic,train
plastic/plastic_1731.jpg,plastic,train
plastic/plastic_1732.jpg,plastic,train
plastic/plastic_1737.jpg,plastic,train
plastic/plastic_1738.jpg,plastic,train
plastic/plastic_1739.jpg,plastic,train
plastic/plastic_174.jpg,plastic,train
plastic/plastic_1740.jpg,plastic,train
plastic/plastic_1742.jpg,plastic,train
plastic/plastic_1746.jpg,plastic,train
plastic/plastic_1748.jpg,plastic,train
plastic/plastic_1749.jpg,plastic,train
plastic/plastic_1752.jpg,plastic,train
plastic/plastic_1753.jpg,plastic,train
plastic/plastic_1754.jpg,plastic,train
plastic/plastic_1757.jpg,plastic,train
plastic/plastic_1758.jpg,plastic,train
plastic/plastic_1760.jpg,plastic,train
plastic/plastic_1761.jpg,plastic,train
plastic/plastic_1764.jpg,plastic,train
plastic/plastic_1767.jpg,plastic,train
plastic/plastic_1769.jpg,plastic,train
plastic/plastic_1772.jpg,plastic,train
plastic/plastic_1773.jpg,plastic,train
plastic/plastic_1776.jpg,plastic,train
plastic/plastic_1777.jpg,plastic,train
plastic/plastic_1779.jpg,plastic,train
plastic/plastic_178.jpg,plastic,train
plastic/plastic_1781.jpg,plastic,train
plastic/plastic_1782.jpg,plastic,train
plastic/plastic_1784.jpg,plastic,train
plastic/plastic_1786.jpg,plastic,train
plastic/plastic_1787.jpg,plastic,train
plastic/plastic_1791.jpg,plastic,train
plastic/plastic_1792.jpg,plastic,train
plastic/plastic_1794.jpg,plastic,train
plastic/plastic_1796.jpg,plastic,train
plastic/plastic_1798.jpg,plastic,train
plastic/plastic_1799.jpg,plastic,train
plastic/plastic_18.jpg,plastic,train
plastic/plastic_1801.jpg,plastic,train
plastic/plastic_1808.jpg,plastic,train
plastic/plastic_1812.jpg,plastic,train
plastic/plastic_1815.jpg,plastic,train
plastic/plastic_1816.jpg,plastic,train
plastic/plastic_1817.jpg,plastic,train
plastic/plastic_1820.jpg,plastic,train
plastic/plastic_1823.jpg,plastic,train
plastic/plastic_1824.jpg,plastic,train
plastic/plastic_1826.jpg,plastic,train
plastic/plastic_1828.jpg,plastic,train
plastic/plastic_1830.jpg,plastic,train
plastic/plastic_1833.jpg,plastic,train
plastic/plastic_1835.jpg,plastic,train
plastic/plastic_1836.jpg,plastic,train
plastic/plastic_184.jpg,plastic,train
plastic/plastic_1840.jpg,plastic,train
plastic/plastic_1843.jpg,plastic,train
plastic/plastic_1844.jpg,plastic,train
plastic/plastic_1845.jpg,plastic,train
plastic/plastic_1846.jpg,plastic,train
plastic/plastic_1847.jpg,plastic,train
plastic/plastic_1848.jpg,plastic,train
plastic/plastic_1850.jpg,plastic,train
plastic/plastic_1851.jpg,plastic,train
plastic/plastic_1853.jpg,plastic,train
plastic/plastic_1855.jpg,plastic,train
plastic/plastic_1856.jpg,plastic,train
plastic/plastic_1858.jpg,plastic,train
plastic/plastic_1859.jpg,plastic,train
plastic/plastic_1861.jpg,plastic,train
plastic/plastic_1862.jpg,plastic,train
plastic/plastic_1864.jpg,plastic,train
plastic/plastic_1865.jpg,plastic,train
plastic/plastic_1868.jpg,plastic,train
plastic/plastic_187.jpg,plastic,train
plastic/plastic_1874.jpg,plastic,train
plastic/plastic_1875.jpg,plastic,train
plastic/plastic_1877.jpg,plastic,train
plastic/plastic_1878.jpg,plastic,train
plastic/plastic_1879.jpg,plastic,train
plastic/plastic_188.jpg,plastic,train
plastic/plastic_1880.jpg,plastic,train
plastic/plastic_1884.jpg,plastic,train
plastic/plastic_1885.jpg,plastic,train
plastic/plastic_1886.jpg,plastic,train
plastic/plastic_1888.jpg,plastic,train
plastic/plastic_189.jpg,plastic,train
plastic/plastic_1890.jpg,plastic,train
plastic/plastic_1892.jpg,plastic,train
plastic/plastic_1893.jpg,plastic,train
plastic/plastic_1896.jpg,plastic,train
plastic/plastic_1897.jpg,plastic,train
plastic/plastic_1899.jpg,plastic,train
plastic/plastic_1900.jpg,plastic,train
plastic/plastic_1901.jpg,plastic,train
plastic/plastic_1903.jpg,plastic,train
plastic/plastic_1905.jpg,plastic,train
plastic/plastic_1908.jpg,plastic,train
plastic/plastic_191.jpg,plastic,train
plastic/plastic_1910.jpg,plastic,train
plastic/plastic_1911.jpg,plastic,train
plastic/plastic_1912.jpg,plastic,train
plastic/plastic_1913.jpg,plastic,train
plastic/plastic_1918.jpg,plastic,train
plastic/plastic_1919.jpg,plastic,train
plastic/plastic_1920.jpg,plastic,train
plastic/plastic_1921.jpg,plastic,train
plastic/plastic_1922.jpg,plastic,train
plastic/plastic_1925.jpg,plastic,train
plastic/plastic_1926.jpg,plastic,train
plastic/plastic_1927.jpg,plastic,train
plastic/plastic_1928.jpg,plastic,train
plastic/plastic_1930.jpg,plastic,train
plastic/plastic_1933.jpg,plastic,train
plastic/plastic_1935.jpg,plastic,train
plastic/plastic_1936.jpg,plastic,train
plastic/plastic_1937.jpg,plastic,train
plastic/plastic_1938.jpg,plastic,train
plastic/plastic_194.jpg,plastic,train
plastic/plastic_1940.jpg,plastic,train
plastic/plastic_1941.jpg,plastic,train
plastic/plastic_1942.jpg,plastic,train
plastic/plastic_1945.jpg,plastic,train
plastic/plastic_1948.jpg,plastic,train
plastic/plastic_1949.jpg,plastic,train
plastic/plastic_195.jpg,plastic,train
plastic/plastic_1953.jpg,plastic,train
plastic/plastic_1955.jpg,plastic,train
plastic/plastic_1956.jpg,plastic,train
plastic/plastic_1957.jpg,plastic,train
plastic/plastic_196.jpg,plastic,train
plastic/plastic_1960.jpg,plastic,train
plastic/plastic_1961.jpg,plastic,train
plastic/plastic_1962.jpg,plastic,train
plastic/plastic_1964.jpg,plastic,train
plastic/plastic_1966.jpg,plastic,train
plastic/plastic_1969.jpg,plastic,train
plastic/plastic_197.jpg,plastic,train
plastic/plastic_1971.jpg,plastic,train
plastic/plastic_1974.jpg,plastic,train
plastic/plastic_1975.jpg,plastic,train
plastic/plastic_1976.jpg,plastic,train
plastic/plastic_1979.jpg,plastic,train
plastic/plastic_198.jpg,plastic,train
plastic/plastic_1981.jpg,plastic,train
plastic/plastic_1985.jpg,plastic,train
plastic/plastic_1986.jpg,plastic,train
plastic/plastic_1993.jpg,plastic,train
plastic/plastic_1998.jpg,plastic,train
plastic/plastic_1999.jpg,plastic,train
plastic/plastic_2.jpg,plastic,train
plastic/plastic_200.jpg,plastic,train
plastic/plastic_2002.jpg,plastic,train
plastic/plastic_2006.jpg,plastic,train
plastic/plastic_2007.jpg,plastic,train
plastic/plastic_2008.jpg,plastic,train
plastic/plastic_201.jpg,plastic,train
plastic/plastic_2010.jpg,plastic,train
plastic/plastic_2012.jpg,plastic,train
plastic/plastic_2013.jpg,plastic,train
plastic/plastic_2015.jpg,plastic,train
plastic/plastic_2016.jpg,plastic,train
plastic/plastic_2017.jpg,plastic,train
plastic/plastic_2018.jpg,plastic,train
plastic/plastic_2019.jpg,plastic,train
plastic/plastic_2022.jpg,plastic,train
plastic/plastic_2023.jpg,plastic,train
plastic/plastic_2024.jpg,plastic,train
plastic/plastic_20240626_150431.jpg,plastic,train
plastic/plastic_20240626_150438.jpg,plastic,train
plastic/plastic_20240626_151949.jpg,plastic,train
plastic/plastic_20240626_154808.jpg,plastic,train
plastic/plastic_20240626_155658.jpg,plastic,train
plastic/plastic_20240626_163312.jpg,plastic,train
plastic/plastic_20240626_163816.jpg,plastic,train
plastic/plastic_20240626_170250.jpg,plastic,train
plastic/plastic_20240626_170255.jpg,plastic,train
plastic/plastic_20240703_112139.jpg,plastic,train
plastic/plastic_20240703_112145.jpg,plastic,train
plastic/plastic_20240704_145403.jpg,plastic,train
plastic/plastic_20240713_122141.jpg,plastic,train
plastic/plastic_20240713_122205.jpg,plastic,train
plastic/plastic_20240718_093858.jpg,plastic,train
plastic/plastic_20240718_103558.jpg,plastic,train
plastic/plastic_20240718_103600.jpg,plastic,train
plastic/plastic_20240718_103602.jpg,plastic,train
plastic/plastic_20240718_103607.jpg,plastic,train
plastic/plastic_20240718_103610.jpg,plastic,train
plastic/plastic_20240725_160620.jpg,plastic,train
plastic/plastic_20241.png,plastic,train
plastic/plastic_20241210_094011.jpg,plastic,train
plastic/plastic_20241210_094024.jpg,plastic,train
plastic/plastic_20241210_094050.jpg,plastic,train
plastic/plastic_20241210_094105.jpg,plastic,train
plastic/plastic_20241210_094115.jpg,plastic,train
plastic/plastic_20241210_094127.jpg,plastic,train
plastic/plastic_20241210_094149.jpg,plastic,train
plastic/plastic_20241210_094251.jpg,plastic,train
plastic/plastic_20241210_100801.jpg,plastic,train
plastic/plastic_20241210_100809.jpg,plastic,train
plastic/plastic_20241210_104441.jpg,plastic,train
plastic/plastic_20241210_104837.jpg,plastic,train
plastic/plastic_20241210_105411.jpg,plastic,train
plastic/plastic_20241210_105415.jpg,plastic,train
plastic/plastic_20241210_105432.jpg,plastic,train
plastic/plastic_20241210_132912.jpg,plastic,train
plastic/plastic_20241210_134802.jpg,plastic,train
plastic/plastic_20241210_134810.jpg,plastic,train
plastic/plastic_20241210_152543.jpg,plastic,train
plastic/plastic_20241210_152556.jpg,plastic,train
plastic/plastic_20241210_152832.jpg,plastic,train
plastic/plastic_20242.jpg,plastic,train
plastic/plastic_20242.png,plastic,train
plastic/plastic_20243.jpg,plastic,train
plastic/plastic_20243.png,plastic,train
plastic/plastic_20244.jpg,plastic,train
plastic/plastic_20245.jpg,plastic,train
plastic/plastic_20245.png,plastic,train
plastic/plastic_20246.jpg,plastic,train
plastic/plastic_20247.jpg,plastic,train
plastic/plastic_20249.jpg,plastic,train
plastic/plastic_2025.jpg,plastic,train
plastic/plastic_2027.jpg,plastic,train
plastic/plastic_2028.jpg,plastic,train
plastic/plastic_203.jpg,plastic,train
plastic/plastic_2031.jpg,plastic,train
plastic/plastic_2032.jpg,plastic,train
plastic/plastic_2033.jpg,plastic,train
plastic/plastic_2034.jpg,plastic,train
plastic/plastic_2037.jpg,plastic,train
plastic/plastic_2038.jpg,plastic,train
plastic/plastic_2039.jpg,plastic,train
plastic/plastic_204.jpg,plastic,train
plastic/plastic_2041.jpg,plastic,train
plastic/plastic_2042.jpg,plastic,train
plastic/plastic_2043.jpg,plastic,train
plastic/plastic_2046.jpg,plastic,train
plastic/plastic_2048.jpg,plastic,train
plastic/plastic_2049.jpg,plastic,train
plastic/plastic_205.jpg,plastic,train
plastic/plastic_2050.jpg,plastic,train
plastic/plastic_2054.jpg,plastic,train
plastic/plastic_2058.jpg,plastic,train
plastic/plastic_2059.jpg,plastic,train
plastic/plastic_2061.jpg,plastic,train
plastic/plastic_2063.jpg,plastic,train
plastic/plastic_2064.jpg,plastic,train
plastic/plastic_2065.jpg,plastic,train
plastic/plastic_2066.jpg,plastic,train
plastic/plastic_2068.jpg,plastic,train
plastic/plastic_2069.jpg,plastic,train
plastic/plastic_2070.jpg,plastic,train
plastic/plastic_2071.jpg,plastic,train
plastic/plastic_2072.jpg,plastic,train
plastic/plastic_2073.jpg,plastic,train
plastic/plastic_2074.jpg,plastic,train
plastic/plastic_2075.jpg,plastic,train
plastic/plastic_2076.jpg,plastic,train
plastic/plastic_2077.jpg,plastic,train
plastic/plastic_208.jpg,plastic,train
plastic/plastic_2080.jpg,plastic,train
plastic/plastic_2084.jpg,plastic,train
plastic/plastic_2086.jpg,plastic,train
plastic/plastic_2087.jpg,plastic,train
plastic/plastic_209.jpg,plastic,train
plastic/plastic_2090.jpg,plastic,train
plastic/plastic_2094.jpg,plastic,train
plastic/plastic_2097.jpg,plastic,train
plastic/plastic_2099.jpg,plastic,train
plastic/plastic_21.jpg,plastic,train
plastic/plastic_2104.jpg,plastic,train
plastic/plastic_2110.jpg,plastic,train
plastic/plastic_2111.jpg,plastic,train
plastic/plastic_2113.jpg,plastic,train
plastic/plastic_2119.jpg,plastic,train
plastic/plastic_2125.jpg,plastic,train
plastic/plastic_2126.jpg,plastic,train
plastic/plastic_2127.jpg,plastic,train
plastic/plastic_2128.jpg,plastic,train
plastic/plastic_2130.jpg,plastic,train
plastic/plastic_2131.jpg,plastic,train
plastic/plastic_2132.jpg,plastic,train
plastic/plastic_2133.jpg,plastic,train
plastic/plastic_2137.jpg,plastic,train
plastic/plastic_2140.jpg,plastic,train
plastic/plastic_2141.jpg,plastic,train
plastic/plastic_2142.jpg,plastic,train
plastic/plastic_2147.jpg,plastic,train
plastic/plastic_2148.jpg,plastic,train
plastic/plastic_2149.jpg,plastic,train
plastic/plastic_215.jpg,plastic,train
plastic/plastic_2150.jpg,plastic,train
plastic/plastic_2151.jpg,plastic,train
plastic/plastic_2152.jpg,plastic,train
plastic/plastic_2153.jpg,plastic,train
plastic/plastic_2155.jpg,plastic,train
plastic/plastic_2156.jpg,plastic,train
plastic/plastic_2157.jpg,plastic,train
plastic/plastic_2158.jpg,plastic,train
plastic/plastic_216.jpg,plastic,train
plastic/plastic_2162.jpg,plastic,train
plastic/plastic_2163.jpg,plastic,train
plastic/plastic_2166.jpg,plastic,train
plastic/plastic_2167.jpg,plastic,train
plastic/plastic_217.jpg,plastic,train
plastic/plastic_2170.jpg,plastic,train
plastic/plastic_2173.jpg,plastic,train
plastic/plastic_2176.jpg,plastic,train
plastic/plastic_2177.jpg,plastic,train
plastic/plastic_2178.jpg,plastic,train
plastic/plastic_2179.jpg,plastic,train
plastic/plastic_2180.jpg,plastic,train
plastic/plastic_2181.jpg,plastic,train
plastic/plastic_2184.jpg,plastic,train
plastic/plastic_2185.jpg,plastic,train
plastic/plastic_2186.jpg,plastic,train
plastic/plastic_219.jpg,plastic,train
plastic/plastic_2191.jpg,plastic,train
plastic/plastic_2192.jpg,plastic,train
plastic/plastic_2194.jpg,plastic,train
plastic/plastic_2198.jpg,plastic,train
plastic/plastic_2199.jpg,plastic,train
plastic/plastic_2204.jpg,plastic,train
plastic/plastic_2206.jpg,plastic,train
plastic/plastic_2208.jpg,plastic,train
plastic/plastic_2210.jpg,plastic,train
plastic/plastic_2214.jpg,plastic,train
plastic/plastic_2215.jpg,plastic,train
plastic/plastic_2217.jpg,plastic,train
plastic/plastic_2218.jpg,plastic,train
plastic/plastic_2219.jpg,plastic,train
plastic/plastic_222.jpg,plastic,train
plastic/plastic_2220.jpg,plastic,train
plastic/plastic_2222.jpg,plastic,train
plastic/plastic_2223.jpg,plastic,train
plastic/plastic_2224.jpg,plastic,train
plastic/plastic_2227.jpg,plastic,train
plastic/plastic_2230.jpg,plastic,train
plastic/plastic_2236.jpg,plastic,train
plastic/plastic_2237.jpg,plastic,train
plastic/plastic_224.jpg,plastic,train
plastic/plastic_2240.jpg,plastic,train
plastic/plastic_2242.jpg,plastic,train
plastic/plastic_2243.jpg,plastic,train
plastic/plastic_2247.jpg,plastic,train
plastic/plastic_2252.jpg,plastic,train
plastic/plastic_2254.jpg,plastic,train
plastic/plastic_2255.jpg,plastic,train
plastic/plastic_2256.jpg,plastic,train
plastic/plastic_2257.jpg,plastic,train
plastic/plastic_2259.jpg,plastic,train
plastic/plastic_2261.jpg,plastic,train
plastic/plastic_2264.jpg,plastic,train
plastic/plastic_2266.jpg,plastic,train
plastic/plastic_2268.jpg,plastic,train
plastic/plastic_2269.jpg,plastic,train
plastic/plastic_227.jpg,plastic,train
plastic/plastic_2270.jpg,plastic,train
plastic/plastic_2271.jpg,plastic,train
plastic/plastic_2275.jpg,plastic,train
plastic/plastic_2276.jpg,plastic,train
plastic/plastic_2278.jpg,plastic,train
plastic/plastic_2279.jpg,plastic,train
plastic/plastic_2284.jpg,plastic,train
plastic/plastic_2288.jpg,plastic,train
plastic/plastic_2289.jpg,plastic,train
plastic/plastic_229.jpg,plastic,train
plastic/plastic_2291.jpg,plastic,train
plastic/plastic_2292.jpg,plastic,train
plastic/plastic_2294.jpg,plastic,train
plastic/plastic_2296.jpg,plastic,train
plastic/plastic_2298.jpg,plastic,train
plastic/plastic_2299.jpg,plastic,train
plastic/plastic_23.jpg,plastic,train
plastic/plastic_230.jpg,plastic,train
plastic/plastic_2300.jpg,plastic,train
plastic/plastic_2302.jpg,plastic,train
plastic/plastic_2306.jpg,plastic,train
plastic/plastic_2307.jpg,plastic,train
plastic/plastic_2312.jpg,plastic,train
plastic/plastic_2314.jpg,plastic,train
plastic/plastic_2316.jpg,plastic,train
plastic/plastic_2317.jpg,plastic,train
plastic/plastic_2318.jpg,plastic,train
plastic/plastic_2319.jpg,plastic,train
plastic/plastic_232.jpg,plastic,train
plastic/plastic_2321.jpg,plastic,train
plastic/plastic_2323.jpg,plastic,train
plastic/plastic_2324.jpg,plastic,train
plastic/plastic_2326.jpg,plastic,train
plastic/plastic_2327.jpg,plastic,train
plastic/plastic_233.jpg,plastic,train
plastic/plastic_2330.jpg,plastic,train
plastic/plastic_2331.jpg,plastic,train
plastic/plastic_2333.jpg,plastic,train
plastic/plastic_2334.jpg,plastic,train
plastic/plastic_2336.jpg,plastic,train
plastic/plastic_2339.jpg,plastic,train
plastic/plastic_234.jpg,plastic,train
plastic/plastic_2340.jpg,plastic,train
plastic/plastic_2348.jpg,plastic,train
plastic/plastic_235.jpg,plastic,train
plastic/plastic_2350.jpg,plastic,train
plastic/plastic_2351.jpg,plastic,train
plastic/plastic_2353.jpg,plastic,train
plastic/plastic_2355.jpg,plastic,train
plastic/plastic_2357.jpg,plastic,train
plastic/plastic_2358.jpg,plastic,train
plastic/plastic_236.jpg,plastic,train
plastic/plastic_2361.jpg,plastic,train
plastic/plastic_2362.jpg,plastic,train
plastic/plastic_2363.jpg,plastic,train
plastic/plastic_2364.jpg,plastic,train
plastic/plastic_2365.jpg,plastic,train
plastic/plastic_2366.jpg,plastic,train
plastic/plastic_2367.jpg,plastic,train
plastic/plastic_237.jpg,plastic,train
plastic/plastic_2370.jpg,plastic,train
plastic/plastic_2373.jpg,plastic,train
plastic/plastic_2374.jpg,plastic,train
plastic/plastic_2377.jpg,plastic,train
plastic/plastic_2378.jpg,plastic,train
plastic/plastic_238.jpg,plastic,train
plastic/plastic_2380.jpg,plastic,train
plastic/plastic_2384.jpg,plastic,train
plastic/plastic_2386.jpg,plastic,train
plastic/plastic_2388.jpg,plastic,train
plastic/plastic_2389.jpg,plastic,train
plastic/plastic_239.jpg,plastic,train
plastic/plastic_2390.jpg,plastic,train
plastic/plastic_2392.jpg,plastic,train
plastic/plastic_2394.jpg,plastic,train
plastic/plastic_2395.jpg,plastic,train
plastic/plastic_2396.jpg,plastic,train
plastic/plastic_2397.jpg,plastic,train
plastic/plastic_2399.jpg,plastic,train
plastic/plastic_24.jpg,plastic,train
plastic/plastic_2400.jpg,plastic,train
plastic/plastic_2401.jpg,plastic,train
plastic/plastic_2402.jpg,plastic,train
plastic/plastic_2403.jpg,plastic,train
plastic/plastic_2404.jpg,plastic,train
plastic/plastic_2405.jpg,plastic,train
plastic/plastic_2406.jpg,plastic,train
plastic/plastic_2407.jpg,plastic,train
plastic/plastic_2408.jpg,plastic,train
plastic/plastic_241.jpg,plastic,train
plastic/plastic_2410.jpg,plastic,train
plastic/plastic_2416.jpg,plastic,train
plastic/plastic_2419.jpg,plastic,train
plastic/plastic_242.jpg,plastic,train
plastic/plastic_2421.jpg,plastic,train
plastic/plastic_2424.jpg,plastic,train
plastic/plastic_2429.jpg,plastic,train
plastic/plastic_243.jpg,plastic,train
plastic/plastic_2430.jpg,plastic,train
plastic/plastic_2432.jpg,plastic,train
plastic/plastic_2434.jpg,plastic,train
plastic/plastic_2438.jpg,plastic,train
plastic/plastic_2439.jpg,plastic,train
plastic/plastic_244.jpg,plastic,train
plastic/plastic_2440.jpg,plastic,train
plastic/plastic_2441.jpg,plastic,train
plastic/plastic_2445.jpg,plastic,train
plastic/plastic_2447.jpg,plastic,train
plastic/plastic_2449.jpg,plastic,train
plastic/plastic_245.jpg,plastic,train
plastic/plastic_2452.jpg,plastic,train
plastic/plastic_2453.jpg,plastic,train
plastic/plastic_2454.jpg,plastic,train
plastic/plastic_2456.jpg,plastic,train
plastic/plastic_2459.jpg,plastic,train
plastic/plastic_2461.jpg,plastic,train
plastic/plastic_2462.jpg,plastic,train
plastic/plastic_2463.jpg,plastic,train
plastic/plastic_2464.jpg,plastic,train
plastic/plastic_2467.jpg,plastic,train
plastic/plastic_2469.jpg,plastic,train
plastic/plastic_2470.jpg,plastic,train
plastic/plastic_2474.jpg,plastic,train
plastic/plastic_2475.jpg,plastic,train
plastic/plastic_2478.jpg,plastic,train
plastic/plastic_248.jpg,plastic,train
plastic/plastic_2480.jpg,plastic,train
plastic/plastic_2481.jpg,plastic,train
plastic/plastic_2482.jpg,plastic,train
plastic/plastic_2492.jpg,plastic,train
plastic/plastic_2494.jpg,plastic,train
plastic/plastic_2495.jpg,plastic,train
plastic/plastic_2496.jpg,plastic,train
plastic/plastic_2498.jpg,plastic,train
plastic/plastic_25.jpg,plastic,train
plastic/plastic_2500.jpg,plastic,train
plastic/plastic_2501.jpg,plastic,train
plastic/plastic_2504.jpg,plastic,train
plastic/plastic_2507.jpg,plastic,train
plastic/plastic_2510.jpg,plastic,train
plastic/plastic_2515.jpg,plastic,train
plastic/plastic_2517.jpg,plastic,train
plastic/plastic_2518.jpg,plastic,train
plastic/plastic_2523.jpg,plastic,train
plastic/plastic_2524.jpg,plastic,train
plastic/plastic_2525.jpg,plastic,train
plastic/plastic_2527.jpg,plastic,train
plastic/plastic_2528.jpg,plastic,train
plastic/plastic_2530.jpg,plastic,train
plastic/plastic_2531.jpg,plastic,train
plastic/plastic_2532.jpg,plastic,train
plastic/plastic_2533.jpg,plastic,train
plastic/plastic_2534.jpg,plastic,train
plastic/plastic_2536.jpg,plastic,train
plastic/plastic_2537.jpg,plastic,train
plastic/plastic_254.jpg,plastic,train
plastic/plastic_2541.jpg,plastic,train
plastic/plastic_2543.jpg,plastic,train
plastic/plastic_2545.jpg,plastic,train
plastic/plastic_2546.jpg,plastic,train
plastic/plastic_2549.jpg,plastic,train
plastic/plastic_255.jpg,plastic,train
plastic/plastic_2551.jpg,plastic,train
plastic/plastic_2552.jpg,plastic,train
plastic/plastic_2553.jpg,plastic,train
plastic/plastic_2554.jpg,plastic,train
plastic/plastic_2556.jpg,plastic,train
plastic/plastic_2558.jpg,plastic,train
plastic/plastic_2559.jpg,plastic,train
plastic/plastic_256.jpg,plastic,train
plastic/plastic_2560.jpg,plastic,train
plastic/plastic_2565.jpg,plastic,train
plastic/plastic_2566.jpg,plastic,train
plastic/plastic_2567.jpg,plastic,train
plastic/plastic_257.jpg,plastic,train
plastic/plastic_2574.jpg,plastic,train
plastic/plastic_2575.jpg,plastic,train
plastic/plastic_258.jpg,plastic,train
plastic/plastic_2580.jpg,plastic,train
plastic/plastic_2581.jpg,plastic,train
plastic/plastic_2582.jpg,plastic,train
plastic/plastic_2584.jpg,plastic,train
plastic/plastic_2586.jpg,plastic,train
plastic/plastic_2587.jpg,plastic,train
plastic/plastic_2593.jpg,plastic,train
plastic/plastic_2595.jpg,plastic,train
plastic/plastic_2598.jpg,plastic,train
plastic/plastic_2599.jpg,plastic,train
plastic/plastic_260.jpg,plastic,train
plastic/plastic_2601.jpg,plastic,train
plastic/plastic_2604.jpg,plastic,train
plastic/plastic_2606.jpg,plastic,train
plastic/plastic_2611.jpg,plastic,train
plastic/plastic_2612.jpg,plastic,train
plastic/plastic_2613.jpg,plastic,train
plastic/plastic_2615.jpg,plastic,train
plastic/plastic_2616.jpg,plastic,train
plastic/plastic_2617.jpg,plastic,train
plastic/plastic_2618.jpg,plastic,train
plastic/plastic_2619.jpg,plastic,train
plastic/plastic_262.jpg,plastic,train
plastic/plastic_2622.jpg,plastic,train
plastic/plastic_2626.jpg,plastic,train
plastic/plastic_2627.jpg,plastic,train
plastic/plastic_2630.jpg,plastic,train
plastic/plastic_2634.jpg,plastic,train
plastic/plastic_2635.jpg,plastic,train
plastic/plastic_2638.jpg,plastic,train
plastic/plastic_2639.jpg,plastic,train
plastic/plastic_2642.jpg,plastic,train
plastic/plastic_2643.jpg,plastic,train
plastic/plastic_2644.jpg,plastic,train
plastic/plastic_2645.jpg,plastic,train
plastic/plastic_2648.jpg,plastic,train
plastic/plastic_2649.jpg,plastic,train
plastic/plastic_265.jpg,plastic,train
plastic/plastic_2655.jpg,plastic,train
plastic/plastic_2660.jpg,plastic,train
plastic/plastic_2663.jpg,plastic,train
plastic/plastic_2664.jpg,plastic,train
plastic/plastic_2665.jpg,plastic,train
plastic/plastic_2667.jpg,plastic,train
plastic/plastic_2668.jpg,plastic,train
plastic/plastic_2672.jpg,plastic,train
plastic/plastic_2675.jpg,plastic,train
plastic/plastic_268.jpg,plastic,train
plastic/plastic_2680.jpg,plastic,train
plastic/plastic_2682.jpg,plastic,train
plastic/plastic_2684.jpg,plastic,train
plastic/plastic_2685.jpg,plastic,train
plastic/plastic_2687.jpg,plastic,train
plastic/plastic_2689.jpg,plastic,train
plastic/plastic_2690.jpg,plastic,train
plastic/plastic_2691.jpg,plastic,train
plastic/plastic_2692.jpg,plastic,train
plastic/plastic_2693.jpg,plastic,train
plastic/plastic_2694.jpg,plastic,train
plastic/plastic_2695.jpg,plastic,train
plastic/plastic_2698.jpg,plastic,train
plastic/plastic_2701.jpg,plastic,train
plastic/plastic_2702.jpg,plastic,train
plastic/plastic_2704.jpg,plastic,train
plastic/plastic_2705.jpg,plastic,train
plastic/plastic_2708.jpg,plastic,train
plastic/plastic_271.jpg,plastic,train
plastic/plastic_2711.jpg,plastic,train
plastic/plastic_2712.jpg,plastic,train
plastic/plastic_2715.jpg,plastic,train
plastic/plastic_2716.jpg,plastic,train
plastic/plastic_2718.jpg,plastic,train
plastic/plastic_272.jpg,plastic,train
plastic/plastic_2720.jpg,plastic,train
plastic/plastic_2722.jpg,plastic,train
plastic/plastic_2723.jpg,plastic,train
plastic/plastic_2724.jpg,plastic,train
plastic/plastic_2725.jpg,plastic,train
plastic/plastic_2726.jpg,plastic,train
plastic/plastic_2727.jpg,plastic,train
plastic/plastic_2728.jpg,plastic,train
plastic/plastic_2729.jpg,plastic,train
plastic/plastic_273.jpg,plastic,train
plastic/plastic_2731.jpg,plastic,train
plastic/plastic_2732.jpg,plastic,train
plastic/plastic_2734.jpg,plastic,train
plastic/plastic_2739.jpg,plastic,train
plastic/plastic_274.jpg,plastic,train
plastic/plastic_2740.jpg,plastic,train
plastic/plastic_2742.jpg,plastic,train
plastic/plastic_2748.jpg,plastic,train
plastic/plastic_2749.jpg,plastic,train
plastic/plastic_2752.jpg,plastic,train
plastic/plastic_2753.jpg,plastic,train
plastic/plastic_2754.jpg,plastic,train
plastic/plastic_2755.jpg,plastic,train
plastic/plastic_277.jpg,plastic,train
plastic/plastic_278.jpg,plastic,train
plastic/plastic_280.jpg,plastic,train
plastic/plastic_283.jpg,plastic,train
plastic/plastic_288.jpg,plastic,train
plastic/plastic_289.jpg,plastic,train
plastic/plastic_29.jpg,plastic,train
plastic/plastic_291.jpg,plastic,train
plastic/plastic_292.jpg,plastic,train
plastic/plastic_293.jpg,plastic,train
plastic/plastic_295.jpg,plastic,train
plastic/plastic_297.jpg,plastic,train
plastic/plastic_298.jpg,plastic,train
plastic/plastic_299.jpg,plastic,train
plastic/plastic_3.jpg,plastic,train
plastic/plastic_30.jpg,plastic,train
plastic/plastic_300.jpg,plastic,train
plastic/plastic_303.jpg,plastic,train
plastic/plastic_306.jpg,plastic,train
plastic/plastic_308.jpg,plastic,train
plastic/plastic_309.jpg,plastic,train
plastic/plastic_310.jpg,plastic,train
plastic/plastic_311.jpg,plastic,train
plastic/plastic_315.jpg,plastic,train
plastic/plastic_316.jpg,plastic,train
plastic/plastic_318.jpg,plastic,train
plastic/plastic_32.jpg,plastic,train
plastic/plastic_320.jpg,plastic,train
plastic/plastic_321.jpg,plastic,train
plastic/plastic_322.jpg,plastic,train
plastic/plastic_323.jpg,plastic,train
plastic/plastic_325.jpg,plastic,train
plastic/plastic_327.jpg,plastic,train
plastic/plastic_328.jpg,plastic,train
plastic/plastic_329.jpg,plastic,train
plastic/plastic_33.jpg,plastic,train
plastic/plastic_330.jpg,plastic,train
plastic/plastic_332.jpg,plastic,train
plastic/plastic_333.jpg,plastic,train
plastic/plastic_335.jpg,plastic,train
plastic/plastic_337.jpg,plastic,train
plastic/plastic_339.jpg,plastic,train
plastic/plastic_344.jpg,plastic,train
plastic/plastic_346.jpg,plastic,train
plastic/plastic_348.jpg,plastic,train
plastic/plastic_35.jpg,plastic,train
plastic/plastic_350.jpg,plastic,train
plastic/plastic_351.jpg,plastic,train
plastic/plastic_352.jpg,plastic,train
plastic/plastic_353.jpg,plastic,train
plastic/plastic_355.jpg,plastic,train
plastic/plastic_356.jpg,plastic,train
plastic/plastic_357.jpg,plastic,train
plastic/plastic_358.jpg,plastic,train
plastic/plastic_359.jpg,plastic,train
plastic/plastic_360.jpg,plastic,train
plastic/plastic_363.jpg,plastic,train
plastic/plastic_364.jpg,plastic,train
plastic/plastic_367.jpg,plastic,train
plastic/plastic_369.jpg,plastic,train
plastic/plastic_37.jpg,plastic,train
plastic/plastic_371.jpg,plastic,train
plastic/plastic_372.jpg,plastic,train
plastic/plastic_374.jpg,plastic,train
plastic/plastic_376.jpg,plastic,train
plastic/plastic_377.jpg,plastic,train
plastic/plastic_378.jpg,plastic,train
plastic/plastic_380.jpg,plastic,train
plastic/plastic_381.jpg,plastic,train
plastic/plastic_382.jpg,plastic,train
plastic/plastic_385.jpg,plastic,train
plastic/plastic_387.jpg,plastic,train
plastic/plastic_388.jpg,plastic,train
plastic/plastic_390.jpg,plastic,train
plastic/plastic_392.jpg,plastic,train
plastic/plastic_393.jpg,plastic,train
plastic/plastic_394.jpg,plastic,train
plastic/plastic_399.jpg,plastic,train
plastic/plastic_4.jpg,plastic,train
plastic/plastic_400.jpg,plastic,train
plastic/plastic_402.jpg,plastic,train
plastic/plastic_404.jpg,plastic,train
plastic/plastic_407.jpg,plastic,train
plastic/plastic_408.jpg,plastic,train
plastic/plastic_409.jpg,plastic,train
plastic/plastic_41.jpg,plastic,train
plastic/plastic_410.jpg,plastic,train
plastic/plastic_411.jpg,plastic,train
plastic/plastic_415.jpg,plastic,train
plastic/plastic_416.jpg,plastic,train
plastic/plastic_418.jpg,plastic,train
plastic/plastic_42.jpg,plastic,train
plastic/plastic_420.jpg,plastic,train
plastic/plastic_421.jpg,plastic,train
plastic/plastic_422.jpg,plastic,train
plastic/plastic_423.jpg,plastic,train
plastic/plastic_424.jpg,plastic,train
plastic/plastic_429.jpg,plastic,train
plastic/plastic_43.jpg,plastic,train
plastic/plastic_430.jpg,plastic,train
plastic/plastic_433.jpg,plastic,train
plastic/plastic_435.jpg,plastic,train
plastic/plastic_436.jpg,plastic,train
plastic/plastic_437.jpg,plastic,train
plastic/plastic_441.jpg,plastic,train
plastic/plastic_442.jpg,plastic,train
plastic/plastic_443.jpg,plastic,train
plastic/plastic_444.jpg,plastic,train
plastic/plastic_445.jpg,plastic,train
plastic/plastic_448.jpg,plastic,train
plastic/plastic_449.jpg,plastic,train
plastic/plastic_45.jpg,plastic,train
plastic/plastic_450.jpg,plastic,train
plastic/plastic_452.jpg,plastic,train
plastic/plastic_453.jpg,plastic,train
plastic/plastic_454.jpg,plastic,train
plastic/plastic_455.jpg,plastic,train
plastic/plastic_456.jpg,plastic,train
plastic/plastic_459.jpg,plastic,train
plastic/plastic_460.jpg,plastic,train
plastic/plastic_461.jpg,plastic,train
plastic/plastic_463.jpg,plastic,train
plastic/plastic_464.jpg,plastic,train
plastic/plastic_466.jpg,plastic,train
plastic/plastic_467.jpg,plastic,train
plastic/plastic_469.jpg,plastic,train
plastic/plastic_472.jpg,plastic,train
plastic/plastic_475.jpg,plastic,train
plastic/plastic_485.jpg,plastic,train
plastic/plastic_488.jpg,plastic,train
plastic/plastic_489.jpg,plastic,train
plastic/plastic_490.jpg,plastic,train
plastic/plastic_495.jpg,plastic,train
plastic/plastic_496.jpg,plastic,train
plastic/plastic_500.jpg,plastic,train
plastic/plastic_501.jpg,plastic,train
plastic/plastic_502.jpg,plastic,train
plastic/plastic_504.jpg,plastic,train
plastic/plastic_505.jpg,plastic,train
plastic/plastic_506.jpg,plastic,train
plastic/plastic_507.jpg,plastic,train
plastic/plastic_509.jpg,plastic,train
plastic/plastic_511.jpg,plastic,train
plastic/plastic_512.jpg,plastic,train
plastic/plastic_514.jpg,plastic,train
plastic/plastic_516.jpg,plastic,train
plastic/plastic_518.jpg,plastic,train
plastic/plastic_519.jpg,plastic,train
plastic/plastic_521.jpg,plastic,train
plastic/plastic_522.jpg,plastic,train
plastic/plastic_523.jpg,plastic,train
plastic/plastic_528.jpg,plastic,train
plastic/plastic_529.jpg,plastic,train
plastic/plastic_530.jpg,plastic,train
plastic/plastic_532.jpg,plastic,train
plastic/plastic_535.jpg,plastic,train
plastic/plastic_537.jpg,plastic,train
plastic/plastic_538.jpg,plastic,train
plastic/plastic_540.jpg,plastic,train
plastic/plastic_543.jpg,plastic,train
plastic/plastic_545.jpg,plastic,train
plastic/plastic_546.jpg,plastic,train
plastic/plastic_547.jpg,plastic,train
plastic/plastic_548.jpg,plastic,train
plastic/plastic_549.jpg,plastic,train
plastic/plastic_552.jpg,plastic,train
plastic/plastic_553.jpg,plastic,train
plastic/plastic_554.jpg,plastic,train
plastic/plastic_556.jpg,plastic,train
plastic/plastic_557.jpg,plastic,train
plastic/plastic_558.jpg,plastic,train
plastic/plastic_561.jpg,plastic,train
plastic/plastic_562.jpg,plastic,train
plastic/plastic_564.jpg,plastic,train
plastic/plastic_565.jpg,plastic,train
plastic/plastic_566.jpg,plastic,train
plastic/plastic_567.jpg,plastic,train
plastic/plastic_568.jpg,plastic,train
plastic/plastic_569.jpg,plastic,train
plastic/plastic_57.jpg,plastic,train
plastic/plastic_572.jpg,plastic,train
plastic/plastic_575.jpg,plastic,train
plastic/plastic_576.jpg,plastic,train
plastic/plastic_577.jpg,plastic,train
plastic/plastic_579.jpg,plastic,train
plastic/plastic_58.jpg,plastic,train
plastic/plastic_584.jpg,plastic,train
plastic/plastic_585.jpg,plastic,train
plastic/plastic_586.jpg,plastic,train
plastic/plastic_588.jpg,plastic,train
plastic/plastic_591.jpg,plastic,train
plastic/plastic_593.jpg,plastic,train
plastic/plastic_594.jpg,plastic,train
plastic/plastic_598.jpg,plastic,train
plastic/plastic_599.jpg,plastic,train
plastic/plastic_6.jpg,plastic,train
plastic/plastic_60.jpg,plastic,train
plastic/plastic_602.jpg,plastic,train
plastic/plastic_603.jpg,plastic,train
plastic/plastic_605.jpg,plastic,train
plastic/plastic_606.jpg,plastic,train
plastic/plastic_613.jpg,plastic,train
plastic/plastic_615.jpg,plastic,train
plastic/plastic_616.jpg,plastic,train
plastic/plastic_618.jpg,plastic,train
plastic/plastic_62.jpg,plastic,train
plastic/plastic_622.jpg,plastic,train
plastic/plastic_623.jpg,plastic,train
plastic/plastic_624.jpg,plastic,train
plastic/plastic_627.jpg,plastic,train
plastic/plastic_638.jpg,plastic,train
plastic/plastic_640.jpg,plastic,train
plastic/plastic_641.jpg,plastic,train
plastic/plastic_642.jpg,plastic,train
plastic/plastic_644.jpg,plastic,train
plastic/plastic_645.jpg,plastic,train
plastic/plastic_646.jpg,plastic,train
plastic/plastic_648.jpg,plastic,train
plastic/plastic_65.jpg,plastic,train
plastic/plastic_650.jpg,plastic,train
plastic/plastic_656.jpg,plastic,train
plastic/plastic_658.jpg,plastic,train
plastic/plastic_66.jpg,plastic,train
plastic/plastic_661.jpg,plastic,train
plastic/plastic_664.jpg,plastic,train
plastic/plastic_665.jpg,plastic,train
plastic/plastic_666.jpg,plastic,train
plastic/plastic_668.jpg,plastic,train
plastic/plastic_671.jpg,plastic,train
plastic/plastic_672.jpg,plastic,train
plastic/plastic_673.jpg,plastic,train
plastic/plastic_675.jpg,plastic,train
plastic/plastic_676.jpg,plastic,train
plastic/plastic_681.jpg,plastic,train
plastic/plastic_683.jpg,plastic,train
plastic/plastic_684.jpg,plastic,train
plastic/plastic_685.jpg,plastic,train
plastic/plastic_686.jpg,plastic,train
plastic/plastic_687.jpg,plastic,train
plastic/plastic_688.jpg,plastic,train
plastic/plastic_689.jpg,plastic,train
plastic/plastic_690.jpg,plastic,train
plastic/plastic_692.jpg,plastic,train
plastic/plastic_694.jpg,plastic,train
plastic/plastic_696.jpg,plastic,train
plastic/plastic_697.jpg,plastic,train
plastic/plastic_698.jpg,plastic,train
plastic/plastic_699.jpg,plastic,train
plastic/plastic_701.jpg,plastic,train
plastic/plastic_705.jpg,plastic,train
plastic/plastic_707.jpg,plastic,train
plastic/plastic_709.jpg,plastic,train
plastic/plastic_711.jpg,plastic,train
plastic/plastic_716.jpg,plastic,train
plastic/plastic_717.jpg,plastic,train
plastic/plastic_72.jpg,plastic,train
plastic/plastic_720.jpg,plastic,train
plastic/plastic_721.jpg,plastic,train
plastic/plastic_728.jpg,plastic,train
plastic/plastic_729.jpg,plastic,train
plastic/plastic_73.jpg,plastic,train
plastic/plastic_730.jpg,plastic,train
plastic/plastic_732.jpg,plastic,train
plastic/plastic_733.jpg,plastic,train
plastic/plastic_734.jpg,plastic,train
plastic/plastic_735.jpg,plastic,train
plastic/plastic_737.jpg,plastic,train
plastic/plastic_738.jpg,plastic,train
plastic/plastic_74.jpg,plastic,train
plastic/plastic_740.jpg,plastic,train
plastic/plastic_743.jpg,plastic,train
plastic/plastic_746.jpg,plastic,train
plastic/plastic_747.jpg,plastic,train
plastic/plastic_749.jpg,plastic,train
plastic/plastic_75.jpg,plastic,train
plastic/plastic_752.jpg,plastic,train
plastic/plastic_754.jpg,plastic,train
plastic/plastic_76.jpg,plastic,train
plastic/plastic_761.jpg,plastic,train
plastic/plastic_764.jpg,plastic,train
plastic/plastic_765.jpg,plastic,train
plastic/plastic_766.jpg,plastic,train
plastic/plastic_768.jpg,plastic,train
plastic/plastic_769.jpg,plastic,train
plastic/plastic_77.jpg,plastic,train
plastic/plastic_772.jpg,plastic,train
plastic/plastic_774.jpg,plastic,train
plastic/plastic_775.jpg,plastic,train
plastic/plastic_776.jpg,plastic,train
plastic/plastic_779.jpg,plastic,train
plastic/plastic_781.jpg,plastic,train
plastic/plastic_785.jpg,plastic,train
plastic/plastic_786.jpg,plastic,train
plastic/plastic_789.jpg,plastic,train
plastic/plastic_790.jpg,plastic,train
plastic/plastic_791.jpg,plastic,train
plastic/plastic_792.jpg,plastic,train
plastic/plastic_795.jpg,plastic,train
plastic/plastic_797.jpg,plastic,train
plastic/plastic_798.jpg,plastic,train
plastic/plastic_799.jpg,plastic,train
plastic/plastic_8.jpg,plastic,train
plastic/plastic_800.jpg,plastic,train
plastic/plastic_801.jpg,plastic,train
plastic/plastic_802.jpg,plastic,train
plastic/plastic_803.jpg,plastic,train
plastic/plastic_807.jpg,plastic,train
plastic/plastic_808.jpg,plastic,train
plastic/plastic_809.jpg,plastic,train
plastic/plastic_81.jpg,plastic,train
plastic/plastic_818.jpg,plastic,train
plastic/plastic_819.jpg,plastic,train
plastic/plastic_82.jpg,plastic,train
plastic/plastic_820.jpg,plastic,train
plastic/plastic_821.jpg,plastic,train
plastic/plastic_823.jpg,plastic,train
plastic/plastic_825.jpg,plastic,train
plastic/plastic_826.jpg,plastic,train
plastic/plastic_828.jpg,plastic,train
plastic/plastic_829.jpg,plastic,train
plastic/plastic_830.jpg,plastic,train
plastic/plastic_833.jpg,plastic,train
plastic/plastic_834.jpg,plastic,train
plastic/plastic_838.jpg,plastic,train
plastic/plastic_839.jpg,plastic,train
plastic/plastic_84.jpg,plastic,train
plastic/plastic_840.jpg,plastic,train
plastic/plastic_841.jpg,plastic,train
plastic/plastic_843.jpg,plastic,train
plastic/plastic_844.jpg,plastic,train
plastic/plastic_845.jpg,plastic,train
plastic/plastic_848.jpg,plastic,train
plastic/plastic_849.jpg,plastic,train
plastic/plastic_85.jpg,plastic,train
plastic/plastic_850.jpg,plastic,train
plastic/plastic_853.jpg,plastic,train
plastic/plastic_854.jpg,plastic,train
plastic/plastic_855.jpg,plastic,train
plastic/plastic_860.jpg,plastic,train
plastic/plastic_862.jpg,plastic,train
plastic/plastic_863.jpg,plastic,train
plastic/plastic_865.jpg,plastic,train
plastic/plastic_867.jpg,plastic,train
plastic/plastic_868.jpg,plastic,train
plastic/plastic_869.jpg,plastic,train
plastic/plastic_870.jpg,plastic,train
plastic/plastic_871.jpg,plastic,train
plastic/plastic_872.jpg,plastic,train
plastic/plastic_876.jpg,plastic,train
plastic/plastic_879.jpg,plastic,train
plastic/plastic_880.jpg,plastic,train
plastic/plastic_883.jpg,plastic,train
plastic/plastic_884.jpg,plastic,train
plastic/plastic_885.jpg,plastic,train
plastic/plastic_887.jpg,plastic,train
plastic/plastic_888.jpg,plastic,train
plastic/plastic_891.jpg,plastic,train
plastic/plastic_893.jpg,plastic,train
plastic/plastic_894.jpg,plastic,train
plastic/plastic_895.jpg,plastic,train
plastic/plastic_896.jpg,plastic,train
plastic/plastic_898.jpg,plastic,train
plastic/plastic_901.jpg,plastic,train
plastic/plastic_902.jpg,plastic,train
plastic/plastic_903.jpg,plastic,train
plastic/plastic_905.jpg,plastic,train
plastic/plastic_907.jpg,plastic,train
plastic/plastic_908.jpg,plastic,train
plastic/plastic_91.jpg,plastic,train
plastic/plastic_910.jpg,plastic,train
plastic/plastic_911.jpg,plastic,train
plastic/plastic_913.jpg,plastic,train
plastic/plastic_914.jpg,plastic,train
plastic/plastic_915.jpg,plastic,train
plastic/plastic_919.jpg,plastic,train
plastic/plastic_921.jpg,plastic,train
plastic/plastic_923.jpg,plastic,train
plastic/plastic_924.jpg,plastic,train
plastic/plastic_925.jpg,plastic,train
plastic/plastic_926.jpg,plastic,train
plastic/plastic_929.jpg,plastic,train
plastic/plastic_93.jpg,plastic,train
plastic/plastic_931.jpg,plastic,train
plastic/plastic_932.jpg,plastic,train
plastic/plastic_933.jpg,plastic,train
plastic/plastic_934.jpg,plastic,train
plastic/plastic_935.jpg,plastic,train
plastic/plastic_936.jpg,plastic,train
plastic/plastic_938.jpg,plastic,train
plastic/plastic_939.jpg,plastic,train
plastic/plastic_94.jpg,plastic,train
plastic/plastic_940.jpg,plastic,train
plastic/plastic_942.jpg,plastic,train
plastic/plastic_945.jpg,plastic,train
plastic/plastic_947.jpg,plastic,train
plastic/plastic_948.jpg,plastic,train
plastic/plastic_949.jpg,plastic,train
plastic/plastic_950.jpg,plastic,train
plastic/plastic_953.jpg,plastic,train
plastic/plastic_955.jpg,plastic,train
plastic/plastic_96.jpg,plastic,train
plastic/plastic_961.jpg,plastic,train
plastic/plastic_962.jpg,plastic,train
plastic/plastic_963.jpg,plastic,train
plastic/plastic_964.jpg,plastic,train
plastic/plastic_966.jpg,plastic,train
plastic/plastic_969.jpg,plastic,train
plastic/plastic_97.jpg,plastic,train
plastic/plastic_970.jpg,plastic,train
plastic/plastic_971.jpg,plastic,train
plastic/plastic_973.jpg,plastic,train
plastic/plastic_975.jpg,plastic,train
plastic/plastic_977.jpg,plastic,train
plastic/plastic_978.jpg,plastic,train
plastic/plastic_980.jpg,plastic,train
plastic/plastic_981.jpg,plastic,train
plastic/plastic_982.jpg,plastic,train
plastic/plastic_985.jpg,plastic,train
plastic/plastic_986.jpg,plastic,train
plastic/plastic_988.jpg,plastic,train
plastic/plastic_989.jpg,plastic,train
plastic/plastic_993.jpg,plastic,train
plastic/plastic_995.jpg,plastic,train
plastic/plastic_996.jpg,plastic,train
shoes/shoes_10.jpg,shoes,train
shoes/shoes_100.jpg,shoes,train
shoes/shoes_1000.jpg,shoes,train
shoes/shoes_1001.jpg,shoes,train
shoes/shoes_1002.jpg,shoes,train
shoes/shoes_1004.jpg,shoes,train
shoes/shoes_1005.jpg,shoes,train
shoes/shoes_1007.jpg,shoes,train
shoes/shoes_1009.jpg,shoes,train
shoes/shoes_101.jpg,shoes,train
shoes/shoes_1010.jpg,shoes,train
shoes/shoes_1013.jpg,shoes,train
shoes/shoes_1016.jpg,shoes,train
shoes/shoes_1017.jpg,shoes,train
shoes/shoes_1018.jpg,shoes,train
shoes/shoes_102.jpg,shoes,train
shoes/shoes_1020.jpg,shoes,train
shoes/shoes_1021.jpg,shoes,train
shoes/shoes_1022.jpg,shoes,train
shoes/shoes_1024.jpg,shoes,train
shoes/shoes_1026.jpg,shoes,train
shoes/shoes_1027.jpg,shoes,train
shoes/shoes_1029.jpg,shoes,train
shoes/shoes_103.jpg,shoes,train
shoes/shoes_1030.jpg,shoes,train
shoes/shoes_1033.jpg,shoes,train
shoes/shoes_1035.jpg,shoes,train
shoes/shoes_1036.jpg,shoes,train
shoes/shoes_1037.jpg,shoes,train
shoes/shoes_1038.jpg,shoes,train
shoes/shoes_1039.jpg,shoes,train
shoes/shoes_104.jpg,shoes,train
shoes/shoes_1042.jpg,shoes,train
shoes/shoes_1044.jpg,shoes,train
shoes/shoes_1045.jpg,shoes,train
shoes/shoes_1046.jpg,shoes,train
shoes/shoes_1047.jpg,shoes,train
shoes/shoes_1049.jpg,shoes,train
shoes/shoes_105.jpg,shoes,train
shoes/shoes_1051.jpg,shoes,train
shoes/shoes_1055.jpg,shoes,train
shoes/shoes_1059.jpg,shoes,train
shoes/shoes_1060.jpg,shoes,train
shoes/shoes_1062.jpg,shoes,train
shoes/shoes_1065.jpg,shoes,train
shoes/shoes_1066.jpg,shoes,train
shoes/shoes_1067.jpg,shoes,train
shoes/shoes_1068.jpg,shoes,train
shoes/shoes_107.jpg,shoes,train
shoes/shoes_1070.jpg,shoes,train
shoes/shoes_1072.jpg,shoes,train
shoes/shoes_1073.jpg,shoes,train
shoes/shoes_1075.jpg,shoes,train
shoes/shoes_1076.jpg,shoes,train
shoes/shoes_1078.jpg,shoes,train
shoes/shoes_1079.jpg,shoes,train
shoes/shoes_108.jpg,shoes,train
shoes/shoes_1080.jpg,shoes,train
shoes/shoes_1082.jpg,shoes,train
shoes/shoes_1084.jpg,shoes,train
shoes/shoes_1086.jpg,shoes,train
shoes/shoes_1089.jpg,shoes,train
shoes/shoes_109.jpg,shoes,train
shoes/shoes_1090.jpg,shoes,train
shoes/shoes_1091.jpg,shoes,train
shoes/shoes_1092.jpg,shoes,train
shoes/shoes_1094.jpg,shoes,train
shoes/shoes_1095.jpg,shoes,train
shoes/shoes_1097.jpg,shoes,train
shoes/shoes_1099.jpg,shoes,train
shoes/shoes_11.jpg,shoes,train
shoes/shoes_1101.jpg,shoes,train
shoes/shoes_1102.jpg,shoes,train
shoes/shoes_1103.jpg,shoes,train
shoes/shoes_1104.jpg,shoes,train
shoes/shoes_1105.jpg,shoes,train
shoes/shoes_1109.jpg,shoes,train
shoes/shoes_111.jpg,shoes,train
shoes/shoes_1111.jpg,shoes,train
shoes/shoes_1112.jpg,shoes,train
shoes/shoes_1114.jpg,shoes,train
shoes/shoes_1116.jpg,shoes,train
shoes/shoes_1118.jpg,shoes,train
shoes/shoes_1119.jpg,shoes,train
shoes/shoes_1120.jpg,shoes,train
shoes/shoes_1121.jpg,shoes,train
shoes/shoes_1123.jpg,shoes,train
shoes/shoes_1124.jpg,shoes,train
shoes/shoes_1125.jpg,shoes,train
shoes/shoes_1127.jpg,shoes,train
shoes/shoes_1128.jpg,shoes,train
shoes/shoes_1129.jpg,shoes,train
shoes/shoes_1130.jpg,shoes,train
shoes/shoes_1131.jpg,shoes,train
shoes/shoes_1133.jpg,shoes,train
shoes/shoes_1134.jpg,shoes,train
shoes/shoes_1135.jpg,shoes,train
shoes/shoes_1136.jpg,shoes,train
shoes/shoes_1137.jpg,shoes,train
shoes/shoes_1138.jpg,shoes,train
shoes/shoes_1139.jpg,shoes,train
shoes/shoes_1140.jpg,shoes,train
shoes/shoes_1141.jpg,shoes,train
shoes/shoes_1144.jpg,shoes,train
shoes/shoes_1147.jpg,shoes,train
shoes/shoes_1148.jpg,shoes,train
shoes/shoes_1149.jpg,shoes,train
shoes/shoes_1150.jpg,shoes,train
shoes/shoes_1151.jpg,shoes,train
shoes/shoes_1152.jpg,shoes,train
shoes/shoes_1153.jpg,shoes,train
shoes/shoes_1154.jpg,shoes,train
shoes/shoes_1156.jpg,shoes,train
shoes/shoes_1158.jpg,shoes,train
shoes/shoes_1159.jpg,shoes,train
shoes/shoes_1160.jpg,shoes,train
shoes/shoes_1161.jpg,shoes,train
shoes/shoes_1162.jpg,shoes,train
shoes/shoes_1163.jpg,shoes,train
shoes/shoes_1165.jpg,shoes,train
shoes/shoes_1166.jpg,shoes,train
shoes/shoes_1167.jpg,shoes,train
shoes/shoes_1168.jpg,shoes,train
shoes/shoes_117.jpg,shoes,train
shoes/shoes_1171.jpg,shoes,train
shoes/shoes_1173.jpg,shoes,train
shoes/shoes_1174.jpg,shoes,train
shoes/shoes_1175.jpg,shoes,train
shoes/shoes_1176.jpg,shoes,train
shoes/shoes_1177.jpg,shoes,train
shoes/shoes_1178.jpg,shoes,train
shoes/shoes_1179.jpg,shoes,train
shoes/shoes_1180.jpg,shoes,train
shoes/shoes_1181.jpg,shoes,train
shoes/shoes_1182.jpg,shoes,train
shoes/shoes_1183.jpg,shoes,train
shoes/shoes_1184.jpg,shoes,train
shoes/shoes_1185.jpg,shoes,train
shoes/shoes_1187.jpg,shoes,train
shoes/shoes_1188.jpg,shoes,train
shoes/shoes_1189.jpg,shoes,train
shoes/shoes_119.jpg,shoes,train
shoes/shoes_1190.jpg,shoes,train
shoes/shoes_1191.jpg,shoes,train
shoes/shoes_1192.jpg,shoes,train
shoes/shoes_1193.jpg,shoes,train
shoes/shoes_1194.jpg,shoes,train
shoes/shoes_1196.jpg,shoes,train
shoes/shoes_1198.jpg,shoes,train
shoes/shoes_120.jpg,shoes,train
shoes/shoes_1201.jpg,shoes,train
shoes/shoes_1202.jpg,shoes,train
shoes/shoes_1203.jpg,shoes,train
shoes/shoes_1204.jpg,shoes,train
shoes/shoes_1205.jpg,shoes,train
shoes/shoes_1207.jpg,shoes,train
shoes/shoes_1208.jpg,shoes,train
shoes/shoes_1209.jpg,shoes,train
shoes/shoes_121.jpg,shoes,train
shoes/shoes_1210.jpg,shoes,train
shoes/shoes_1213.jpg,shoes,train
shoes/shoes_1216.jpg,shoes,train
shoes/shoes_1218.jpg,shoes,train
shoes/shoes_1219.jpg,shoes,train
shoes/shoes_122.jpg,shoes,train
shoes/shoes_1220.jpg,shoes,train
shoes/shoes_1221.jpg,shoes,train
shoes/shoes_1222.jpg,shoes,train
shoes/shoes_1223.jpg,shoes,train
shoes/shoes_1224.jpg,shoes,train
shoes/shoes_1225.jpg,shoes,train
shoes/shoes_1226.jpg,shoes,train
shoes/shoes_1227.jpg,shoes,train
shoes/shoes_1228.jpg,shoes,train
shoes/shoes_123.jpg,shoes,train
shoes/shoes_1230.jpg,shoes,train
shoes/shoes_1232.jpg,shoes,train
shoes/shoes_1233.jpg,shoes,train
shoes/shoes_1236.jpg,shoes,train
shoes/shoes_1237.jpg,shoes,train
shoes/shoes_1239.jpg,shoes,train
shoes/shoes_124.jpg,shoes,train
shoes/shoes_1240.jpg,shoes,train
shoes/shoes_1241.jpg,shoes,train
shoes/shoes_1244.jpg,shoes,train
shoes/shoes_1245.jpg,shoes,train
shoes/shoes_1246.jpg,shoes,train
shoes/shoes_1247.jpg,shoes,train
shoes/shoes_1249.jpg,shoes,train
shoes/shoes_125.jpg,shoes,train
shoes/shoes_1250.jpg,shoes,train
shoes/shoes_1253.jpg,shoes,train
shoes/shoes_1254.jpg,shoes,train
shoes/shoes_1255.jpg,shoes,train
shoes/shoes_1256.jpg,shoes,train
shoes/shoes_1257.jpg,shoes,train
shoes/shoes_1258.jpg,shoes,train
shoes/shoes_1259.jpg,shoes,train
shoes/shoes_126.jpg,shoes,train
shoes/shoes_1260.jpg,shoes,train
shoes/shoes_1263.jpg,shoes,train
shoes/shoes_1264.jpg,shoes,train
shoes/shoes_1265.jpg,shoes,train
shoes/shoes_1266.jpg,shoes,train
shoes/shoes_1267.jpg,shoes,train
shoes/shoes_1268.jpg,shoes,train
shoes/shoes_127.jpg,shoes,train
shoes/shoes_1270.jpg,shoes,train
shoes/shoes_1271.jpg,shoes,train
shoes/shoes_1272.jpg,shoes,train
shoes/shoes_1273.jpg,shoes,train
shoes/shoes_1274.jpg,shoes,train
shoes/shoes_1275.jpg,shoes,train
shoes/shoes_1276.jpg,shoes,train
shoes/shoes_1277.jpg,shoes,train
shoes/shoes_1278.jpg,shoes,train
shoes/shoes_1279.jpg,shoes,train
shoes/shoes_128.jpg,shoes,train
shoes/shoes_1280.jpg,shoes,train
shoes/shoes_1282.jpg,shoes,train
shoes/shoes_1284.jpg,shoes,train
shoes/shoes_1288.jpg,shoes,train
shoes/shoes_1289.jpg,shoes,train
shoes/shoes_1290.jpg,shoes,train
shoes/shoes_1291.jpg,shoes,train
shoes/shoes_1292.jpg,shoes,train
shoes/shoes_1293.jpg,shoes,train
shoes/shoes_1294.jpg,shoes,train
shoes/shoes_1295.jpg,shoes,train
shoes/shoes_1297.jpg,shoes,train
shoes/shoes_1298.jpg,shoes,train
shoes/shoes_1299.jpg,shoes,train
shoes/shoes_13.jpg,shoes,train
shoes/shoes_130.jpg,shoes,train
shoes/shoes_1300.jpg,shoes,train
shoes/shoes_1301.jpg,shoes,train
shoes/shoes_1302.jpg,shoes,train
shoes/shoes_1303.jpg,shoes,train
shoes/shoes_1306.jpg,shoes,train
shoes/shoes_1307.jpg,shoes,train
shoes/shoes_1308.jpg,shoes,train
shoes/shoes_1309.jpg,shoes,train
shoes/shoes_1312.jpg,shoes,train
shoes/shoes_1313.jpg,shoes,train
shoes/shoes_1314.jpg,shoes,train
shoes/shoes_1315.jpg,shoes,train
shoes/shoes_1316.jpg,shoes,train
shoes/shoes_1317.jpg,shoes,train
shoes/shoes_132.jpg,shoes,train
shoes/shoes_1320.jpg,shoes,train
shoes/shoes_1321.jpg,shoes,train
shoes/shoes_1322.jpg,shoes,train
shoes/shoes_1323.jpg,shoes,train
shoes/shoes_1324.jpg,shoes,train
shoes/shoes_1325.jpg,shoes,train
shoes/shoes_1326.jpg,shoes,train
shoes/shoes_133.jpg,shoes,train
shoes/shoes_1330.jpg,shoes,train
shoes/shoes_1331.jpg,shoes,train
shoes/shoes_1332.jpg,shoes,train
shoes/shoes_1333.jpg,shoes,train
shoes/shoes_1334.jpg,shoes,train
shoes/shoes_1336.jpg,shoes,train
shoes/shoes_1337.jpg,shoes,train
shoes/shoes_134.jpg,shoes,train
shoes/shoes_1340.jpg,shoes,train
shoes/shoes_1343.jpg,shoes,train
shoes/shoes_1345.jpg,shoes,train
shoes/shoes_1346.jpg,shoes,train
shoes/shoes_1349.jpg,shoes,train
shoes/shoes_135.jpg,shoes,train
shoes/shoes_1350.jpg,shoes,train
shoes/shoes_1351.jpg,shoes,train
shoes/shoes_1353.jpg,shoes,train
shoes/shoes_1355.jpg,shoes,train
shoes/shoes_1356.jpg,shoes,train
shoes/shoes_1359.jpg,shoes,train
shoes/shoes_136.jpg,shoes,train
shoes/shoes_1362.jpg,shoes,train
shoes/shoes_1363.jpg,shoes,train
shoes/shoes_1364.jpg,shoes,train
shoes/shoes_1365.jpg,shoes,train
shoes/shoes_1366.jpg,shoes,train
shoes/shoes_1367.jpg,shoes,train
shoes/shoes_1368.jpg,shoes,train
shoes/shoes_1369.jpg,shoes,train
shoes/shoes_137.jpg,shoes,train
shoes/shoes_1371.jpg,shoes,train
shoes/shoes_1372.jpg,shoes,train
shoes/shoes_1373.jpg,shoes,train
shoes/shoes_1376.jpg,shoes,train
shoes/shoes_1377.jpg,shoes,train
shoes/shoes_138.jpg,shoes,train
shoes/shoes_1380.jpg,shoes,train
shoes/shoes_1381.jpg,shoes,train
shoes/shoes_1382.jpg,shoes,train
shoes/shoes_1384.jpg,shoes,train
shoes/shoes_1385.jpg,shoes,train
shoes/shoes_1388.jpg,shoes,train
shoes/shoes_1389.jpg,shoes,train
shoes/shoes_139.jpg,shoes,train
shoes/shoes_1390.jpg,shoes,train
shoes/shoes_1391.jpg,shoes,train
shoes/shoes_1396.jpg,shoes,train
shoes/shoes_1397.jpg,shoes,train
shoes/shoes_1399.jpg,shoes,train
shoes/shoes_14.jpg,shoes,train
shoes/shoes_140.jpg,shoes,train
shoes/shoes_1400.jpg,shoes,train
shoes/shoes_1401.jpg,shoes,train
shoes/shoes_1402.jpg,shoes,train
shoes/shoes_1403.jpg,shoes,train
shoes/shoes_1406.jpg,shoes,train
shoes/shoes_1408.jpg,shoes,train
shoes/shoes_1409.jpg,shoes,train
shoes/shoes_141.jpg,shoes,train
shoes/shoes_1410.jpg,shoes,train
shoes/shoes_1411.jpg,shoes,train
shoes/shoes_1412.jpg,shoes,train
shoes/shoes_1413.jpg,shoes,train
shoes/shoes_1414.jpg,shoes,train
shoes/shoes_1415.jpg,shoes,train
shoes/shoes_1416.jpg,shoes,train
shoes/shoes_1418.jpg,shoes,train
shoes/shoes_1419.jpg,shoes,train
shoes/shoes_142.jpg,shoes,train
shoes/shoes_1420.jpg,shoes,train
shoes/shoes_1421.jpg,shoes,train
shoes/shoes_1422.jpg,shoes,train
shoes/shoes_1425.jpg,shoes,train
shoes/shoes_1426.jpg,shoes,train
shoes/shoes_1427.jpg,shoes,train
shoes/shoes_1428.jpg,shoes,train
shoes/shoes_1429.jpg,shoes,train
shoes/shoes_143.jpg,shoes,train
shoes/shoes_1430.jpg,shoes,train
shoes/shoes_1431.jpg,shoes,train
shoes/shoes_1432.jpg,shoes,train
shoes/shoes_1434.jpg,shoes,train
shoes/shoes_1435.jpg,shoes,train
shoes/shoes_1436.jpg,shoes,train
shoes/shoes_1437.jpg,shoes,train
shoes/shoes_1438.jpg,shoes,train
shoes/shoes_144.jpg,shoes,train
shoes/shoes_1440.jpg,shoes,train
shoes/shoes_1442.jpg,shoes,train
shoes/shoes_1444.jpg,shoes,train
shoes/shoes_1445.jpg,shoes,train
shoes/shoes_1446.jpg,shoes,train
shoes/shoes_1448.jpg,shoes,train
shoes/shoes_1449.jpg,shoes,train
shoes/shoes_145.jpg,shoes,train
shoes/shoes_1450.jpg,shoes,train
shoes/shoes_1452.jpg,shoes,train
shoes/shoes_1453.jpg,shoes,train
shoes/shoes_1454.jpg,shoes,train
shoes/shoes_1456.jpg,shoes,train
shoes/shoes_1457.jpg,shoes,train
shoes/shoes_1459.jpg,shoes,train
shoes/shoes_1460.jpg,shoes,train
shoes/shoes_1463.jpg,shoes,train
shoes/shoes_1466.jpg,shoes,train
shoes/shoes_1467.jpg,shoes,train
shoes/shoes_1469.jpg,shoes,train
shoes/shoes_147.jpg,shoes,train
shoes/shoes_1470.jpg,shoes,train
shoes/shoes_1471.jpg,shoes,train
shoes/shoes_1473.jpg,shoes,train
shoes/shoes_1474.jpg,shoes,train
shoes/shoes_1476.jpg,shoes,train
shoes/shoes_1477.jpg,shoes,train
shoes/shoes_1478.jpg,shoes,train
shoes/shoes_148.jpg,shoes,train
shoes/shoes_1480.jpg,shoes,train
shoes/shoes_1481.jpg,shoes,train
shoes/shoes_1482.jpg,shoes,train
shoes/shoes_1483.jpg,shoes,train
shoes/shoes_1485.jpg,shoes,train
shoes/shoes_1486.jpg,shoes,train
shoes/shoes_1488.jpg,shoes,train
shoes/shoes_1489.jpg,shoes,train
shoes/shoes_149.jpg,shoes,train
shoes/shoes_1490.jpg,shoes,train
shoes/shoes_1492.jpg,shoes,train
shoes/shoes_1493.jpg,shoes,train
shoes/shoes_1494.jpg,shoes,train
shoes/shoes_1495.jpg,shoes,train
shoes/shoes_1496.jpg,shoes,train
shoes/shoes_1498.jpg,shoes,train
shoes/shoes_1499.jpg,shoes,train
shoes/shoes_150.jpg,shoes,train
shoes/shoes_1500.jpg,shoes,train
shoes/shoes_1501.jpg,shoes,train
shoes/shoes_1505.jpg,shoes,train
shoes/shoes_1506.jpg,shoes,train
shoes/shoes_1507.jpg,shoes,train
shoes/shoes_1509.jpg,shoes,train
shoes/shoes_151.jpg,shoes,train
shoes/shoes_1510.jpg,shoes,train
shoes/shoes_1511.jpg,shoes,train
shoes/shoes_1512.jpg,shoes,train
shoes/shoes_1513.jpg,shoes,train
shoes/shoes_1515.jpg,shoes,train
shoes/shoes_1516.jpg,shoes,train
shoes/shoes_1518.jpg,shoes,train
shoes/shoes_1522.jpg,shoes,train
shoes/shoes_1524.jpg,shoes,train
shoes/shoes_1527.jpg,shoes,train
shoes/shoes_1529.jpg,shoes,train
shoes/shoes_1530.jpg,shoes,train
shoes/shoes_1531.jpg,shoes,train
shoes/shoes_1532.jpg,shoes,train
shoes/shoes_1533.jpg,shoes,train
shoes/shoes_1534.jpg,shoes,train
shoes/shoes_1535.jpg,shoes,train
shoes/shoes_1536.jpg,shoes,train
shoes/shoes_1537.jpg,shoes,train
shoes/shoes_1538.jpg,shoes,train
shoes/shoes_1539.jpg,shoes,train
shoes/shoes_154.jpg,shoes,train
shoes/shoes_1540.jpg,shoes,train
shoes/shoes_1542.jpg,shoes,train
shoes/shoes_1544.jpg,shoes,train
shoes/shoes_1547.jpg,shoes,train
shoes/shoes_1548.jpg,shoes,train
shoes/shoes_1549.jpg,shoes,train
shoes/shoes_155.jpg,shoes,train
shoes/shoes_1550.jpg,shoes,train
shoes/shoes_1552.jpg,shoes,train
shoes/shoes_1554.jpg,shoes,train
shoes/shoes_1555.jpg,shoes,train
shoes/shoes_1556.jpg,shoes,train
shoes/shoes_1557.jpg,shoes,train
shoes/shoes_1558.jpg,shoes,train
shoes/shoes_1559.jpg,shoes,train
shoes/shoes_156.jpg,shoes,train
shoes/shoes_1561.jpg,shoes,train
shoes/shoes_1564.jpg,shoes,train
shoes/shoes_1565.jpg,shoes,train
shoes/shoes_1566.jpg,shoes,train
shoes/shoes_1567.jpg,shoes,train
shoes/shoes_157.jpg,shoes,train
shoes/shoes_1570.jpg,shoes,train
shoes/shoes_1571.jpg,shoes,train
shoes/shoes_1573.jpg,shoes,train
shoes/shoes_1575.jpg,shoes,train
shoes/shoes_1576.jpg,shoes,train
shoes/shoes_1577.jpg,shoes,train
shoes/shoes_1578.jpg,shoes,train
shoes/shoes_1580.jpg,shoes,train
shoes/shoes_1581.jpg,shoes,train
shoes/shoes_1583.jpg,shoes,train
shoes/shoes_1584.jpg,shoes,train
shoes/shoes_1585.jpg,shoes,train
shoes/shoes_1586.jpg,shoes,train
shoes/shoes_1588.jpg,shoes,train
shoes/shoes_1589.jpg,shoes,train
shoes/shoes_159.jpg,shoes,train
shoes/shoes_1591.jpg,shoes,train
shoes/shoes_1594.jpg,shoes,train
shoes/shoes_1595.jpg,shoes,train
shoes/shoes_1597.jpg,shoes,train
shoes/shoes_1598.jpg,shoes,train
shoes/shoes_1599.jpg,shoes,train
shoes/shoes_16.jpg,shoes,train
shoes/shoes_160.jpg,shoes,train
shoes/shoes_1600.jpg,shoes,train
shoes/shoes_1601.jpg,shoes,train
shoes/shoes_1602.jpg,shoes,train
shoes/shoes_1603.jpg,shoes,train
shoes/shoes_1604.jpg,shoes,train
shoes/shoes_1605.jpg,shoes,train
shoes/shoes_1607.jpg,shoes,train
shoes/shoes_1608.jpg,shoes,train
shoes/shoes_1609.jpg,shoes,train
shoes/shoes_1610.jpg,shoes,train
shoes/shoes_1611.jpg,shoes,train
shoes/shoes_1612.jpg,shoes,train
shoes/shoes_1613.jpg,shoes,train
shoes/shoes_1614.jpg,shoes,train
shoes/shoes_1615.jpg,shoes,train
shoes/shoes_1617.jpg,shoes,train
shoes/shoes_162.jpg,shoes,train
shoes/shoes_1621.jpg,shoes,train
shoes/shoes_1622.jpg,shoes,train
shoes/shoes_1623.jpg,shoes,train
shoes/shoes_1624.jpg,shoes,train
shoes/shoes_1625.jpg,shoes,train
shoes/shoes_1626.jpg,shoes,train
shoes/shoes_1627.jpg,shoes,train
shoes/shoes_1628.jpg,shoes,train
shoes/shoes_1630.jpg,shoes,train
shoes/shoes_1631.jpg,shoes,train
shoes/shoes_1632.jpg,shoes,train
shoes/shoes_1633.jpg,shoes,train
shoes/shoes_1634.jpg,shoes,train
shoes/shoes_1635.jpg,shoes,train
shoes/shoes_1636.jpg,shoes,train
shoes/shoes_1637.jpg,shoes,train
shoes/shoes_1639.jpg,shoes,train
shoes/shoes_164.jpg,shoes,train
shoes/shoes_1640.jpg,shoes,train
shoes/shoes_1641.jpg,shoes,train
shoes/shoes_1642.jpg,shoes,train
shoes/shoes_1643.jpg,shoes,train
shoes/shoes_1644.jpg,shoes,train
shoes/shoes_1645.jpg,shoes,train
shoes/shoes_1646.jpg,shoes,train
shoes/shoes_1648.jpg,shoes,train
shoes/shoes_1649.jpg,shoes,train
shoes/shoes_165.jpg,shoes,train
shoes/shoes_1650.jpg,shoes,train
shoes/shoes_1651.jpg,shoes,train
shoes/shoes_1656.jpg,shoes,train
shoes/shoes_1657.jpg,shoes,train
shoes/shoes_1658.jpg,shoes,train
shoes/shoes_1659.jpg,shoes,train
shoes/shoes_166.jpg,shoes,train
shoes/shoes_1660.jpg,shoes,train
shoes/shoes_1661.jpg,shoes,train
shoes/shoes_1662.jpg,shoes,train
shoes/shoes_1663.jpg,shoes,train
shoes/shoes_1664.jpg,shoes,train
shoes/shoes_1666.jpg,shoes,train
shoes/shoes_1667.jpg,shoes,train
shoes/shoes_1668.jpg,shoes,train
shoes/shoes_1670.jpg,shoes,train
shoes/shoes_1671.jpg,shoes,train
shoes/shoes_1672.jpg,shoes,train
shoes/shoes_1673.jpg,shoes,train
shoes/shoes_1674.jpg,shoes,train
shoes/shoes_1676.jpg,shoes,train
shoes/shoes_1679.jpg,shoes,train
shoes/shoes_1681.jpg,shoes,train
shoes/shoes_1682.jpg,shoes,train
shoes/shoes_1683.jpg,shoes,train
shoes/shoes_1685.jpg,shoes,train
shoes/shoes_1686.jpg,shoes,train
shoes/shoes_1687.jpg,shoes,train
shoes/shoes_1688.jpg,shoes,train
shoes/shoes_1689.jpg,shoes,train
shoes/shoes_169.jpg,shoes,train
shoes/shoes_1690.jpg,shoes,train
shoes/shoes_1691.jpg,shoes,train
shoes/shoes_1692.jpg,shoes,train
shoes/shoes_1693.jpg,shoes,train
shoes/shoes_1695.jpg,shoes,train
shoes/shoes_1696.jpg,shoes,train
shoes/shoes_1698.jpg,shoes,train
shoes/shoes_1699.jpg,shoes,train
shoes/shoes_17.jpg,shoes,train
shoes/shoes_1702.jpg,shoes,train
shoes/shoes_1703.jpg,shoes,train
shoes/shoes_1704.jpg,shoes,train
shoes/shoes_1707.jpg,shoes,train
shoes/shoes_1709.jpg,shoes,train
shoes/shoes_171.jpg,shoes,train
shoes/shoes_1710.jpg,shoes,train
shoes/shoes_1712.jpg,shoes,train
shoes/shoes_1713.jpg,shoes,train
shoes/shoes_1714.jpg,shoes,train
shoes/shoes_1715.jpg,shoes,train
shoes/shoes_1716.jpg,shoes,train
shoes/shoes_1717.jpg,shoes,train
shoes/shoes_1718.jpg,shoes,train
shoes/shoes_172.jpg,shoes,train
shoes/shoes_1720.jpg,shoes,train
shoes/shoes_1721.jpg,shoes,train
shoes/shoes_1722.jpg,shoes,train
shoes/shoes_1723.jpg,shoes,train
shoes/shoes_1724.jpg,shoes,train
shoes/shoes_1725.jpg,shoes,train
shoes/shoes_1726.jpg,shoes,train
shoes/shoes_1728.jpg,shoes,train
shoes/shoes_1729.jpg,shoes,train
shoes/shoes_1731.jpg,shoes,train
shoes/shoes_1734.jpg,shoes,train
shoes/shoes_1735.jpg,shoes,train
shoes/shoes_1736.jpg,shoes,train
shoes/shoes_1737.jpg,shoes,train
shoes/shoes_1738.jpg,shoes,train
shoes/shoes_1739.jpg,shoes,train
shoes/shoes_1742.jpg,shoes,train
shoes/shoes_1744.jpg,shoes,train
shoes/shoes_1746.jpg,shoes,train
shoes/shoes_1747.jpg,shoes,train
shoes/shoes_1749.jpg,shoes,train
shoes/shoes_175.jpg,shoes,train
shoes/shoes_1750.jpg,shoes,train
shoes/shoes_1752.jpg,shoes,train
shoes/shoes_1753.jpg,shoes,train
shoes/shoes_1755.jpg,shoes,train
shoes/shoes_1756.jpg,shoes,train
shoes/shoes_1757.jpg,shoes,train
shoes/shoes_1762.jpg,shoes,train
shoes/shoes_1763.jpg,shoes,train
shoes/shoes_1764.jpg,shoes,train
shoes/shoes_1765.jpg,shoes,train
shoes/shoes_1766.jpg,shoes,train
shoes/shoes_1767.jpg,shoes,train
shoes/shoes_177.jpg,shoes,train
shoes/shoes_1770.jpg,shoes,train
shoes/shoes_1771.jpg,shoes,train
shoes/shoes_1772.jpg,shoes,train
shoes/shoes_1773.jpg,shoes,train
shoes/shoes_1774.jpg,shoes,train
shoes/shoes_1775.jpg,shoes,train
shoes/shoes_1779.jpg,shoes,train
shoes/shoes_178.jpg,shoes,train
shoes/shoes_1780.jpg,shoes,train
shoes/shoes_1781.jpg,shoes,train
shoes/shoes_1782.jpg,shoes,train
shoes/shoes_1783.jpg,shoes,train
shoes/shoes_1784.jpg,shoes,train
shoes/shoes_1786.jpg,shoes,train
shoes/shoes_1787.jpg,shoes,train
shoes/shoes_1788.jpg,shoes,train
shoes/shoes_1789.jpg,shoes,train
shoes/shoes_179.jpg,shoes,train
shoes/shoes_1790.jpg,shoes,train
shoes/shoes_1791.jpg,shoes,train
shoes/shoes_1792.jpg,shoes,train
shoes/shoes_1793.jpg,shoes,train
shoes/shoes_1795.jpg,shoes,train
shoes/shoes_1797.jpg,shoes,train
shoes/shoes_1798.jpg,shoes,train
shoes/shoes_1799.jpg,shoes,train
shoes/shoes_18.jpg,shoes,train
shoes/shoes_180.jpg,shoes,train
shoes/shoes_1800.jpg,shoes,train
shoes/shoes_1801.jpg,shoes,train
shoes/shoes_1802.jpg,shoes,train
shoes/shoes_1804.jpg,shoes,train
shoes/shoes_1805.jpg,shoes,train
shoes/shoes_1806.jpg,shoes,train
shoes/shoes_1807.jpg,shoes,train
shoes/shoes_1808.jpg,shoes,train
shoes/shoes_1809.jpg,shoes,train
shoes/shoes_1812.jpg,shoes,train
shoes/shoes_1814.jpg,shoes,train
shoes/shoes_1816.jpg,shoes,train
shoes/shoes_1817.jpg,shoes,train
shoes/shoes_1819.jpg,shoes,train
shoes/shoes_182.jpg,shoes,train
shoes/shoes_1822.jpg,shoes,train
shoes/shoes_1824.jpg,shoes,train
shoes/shoes_1825.jpg,shoes,train
shoes/shoes_1826.jpg,shoes,train
shoes/shoes_1827.jpg,shoes,train
shoes/shoes_1828.jpg,shoes,train
shoes/shoes_1829.jpg,shoes,train
shoes/shoes_183.jpg,shoes,train
shoes/shoes_1831.jpg,shoes,train
shoes/shoes_1833.jpg,shoes,train
shoes/shoes_1834.jpg,shoes,train
shoes/shoes_1835.jpg,shoes,train
shoes/shoes_1836.jpg,shoes,train
shoes/shoes_1837.jpg,shoes,train
shoes/shoes_1839.jpg,shoes,train
shoes/shoes_184.jpg,shoes,train
shoes/shoes_1840.jpg,shoes,train
shoes/shoes_1841.jpg,shoes,train
shoes/shoes_1842.jpg,shoes,train
shoes/shoes_1843.jpg,shoes,train
shoes/shoes_1844.jpg,shoes,train
shoes/shoes_1845.jpg,shoes,train
shoes/shoes_1846.jpg,shoes,train
shoes/shoes_1849.jpg,shoes,train
shoes/shoes_185.jpg,shoes,train
shoes/shoes_1850.jpg,shoes,train
shoes/shoes_1852.jpg,shoes,train
shoes/shoes_1853.jpg,shoes,train
shoes/shoes_1854.jpg,shoes,train
shoes/shoes_1855.jpg,shoes,train
shoes/shoes_1856.jpg,shoes,train
shoes/shoes_1859.jpg,shoes,train
shoes/shoes_186.jpg,shoes,train
shoes/shoes_1863.jpg,shoes,train
shoes/shoes_1864.jpg,shoes,train
shoes/shoes_1865.jpg,shoes,train
shoes/shoes_1866.jpg,shoes,train
shoes/shoes_1867.jpg,shoes,train
shoes/shoes_1868.jpg,shoes,train
shoes/shoes_1871.jpg,shoes,train
shoes/shoes_1872.jpg,shoes,train
shoes/shoes_1874.jpg,shoes,train
shoes/shoes_1875.jpg,shoes,train
shoes/shoes_1876.jpg,shoes,train
shoes/shoes_1877.jpg,shoes,train
shoes/shoes_1878.jpg,shoes,train
shoes/shoes_188.jpg,shoes,train
shoes/shoes_1880.jpg,shoes,train
shoes/shoes_1881.jpg,shoes,train
shoes/shoes_1882.jpg,shoes,train
shoes/shoes_1887.jpg,shoes,train
shoes/shoes_1893.jpg,shoes,train
shoes/shoes_1894.jpg,shoes,train
shoes/shoes_1895.jpg,shoes,train
shoes/shoes_1899.jpg,shoes,train
shoes/shoes_19.jpg,shoes,train
shoes/shoes_190.jpg,shoes,train
shoes/shoes_1901.jpg,shoes,train
shoes/shoes_1902.jpg,shoes,train
shoes/shoes_1903.jpg,shoes,train
shoes/shoes_1904.jpg,shoes,train
shoes/shoes_1905.jpg,shoes,train
shoes/shoes_1907.jpg,shoes,train
shoes/shoes_1909.jpg,shoes,train
shoes/shoes_191.jpg,shoes,train
shoes/shoes_1910.jpg,shoes,train
shoes/shoes_1911.jpg,shoes,train
shoes/shoes_1912.jpg,shoes,train
shoes/shoes_1915.jpg,shoes,train
shoes/shoes_1917.jpg,shoes,train
shoes/shoes_1918.jpg,shoes,train
shoes/shoes_1919.jpg,shoes,train
shoes/shoes_192.jpg,shoes,train
shoes/shoes_1920.jpg,shoes,train
shoes/shoes_1922.jpg,shoes,train
shoes/shoes_1923.jpg,shoes,train
shoes/shoes_1925.jpg,shoes,train
shoes/shoes_1926.jpg,shoes,train
shoes/shoes_1927.jpg,shoes,train
shoes/shoes_1928.jpg,shoes,train
shoes/shoes_193.jpg,shoes,train
shoes/shoes_1930.jpg,shoes,train
shoes/shoes_1931.jpg,shoes,train
shoes/shoes_1932.jpg,shoes,train
shoes/shoes_1934.jpg,shoes,train
shoes/shoes_1935.jpg,shoes,train
shoes/shoes_1936.jpg,shoes,train
shoes/shoes_1938.jpg,shoes,train
shoes/shoes_1940.jpg,shoes,train
shoes/shoes_1941.jpg,shoes,train
shoes/shoes_1942.jpg,shoes,train
shoes/shoes_1943.jpg,shoes,train
shoes/shoes_1944.jpg,shoes,train
shoes/shoes_1945.jpg,shoes,train
shoes/shoes_1946.jpg,shoes,train
shoes/shoes_1947.jpg,shoes,train
shoes/shoes_1948.jpg,shoes,train
shoes/shoes_1949.jpg,shoes,train
shoes/shoes_195.jpg,shoes,train
shoes/shoes_1950.jpg,shoes,train
shoes/shoes_1951.jpg,shoes,train
shoes/shoes_1953.jpg,shoes,train
shoes/shoes_1956.jpg,shoes,train
shoes/shoes_1957.jpg,shoes,train
shoes/shoes_1959.jpg,shoes,train
shoes/shoes_196.jpg,shoes,train
shoes/shoes_1960.jpg,shoes,train
shoes/shoes_1961.jpg,shoes,train
shoes/shoes_1963.jpg,shoes,train
shoes/shoes_1965.jpg,shoes,train
shoes/shoes_1966.jpg,shoes,train
shoes/shoes_1968.jpg,shoes,train
shoes/shoes_1969.jpg,shoes,train
shoes/shoes_197.jpg,shoes,train
shoes/shoes_1970.jpg,shoes,train
shoes/shoes_1972.jpg,shoes,train
shoes/shoes_1973.jpg,shoes,train
shoes/shoes_1974.jpg,shoes,train
shoes/shoes_1975.jpg,shoes,train
shoes/shoes_1976.jpg,shoes,train
shoes/shoes_1977.jpg,shoes,train
shoes/shoes_198.jpg,shoes,train
shoes/shoes_2.jpg,shoes,train
shoes/shoes_201.jpg,shoes,train
shoes/shoes_202.jpg,shoes,train
shoes/shoes_203.jpg,shoes,train
shoes/shoes_204.jpg,shoes,train
shoes/shoes_205.jpg,shoes,train
shoes/shoes_207.jpg,shoes,train
shoes/shoes_208.jpg,shoes,train
shoes/shoes_209.jpg,shoes,train
shoes/shoes_21.jpg,shoes,train
shoes/shoes_210.jpg,shoes,train
shoes/shoes_211.jpg,shoes,train
shoes/shoes_216.jpg,shoes,train
shoes/shoes_217.jpg,shoes,train
shoes/shoes_218.jpg,shoes,train
shoes/shoes_219.jpg,shoes,train
shoes/shoes_22.jpg,shoes,train
shoes/shoes_220.jpg,shoes,train
shoes/shoes_221.jpg,shoes,train
shoes/shoes_222.jpg,shoes,train
shoes/shoes_223.jpg,shoes,train
shoes/shoes_224.jpg,shoes,train
shoes/shoes_225.jpg,shoes,train
shoes/shoes_227.jpg,shoes,train
shoes/shoes_228.jpg,shoes,train
shoes/shoes_229.jpg,shoes,train
shoes/shoes_23.jpg,shoes,train
shoes/shoes_230.jpg,shoes,train
shoes/shoes_231.jpg,shoes,train
shoes/shoes_232.jpg,shoes,train
shoes/shoes_233.jpg,shoes,train
shoes/shoes_235.jpg,shoes,train
shoes/shoes_237.jpg,shoes,train
shoes/shoes_238.jpg,shoes,train
shoes/shoes_239.jpg,shoes,train
shoes/shoes_24.jpg,shoes,train
shoes/shoes_240.jpg,shoes,train
shoes/shoes_241.jpg,shoes,train
shoes/shoes_242.jpg,shoes,train
shoes/shoes_244.jpg,shoes,train
shoes/shoes_245.jpg,shoes,train
shoes/shoes_246.jpg,shoes,train
shoes/shoes_249.jpg,shoes,train
shoes/shoes_25.jpg,shoes,train
shoes/shoes_251.jpg,shoes,train
shoes/shoes_252.jpg,shoes,train
shoes/shoes_255.jpg,shoes,train
shoes/shoes_257.jpg,shoes,train
shoes/shoes_259.jpg,shoes,train
shoes/shoes_26.jpg,shoes,train
shoes/shoes_260.jpg,shoes,train
shoes/shoes_263.jpg,shoes,train
shoes/shoes_265.jpg,shoes,train
shoes/shoes_266.jpg,shoes,train
shoes/shoes_267.jpg,shoes,train
shoes/shoes_268.jpg,shoes,train
shoes/shoes_27.jpg,shoes,train
shoes/shoes_270.jpg,shoes,train
shoes/shoes_271.jpg,shoes,train
shoes/shoes_272.jpg,shoes,train
shoes/shoes_274.jpg,shoes,train
shoes/shoes_275.jpg,shoes,train
shoes/shoes_276.jpg,shoes,train
shoes/shoes_278.jpg,shoes,train
shoes/shoes_279.jpg,shoes,train
shoes/shoes_28.jpg,shoes,train
shoes/shoes_281.jpg,shoes,train
shoes/shoes_282.jpg,shoes,train
shoes/shoes_283.jpg,shoes,train
shoes/shoes_285.jpg,shoes,train
shoes/shoes_286.jpg,shoes,train
shoes/shoes_287.jpg,shoes,train
shoes/shoes_288.jpg,shoes,train
shoes/shoes_289.jpg,shoes,train
shoes/shoes_29.jpg,shoes,train
shoes/shoes_291.jpg,shoes,train
shoes/shoes_292.jpg,shoes,train
shoes/shoes_293.jpg,shoes,train
shoes/shoes_294.jpg,shoes,train
shoes/shoes_295.jpg,shoes,train
shoes/shoes_296.jpg,shoes,train
shoes/shoes_297.jpg,shoes,train
shoes/shoes_298.jpg,shoes,train
shoes/shoes_299.jpg,shoes,train
shoes/shoes_3.jpg,shoes,train
shoes/shoes_300.jpg,shoes,train
shoes/shoes_301.jpg,shoes,train
shoes/shoes_302.jpg,shoes,train
shoes/shoes_304.jpg,shoes,train
shoes/shoes_307.jpg,shoes,train
shoes/shoes_308.jpg,shoes,train
shoes/shoes_311.jpg,shoes,train
shoes/shoes_313.jpg,shoes,train
shoes/shoes_314.jpg,shoes,train
shoes/shoes_316.jpg,shoes,train
shoes/shoes_317.jpg,shoes,train
shoes/shoes_319.jpg,shoes,train
shoes/shoes_32.jpg,shoes,train
shoes/shoes_320.jpg,shoes,train
shoes/shoes_322.jpg,shoes,train
shoes/shoes_323.jpg,shoes,train
shoes/shoes_324.jpg,shoes,train
shoes/shoes_325.jpg,shoes,train
shoes/shoes_326.jpg,shoes,train
shoes/shoes_327.jpg,shoes,train
shoes/shoes_329.jpg,shoes,train
shoes/shoes_330.jpg,shoes,train
shoes/shoes_331.jpg,shoes,train
shoes/shoes_332.jpg,shoes,train
shoes/shoes_334.jpg,shoes,train
shoes/shoes_335.jpg,shoes,train
shoes/shoes_339.jpg,shoes,train
shoes/shoes_340.jpg,shoes,train
shoes/shoes_343.jpg,shoes,train
shoes/shoes_345.jpg,shoes,train
shoes/shoes_347.jpg,shoes,train
shoes/shoes_348.jpg,shoes,train
shoes/shoes_349.jpg,shoes,train
shoes/shoes_35.jpg,shoes,train
shoes/shoes_350.jpg,shoes,train
shoes/shoes_351.jpg,shoes,train
shoes/shoes_352.jpg,shoes,train
shoes/shoes_353.jpg,shoes,train
shoes/shoes_354.jpg,shoes,train
shoes/shoes_355.jpg,shoes,train
shoes/shoes_356.jpg,shoes,train
shoes/shoes_359.jpg,shoes,train
shoes/shoes_360.jpg,shoes,train
shoes/shoes_361.jpg,shoes,train
shoes/shoes_363.jpg,shoes,train
shoes/shoes_364.jpg,shoes,train
shoes/shoes_365.jpg,shoes,train
shoes/shoes_366.jpg,shoes,train
shoes/shoes_367.jpg,shoes,train
shoes/shoes_368.jpg,shoes,train
shoes/shoes_369.jpg,shoes,train
shoes/shoes_370.jpg,shoes,train
shoes/shoes_372.jpg,shoes,train
shoes/shoes_373.jpg,shoes,train
shoes/shoes_374.jpg,shoes,train
shoes/shoes_375.jpg,shoes,train
shoes/shoes_377.jpg,shoes,train
shoes/shoes_378.jpg,shoes,train
shoes/shoes_38.jpg,shoes,train
shoes/shoes_380.jpg,shoes,train
shoes/shoes_381.jpg,shoes,train
shoes/shoes_382.jpg,shoes,train
shoes/shoes_384.jpg,shoes,train
shoes/shoes_385.jpg,shoes,train
shoes/shoes_386.jpg,shoes,train
shoes/shoes_387.jpg,shoes,train
shoes/shoes_388.jpg,shoes,train
shoes/shoes_389.jpg,shoes,train
shoes/shoes_391.jpg,shoes,train
shoes/shoes_392.jpg,shoes,train
shoes/shoes_393.jpg,shoes,train
shoes/shoes_394.jpg,shoes,train
shoes/shoes_395.jpg,shoes,train
shoes/shoes_396.jpg,shoes,train
shoes/shoes_397.jpg,shoes,train
shoes/shoes_398.jpg,shoes,train
shoes/shoes_399.jpg,shoes,train
shoes/shoes_40.jpg,shoes,train
shoes/shoes_400.jpg,shoes,train
shoes/shoes_401.jpg,shoes,train
shoes/shoes_403.jpg,shoes,train
shoes/shoes_404.jpg,shoes,train
shoes/shoes_405.jpg,shoes,train
shoes/shoes_406.jpg,shoes,train
shoes/shoes_408.jpg,shoes,train
shoes/shoes_41.jpg,shoes,train
shoes/shoes_410.jpg,shoes,train
shoes/shoes_413.jpg,shoes,train
shoes/shoes_414.jpg,shoes,train
shoes/shoes_415.jpg,shoes,train
shoes/shoes_417.jpg,shoes,train
shoes/shoes_419.jpg,shoes,train
shoes/shoes_42.jpg,shoes,train
shoes/shoes_420.jpg,shoes,train
shoes/shoes_421.jpg,shoes,train
shoes/shoes_422.jpg,shoes,train
shoes/shoes_425.jpg,shoes,train
shoes/shoes_426.jpg,shoes,train
shoes/shoes_429.jpg,shoes,train
shoes/shoes_430.jpg,shoes,train
shoes/shoes_431.jpg,shoes,train
shoes/shoes_432.jpg,shoes,train
shoes/shoes_433.jpg,shoes,train
shoes/shoes_435.jpg,shoes,train
shoes/shoes_436.jpg,shoes,train
shoes/shoes_438.jpg,shoes,train
shoes/shoes_44.jpg,shoes,train
shoes/shoes_440.jpg,shoes,train
shoes/shoes_441.jpg,shoes,train
shoes/shoes_443.jpg,shoes,train
shoes/shoes_446.jpg,shoes,train
shoes/shoes_448.jpg,shoes,train
shoes/shoes_45.jpg,shoes,train
shoes/shoes_451.jpg,shoes,train
shoes/shoes_452.jpg,shoes,train
shoes/shoes_453.jpg,shoes,train
shoes/shoes_454.jpg,shoes,train
shoes/shoes_455.jpg,shoes,train
shoes/shoes_456.jpg,shoes,train
shoes/shoes_457.jpg,shoes,train
shoes/shoes_459.jpg,shoes,train
shoes/shoes_46.jpg,shoes,train
shoes/shoes_460.jpg,shoes,train
shoes/shoes_462.jpg,shoes,train
shoes/shoes_463.jpg,shoes,train
shoes/shoes_464.jpg,shoes,train
shoes/shoes_465.jpg,shoes,train
shoes/shoes_466.jpg,shoes,train
shoes/shoes_468.jpg,shoes,train
shoes/shoes_469.jpg,shoes,train
shoes/shoes_47.jpg,shoes,train
shoes/shoes_470.jpg,shoes,train
shoes/shoes_471.jpg,shoes,train
shoes/shoes_474.jpg,shoes,train
shoes/shoes_475.jpg,shoes,train
shoes/shoes_476.jpg,shoes,train
shoes/shoes_477.jpg,shoes,train
shoes/shoes_48.jpg,shoes,train
shoes/shoes_481.jpg,shoes,train
shoes/shoes_482.jpg,shoes,train
shoes/shoes_483.jpg,shoes,train
shoes/shoes_484.jpg,shoes,train
shoes/shoes_486.jpg,shoes,train
shoes/shoes_487.jpg,shoes,train
shoes/shoes_489.jpg,shoes,train
shoes/shoes_490.jpg,shoes,train
shoes/shoes_493.jpg,shoes,train
shoes/shoes_495.jpg,shoes,train
shoes/shoes_496.jpg,shoes,train
shoes/shoes_497.jpg,shoes,train
shoes/shoes_498.jpg,shoes,train
shoes/shoes_499.jpg,shoes,train
shoes/shoes_5.jpg,shoes,train
shoes/shoes_50.jpg,shoes,train
shoes/shoes_500.jpg,shoes,train
shoes/shoes_502.jpg,shoes,train
shoes/shoes_503.jpg,shoes,train
shoes/shoes_506.jpg,shoes,train
shoes/shoes_507.jpg,shoes,train
shoes/shoes_508.jpg,shoes,train
shoes/shoes_509.jpg,shoes,train
shoes/shoes_51.jpg,shoes,train
shoes/shoes_510.jpg,shoes,train
shoes/shoes_511.jpg,shoes,train
shoes/shoes_512.jpg,shoes,train
shoes/shoes_513.jpg,shoes,train
shoes/shoes_514.jpg,shoes,train
shoes/shoes_515.jpg,shoes,train
shoes/shoes_516.jpg,shoes,train
shoes/shoes_518.jpg,shoes,train
shoes/shoes_519.jpg,shoes,train
shoes/shoes_52.jpg,shoes,train
shoes/shoes_520.jpg,shoes,train
shoes/shoes_521.jpg,shoes,train
shoes/shoes_523.jpg,shoes,train
shoes/shoes_525.jpg,shoes,train
shoes/shoes_526.jpg,shoes,train
shoes/shoes_527.jpg,shoes,train
shoes/shoes_528.jpg,shoes,train
shoes/shoes_529.jpg,shoes,train
shoes/shoes_53.jpg,shoes,train
shoes/shoes_531.jpg,shoes,train
shoes/shoes_532.jpg,shoes,train
shoes/shoes_534.jpg,shoes,train
shoes/shoes_535.jpg,shoes,train
shoes/shoes_536.jpg,shoes,train
shoes/shoes_537.jpg,shoes,train
shoes/shoes_538.jpg,shoes,train
shoes/shoes_54.jpg,shoes,train
shoes/shoes_541.jpg,shoes,train
shoes/shoes_542.jpg,shoes,train
shoes/shoes_545.jpg,shoes,train
shoes/shoes_546.jpg,shoes,train
shoes/shoes_547.jpg,shoes,train
shoes/shoes_548.jpg,shoes,train
shoes/shoes_549.jpg,shoes,train
shoes/shoes_551.jpg,shoes,train
shoes/shoes_552.jpg,shoes,train
shoes/shoes_553.jpg,shoes,train
shoes/shoes_555.jpg,shoes,train
shoes/shoes_556.jpg,shoes,train
shoes/shoes_558.jpg,shoes,train
shoes/shoes_559.jpg,shoes,train
shoes/shoes_56.jpg,shoes,train
shoes/shoes_560.jpg,shoes,train
shoes/shoes_561.jpg,shoes,train
shoes/shoes_562.jpg,shoes,train
shoes/shoes_563.jpg,shoes,train
shoes/shoes_564.jpg,shoes,train
shoes/shoes_565.jpg,shoes,train
shoes/shoes_566.jpg,shoes,train
shoes/shoes_568.jpg,shoes,train
shoes/shoes_569.jpg,shoes,train
shoes/shoes_57.jpg,shoes,train
shoes/shoes_570.jpg,shoes,train
shoes/shoes_571.jpg,shoes,train
shoes/shoes_572.jpg,shoes,train
shoes/shoes_573.jpg,shoes,train
shoes/shoes_574.jpg,shoes,train
shoes/shoes_575.jpg,shoes,train
shoes/shoes_576.jpg,shoes,train
shoes/shoes_577.jpg,shoes,train
shoes/shoes_578.jpg,shoes,train
shoes/shoes_579.jpg,shoes,train
shoes/shoes_58.jpg,shoes,train
shoes/shoes_580.jpg,shoes,train
shoes/shoes_581.jpg,shoes,train
shoes/shoes_583.jpg,shoes,train
shoes/shoes_584.jpg,shoes,train
shoes/shoes_585.jpg,shoes,train
shoes/shoes_586.jpg,shoes,train
shoes/shoes_587.jpg,shoes,train
shoes/shoes_589.jpg,shoes,train
shoes/shoes_592.jpg,shoes,train
shoes/shoes_593.jpg,shoes,train
shoes/shoes_594.jpg,shoes,train
shoes/shoes_595.jpg,shoes,train
shoes/shoes_597.jpg,shoes,train
shoes/shoes_598.jpg,shoes,train
shoes/shoes_60.jpg,shoes,train
shoes/shoes_600.jpg,shoes,train
shoes/shoes_601.jpg,shoes,train
shoes/shoes_603.jpg,shoes,train
shoes/shoes_604.jpg,shoes,train
shoes/shoes_605.jpg,shoes,train
shoes/shoes_606.jpg,shoes,train
shoes/shoes_609.jpg,shoes,train
shoes/shoes_61.jpg,shoes,train
shoes/shoes_610.jpg,shoes,train
shoes/shoes_615.jpg,shoes,train
shoes/shoes_618.jpg,shoes,train
shoes/shoes_619.jpg,shoes,train
shoes/shoes_620.jpg,shoes,train
shoes/shoes_622.jpg,shoes,train
shoes/shoes_626.jpg,shoes,train
shoes/shoes_627.jpg,shoes,train
shoes/shoes_629.jpg,shoes,train
shoes/shoes_63.jpg,shoes,train
shoes/shoes_632.jpg,shoes,train
shoes/shoes_634.jpg,shoes,train
shoes/shoes_635.jpg,shoes,train
shoes/shoes_636.jpg,shoes,train
shoes/shoes_637.jpg,shoes,train
shoes/shoes_639.jpg,shoes,train
shoes/shoes_640.jpg,shoes,train
shoes/shoes_642.jpg,shoes,train
shoes/shoes_643.jpg,shoes,train
shoes/shoes_645.jpg,shoes,train
shoes/shoes_646.jpg,shoes,train
shoes/shoes_647.jpg,shoes,train
shoes/shoes_648.jpg,shoes,train
shoes/shoes_649.jpg,shoes,train
shoes/shoes_650.jpg,shoes,train
shoes/shoes_652.jpg,shoes,train
shoes/shoes_654.jpg,shoes,train
shoes/shoes_655.jpg,shoes,train
shoes/shoes_657.jpg,shoes,train
shoes/shoes_659.jpg,shoes,train
shoes/shoes_661.jpg,shoes,train
shoes/shoes_662.jpg,shoes,train
shoes/shoes_663.jpg,shoes,train
shoes/shoes_664.jpg,shoes,train
shoes/shoes_665.jpg,shoes,train
shoes/shoes_667.jpg,shoes,train
shoes/shoes_668.jpg,shoes,train
shoes/shoes_669.jpg,shoes,train
shoes/shoes_67.jpg,shoes,train
shoes/shoes_671.jpg,shoes,train
shoes/shoes_672.jpg,shoes,train
shoes/shoes_673.jpg,shoes,train
shoes/shoes_674.jpg,shoes,train
shoes/shoes_677.jpg,shoes,train
shoes/shoes_678.jpg,shoes,train
shoes/shoes_68.jpg,shoes,train
shoes/shoes_680.jpg,shoes,train
shoes/shoes_682.jpg,shoes,train
shoes/shoes_683.jpg,shoes,train
shoes/shoes_686.jpg,shoes,train
shoes/shoes_688.jpg,shoes,train
shoes/shoes_689.jpg,shoes,train
shoes/shoes_69.jpg,shoes,train
shoes/shoes_690.jpg,shoes,train
shoes/shoes_691.jpg,shoes,train
shoes/shoes_692.jpg,shoes,train
shoes/shoes_693.jpg,shoes,train
shoes/shoes_694.jpg,shoes,train
shoes/shoes_695.jpg,shoes,train
shoes/shoes_696.jpg,shoes,train
shoes/shoes_697.jpg,shoes,train
shoes/shoes_698.jpg,shoes,train
shoes/shoes_699.jpg,shoes,train
shoes/shoes_70.jpg,shoes,train
shoes/shoes_700.jpg,shoes,train
shoes/shoes_701.jpg,shoes,train
shoes/shoes_703.jpg,shoes,train
shoes/shoes_704.jpg,shoes,train
shoes/shoes_705.jpg,shoes,train
shoes/shoes_706.jpg,shoes,train
shoes/shoes_707.jpg,shoes,train
shoes/shoes_708.jpg,shoes,train
shoes/shoes_709.jpg,shoes,train
shoes/shoes_712.jpg,shoes,train
shoes/shoes_713.jpg,shoes,train
shoes/shoes_714.jpg,shoes,train
shoes/shoes_717.jpg,shoes,train
shoes/shoes_718.jpg,shoes,train
shoes/shoes_719.jpg,shoes,train
shoes/shoes_72.jpg,shoes,train
shoes/shoes_720.jpg,shoes,train
shoes/shoes_721.jpg,shoes,train
shoes/shoes_724.jpg,shoes,train
shoes/shoes_725.jpg,shoes,train
shoes/shoes_728.jpg,shoes,train
shoes/shoes_729.jpg,shoes,train
shoes/shoes_73.jpg,shoes,train
shoes/shoes_730.jpg,shoes,train
shoes/shoes_732.jpg,shoes,train
shoes/shoes_733.jpg,shoes,train
shoes/shoes_734.jpg,shoes,train
shoes/shoes_736.jpg,shoes,train
shoes/shoes_739.jpg,shoes,train
shoes/shoes_740.jpg,shoes,train
shoes/shoes_742.jpg,shoes,train
shoes/shoes_745.jpg,shoes,train
shoes/shoes_746.jpg,shoes,train
shoes/shoes_747.jpg,shoes,train
shoes/shoes_749.jpg,shoes,train
shoes/shoes_75.jpg,shoes,train
shoes/shoes_750.jpg,shoes,train
shoes/shoes_751.jpg,shoes,train
shoes/shoes_752.jpg,shoes,train
shoes/shoes_754.jpg,shoes,train
shoes/shoes_755.jpg,shoes,train
shoes/shoes_757.jpg,shoes,train
shoes/shoes_758.jpg,shoes,train
shoes/shoes_76.jpg,shoes,train
shoes/shoes_761.jpg,shoes,train
shoes/shoes_763.jpg,shoes,train
shoes/shoes_767.jpg,shoes,train
shoes/shoes_769.jpg,shoes,train
shoes/shoes_77.jpg,shoes,train
shoes/shoes_770.jpg,shoes,train
shoes/shoes_773.jpg,shoes,train
shoes/shoes_774.jpg,shoes,train
shoes/shoes_775.jpg,shoes,train
shoes/shoes_777.jpg,shoes,train
shoes/shoes_778.jpg,shoes,train
shoes/shoes_779.jpg,shoes,train
shoes/shoes_78.jpg,shoes,train
shoes/shoes_780.jpg,shoes,train
shoes/shoes_781.jpg,shoes,train
shoes/shoes_782.jpg,shoes,train
shoes/shoes_783.jpg,shoes,train
shoes/shoes_784.jpg,shoes,train
shoes/shoes_787.jpg,shoes,train
shoes/shoes_791.jpg,shoes,train
shoes/shoes_793.jpg,shoes,train
shoes/shoes_795.jpg,shoes,train
shoes/shoes_798.jpg,shoes,train
shoes/shoes_8.jpg,shoes,train
shoes/shoes_80.jpg,shoes,train
shoes/shoes_800.jpg,shoes,train
shoes/shoes_801.jpg,shoes,train
shoes/shoes_802.jpg,shoes,train
shoes/shoes_803.jpg,shoes,train
shoes/shoes_804.jpg,shoes,train
shoes/shoes_805.jpg,shoes,train
shoes/shoes_806.jpg,shoes,train
shoes/shoes_807.jpg,shoes,train
shoes/shoes_808.jpg,shoes,train
shoes/shoes_810.jpg,shoes,train
shoes/shoes_811.jpg,shoes,train
shoes/shoes_813.jpg,shoes,train
shoes/shoes_815.jpg,shoes,train
shoes/shoes_816.jpg,shoes,train
shoes/shoes_817.jpg,shoes,train
shoes/shoes_818.jpg,shoes,train
shoes/shoes_819.jpg,shoes,train
shoes/shoes_820.jpg,shoes,train
shoes/shoes_821.jpg,shoes,train
shoes/shoes_824.jpg,shoes,train
shoes/shoes_826.jpg,shoes,train
shoes/shoes_827.jpg,shoes,train
shoes/shoes_828.jpg,shoes,train
shoes/shoes_829.jpg,shoes,train
shoes/shoes_83.jpg,shoes,train
shoes/shoes_832.jpg,shoes,train
shoes/shoes_833.jpg,shoes,train
shoes/shoes_834.jpg,shoes,train
shoes/shoes_836.jpg,shoes,train
shoes/shoes_837.jpg,shoes,train
shoes/shoes_839.jpg,shoes,train
shoes/shoes_84.jpg,shoes,train
shoes/shoes_840.jpg,shoes,train
shoes/shoes_841.jpg,shoes,train
shoes/shoes_842.jpg,shoes,train
shoes/shoes_843.jpg,shoes,train
shoes/shoes_844.jpg,shoes,train
shoes/shoes_846.jpg,shoes,train
shoes/shoes_847.jpg,shoes,train
shoes/shoes_848.jpg,shoes,train
shoes/shoes_852.jpg,shoes,train
shoes/shoes_854.jpg,shoes,train
shoes/shoes_855.jpg,shoes,train
shoes/shoes_856.jpg,shoes,train
shoes/shoes_858.jpg,shoes,train
shoes/shoes_859.jpg,shoes,train
shoes/shoes_86.jpg,shoes,train
shoes/shoes_860.jpg,shoes,train
shoes/shoes_861.jpg,shoes,train
shoes/shoes_862.jpg,shoes,train
shoes/shoes_863.jpg,shoes,train
shoes/shoes_867.jpg,shoes,train
shoes/shoes_87.jpg,shoes,train
shoes/shoes_870.jpg,shoes,train
shoes/shoes_871.jpg,shoes,train
shoes/shoes_872.jpg,shoes,train
shoes/shoes_874.jpg,shoes,train
shoes/shoes_877.jpg,shoes,train
shoes/shoes_879.jpg,shoes,train
shoes/shoes_88.jpg,shoes,train
shoes/shoes_882.jpg,shoes,train
shoes/shoes_884.jpg,shoes,train
shoes/shoes_885.jpg,shoes,train
shoes/shoes_886.jpg,shoes,train
shoes/shoes_889.jpg,shoes,train
shoes/shoes_890.jpg,shoes,train
shoes/shoes_891.jpg,shoes,train
shoes/shoes_892.jpg,shoes,train
shoes/shoes_894.jpg,shoes,train
shoes/shoes_895.jpg,shoes,train
shoes/shoes_899.jpg,shoes,train
shoes/shoes_9.jpg,shoes,train
shoes/shoes_90.jpg,shoes,train
shoes/shoes_900.jpg,shoes,train
shoes/shoes_901.jpg,shoes,train
shoes/shoes_902.jpg,shoes,train
shoes/shoes_903.jpg,shoes,train
shoes/shoes_904.jpg,shoes,train
shoes/shoes_905.jpg,shoes,train
shoes/shoes_906.jpg,shoes,train
shoes/shoes_908.jpg,shoes,train
shoes/shoes_909.jpg,shoes,train
shoes/shoes_91.jpg,shoes,train
shoes/shoes_910.jpg,shoes,train
shoes/shoes_911.jpg,shoes,train
shoes/shoes_912.jpg,shoes,train
shoes/shoes_913.jpg,shoes,train
shoes/shoes_915.jpg,shoes,train
shoes/shoes_916.jpg,shoes,train
shoes/shoes_917.jpg,shoes,train
shoes/shoes_918.jpg,shoes,train
shoes/shoes_92.jpg,shoes,train
shoes/shoes_921.jpg,shoes,train
shoes/shoes_923.jpg,shoes,train
shoes/shoes_924.jpg,shoes,train
shoes/shoes_925.jpg,shoes,train
shoes/shoes_926.jpg,shoes,train
shoes/shoes_927.jpg,shoes,train
shoes/shoes_928.jpg,shoes,train
shoes/shoes_929.jpg,shoes,train
shoes/shoes_931.jpg,shoes,train
shoes/shoes_932.jpg,shoes,train
shoes/shoes_933.jpg,shoes,train
shoes/shoes_934.jpg,shoes,train
shoes/shoes_935.jpg,shoes,train
shoes/shoes_937.jpg,shoes,train
shoes/shoes_938.jpg,shoes,train
shoes/shoes_939.jpg,shoes,train
shoes/shoes_94.jpg,shoes,train
shoes/shoes_941.jpg,shoes,train
shoes/shoes_942.jpg,shoes,train
shoes/shoes_943.jpg,shoes,train
shoes/shoes_945.jpg,shoes,train
shoes/shoes_946.jpg,shoes,train
shoes/shoes_947.jpg,shoes,train
shoes/shoes_948.jpg,shoes,train
shoes/shoes_949.jpg,shoes,train
shoes/shoes_95.jpg,shoes,train
shoes/shoes_950.jpg,shoes,train
shoes/shoes_952.jpg,shoes,train
shoes/shoes_953.jpg,shoes,train
shoes/shoes_957.jpg,shoes,train
shoes/shoes_958.jpg,shoes,train
shoes/shoes_960.jpg,shoes,train
shoes/shoes_961.jpg,shoes,train
shoes/shoes_965.jpg,shoes,train
shoes/shoes_966.jpg,shoes,train
shoes/shoes_967.jpg,shoes,train
shoes/shoes_968.jpg,shoes,train
shoes/shoes_969.jpg,shoes,train
shoes/shoes_97.jpg,shoes,train
shoes/shoes_971.jpg,shoes,train
shoes/shoes_972.jpg,shoes,train
shoes/shoes_973.jpg,shoes,train
shoes/shoes_977.jpg,shoes,train
shoes/shoes_978.jpg,shoes,train
shoes/shoes_979.jpg,shoes,train
shoes/shoes_980.jpg,shoes,train
shoes/shoes_981.jpg,shoes,train
shoes/shoes_982.jpg,shoes,train
shoes/shoes_983.jpg,shoes,train
shoes/shoes_985.jpg,shoes,train
shoes/shoes_987.jpg,shoes,train
shoes/shoes_988.jpg,shoes,train
shoes/shoes_990.jpg,shoes,train
shoes/shoes_991.jpg,shoes,train
shoes/shoes_992.jpg,shoes,train
shoes/shoes_993.jpg,shoes,train
shoes/shoes_994.jpg,shoes,train
shoes/shoes_995.jpg,shoes,train
shoes/shoes_997.jpg,shoes,train
shoes/shoes_998.jpg,shoes,train
trash/20240626_162343.jpg,trash,train
trash/trash_10.jpg,trash,train
trash/trash_100.jpg,trash,train
trash/trash_102.jpg,trash,train
trash/trash_105.jpg,trash,train
trash/trash_106.jpg,trash,train
trash/trash_108.jpg,trash,train
trash/trash_109.jpg,trash,train
trash/trash_11.jpg,trash,train
trash/trash_110.jpg,trash,train
trash/trash_111.jpg,trash,train
trash/trash_112.jpg,trash,train
trash/trash_114.jpg,trash,train
trash/trash_115.jpg,trash,train
trash/trash_116.jpg,trash,train
trash/trash_118.jpg,trash,train
trash/trash_12.jpg,trash,train
trash/trash_121.jpg,trash,train
trash/trash_122.jpg,trash,train
trash/trash_123.jpg,trash,train
trash/trash_124.jpg,trash,train
trash/trash_126.jpg,trash,train
trash/trash_127.jpg,trash,train
trash/trash_128.jpg,trash,train
trash/trash_129.jpg,trash,train
trash/trash_13.jpg,trash,train
trash/trash_130.jpg,trash,train
trash/trash_131.jpg,trash,train
trash/trash_133.jpg,trash,train
trash/trash_134.jpg,trash,train
trash/trash_135.jpg,trash,train
trash/trash_137.jpg,trash,train
trash/trash_139.jpg,trash,train
trash/trash_14.jpg,trash,train
trash/trash_142.jpg,trash,train
trash/trash_144.jpg,trash,train
trash/trash_145.jpg,trash,train
trash/trash_146.jpg,trash,train
trash/trash_147.jpg,trash,train
trash/trash_148.jpg,trash,train
trash/trash_149.jpg,trash,train
trash/trash_15.jpg,trash,train
trash/trash_151.jpg,trash,train
trash/trash_152.jpg,trash,train
trash/trash_153.jpg,trash,train
trash/trash_155.jpg,trash,train
trash/trash_156.jpg,trash,train
trash/trash_158.jpg,trash,train
trash/trash_162.jpg,trash,train
trash/trash_163.jpg,trash,train
trash/trash_166.jpg,trash,train
trash/trash_167.jpg,trash,train
trash/trash_168.jpg,trash,train
trash/trash_17.jpg,trash,train
trash/trash_170.jpg,trash,train
trash/trash_176.jpg,trash,train
trash/trash_177.jpg,trash,train
trash/trash_178.jpg,trash,train
trash/trash_179.jpg,trash,train
trash/trash_18.jpg,trash,train
trash/trash_180.jpg,trash,train
trash/trash_182.jpg,trash,train
trash/trash_186.jpg,trash,train
trash/trash_187.jpg,trash,train
trash/trash_188.jpg,trash,train
trash/trash_189.jpg,trash,train
trash/trash_190.jpg,trash,train
trash/trash_193.jpg,trash,train
trash/trash_194.jpg,trash,train
trash/trash_196.jpg,trash,train
trash/trash_197.jpg,trash,train
trash/trash_198.jpg,trash,train
trash/trash_2.jpg,trash,train
trash/trash_20.jpg,trash,train
trash/trash_200.jpg,trash,train
trash/trash_202.jpg,trash,train
trash/trash_20240626_150040.jpg,trash,train
trash/trash_20240626_150047.jpg,trash,train
trash/trash_20240626_150226.jpg,trash,train
trash/trash_20240626_150318.jpg,trash,train
trash/trash_20240626_150519.jpg,trash,train
trash/trash_20240626_150540.jpg,trash,train
trash/trash_20240626_150636.jpg,trash,train
trash/trash_20240626_150723.jpg,trash,train
trash/trash_20240626_150942.jpg,trash,train
trash/trash_20240626_151725.jpg,trash,train
trash/trash_20240626_151833.jpg,trash,train
trash/trash_20240626_151953.jpg,trash,train
trash/trash_20240626_152222.jpg,trash,train
trash/trash_20240626_152428.jpg,trash,train
trash/trash_20240626_152432.jpg,trash,train
trash/trash_20240626_152436.jpg,trash,train
trash/trash_20240626_152453.jpg,trash,train
trash/trash_20240626_152546.jpg,trash,train
trash/trash_20240626_152603.jpg,trash,train
trash/trash_20240626_152704.jpg,trash,train
trash/trash_20240626_152732.jpg,trash,train
trash/trash_20240626_152836.jpg,trash,train
trash/trash_20240626_152919.jpg,trash,train
trash/trash_20240626_153218.jpg,trash,train
trash/trash_20240626_153315.jpg,trash,train
trash/trash_20240626_153406.jpg,trash,train
trash/trash_20240626_153411.jpg,trash,train
trash/trash_20240626_153530.jpg,trash,train
trash/trash_20240626_153534.jpg,trash,train
trash/trash_20240626_153746.jpg,trash,train
trash/trash_20240626_153801.jpg,trash,train
trash/trash_20240626_154229.jpg,trash,train
trash/trash_20240626_154402.jpg,trash,train
trash/trash_20240626_154456.jpg,trash,train
trash/trash_20240626_154536.jpg,trash,train
trash/trash_20240626_154544.jpg,trash,train
trash/trash_20240626_154756.jpg,trash,train
trash/trash_20240626_154820.jpg,trash,train
trash/trash_20240626_155201.jpg,trash,train
trash/trash_20240626_155203.jpg,trash,train
trash/trash_20240626_155443.jpg,trash,train
trash/trash_20240626_155654.jpg,trash,train
trash/trash_20240626_155946.jpg,trash,train
trash/trash_20240626_160425.jpg,trash,train
trash/trash_20240626_161139.jpg,trash,train
trash/trash_20240626_161744.jpg,trash,train
trash/trash_20240626_162122.jpg,trash,train
trash/trash_20240626_162130.jpg,trash,train
trash/trash_20240626_162346.jpg,trash,train
trash/trash_20240626_162349.jpg,trash,train
trash/trash_20240626_162352.jpg,trash,train
trash/trash_20240626_162355.jpg,trash,train
trash/trash_20240626_162357.jpg,trash,train
trash/trash_20240626_163356.jpg,trash,train
trash/trash_20240626_163406.jpg,trash,train
trash/trash_20240626_164417.jpg,trash,train
trash/trash_20240626_164420.jpg,trash,train
trash/trash_20240626_164527.jpg,trash,train
trash/trash_20240626_164536.jpg,trash,train
trash/trash_20240626_164538.jpg,trash,train
trash/trash_20240626_164546.jpg,trash,train
trash/trash_20240626_165736.jpg,trash,train
trash/trash_20240626_165738.jpg,trash,train
trash/trash_20240626_165745.jpg,trash,train
trash/trash_20240626_165748.jpg,trash,train
trash/trash_20240626_165749.jpg,trash,train
trash/trash_20240626_165753.jpg,trash,train
trash/trash_20240626_165758.jpg,trash,train
trash/trash_20240626_170130.jpg,trash,train
trash/trash_20240626_170133.jpg,trash,train
trash/trash_20240626_170610.jpg,trash,train
trash/trash_20240626_170613.jpg,trash,train
trash/trash_20240626_170616.jpg,trash,train
trash/trash_20240626_171448.jpg,trash,train
trash/trash_20240626_171451.jpg,trash,train
trash/trash_20240626_171458.jpg,trash,train
trash/trash_20240626_171459.jpg,trash,train
trash/trash_20240626_172256.jpg,trash,train
trash/trash_20240626_172258.jpg,trash,train
trash/trash_20240626_172306.jpg,trash,train
trash/trash_20240626_172315.jpg,trash,train
trash/trash_20240626_172323.jpg,trash,train
trash/trash_20240626_172327.jpg,trash,train
trash/trash_20240626_172345.jpg,trash,train
trash/trash_20240626_172350.jpg,trash,train
trash/trash_20240626_172357.jpg,trash,train
trash/trash_20240628_161822.jpg,trash,train
trash/trash_20240628_173306.jpg,trash,train
trash/trash_20240628_173357.jpg,trash,train
trash/trash_20240628_174623.jpg,trash,train
trash/trash_20240628_175442.jpg,trash,train
trash/trash_20240628_180802.jpg,trash,train
trash/trash_20240703_101043.jpg,trash,train
trash/trash_20240703_101051.jpg,trash,train
trash/trash_20240703_110026.jpg,trash,train
trash/trash_20240719_064619_IMG_4086.jpeg,trash,train
trash/trash_202410.jpg,trash,train
trash/trash_202410.png,trash,train
trash/trash_20241210_094208.jpg,trash,train
trash/trash_20241210_094403.jpg,trash,train
trash/trash_20241210_103420.jpg,trash,train
trash/trash_20241210_104656.jpg,trash,train
trash/trash_20241210_104934.jpg,trash,train
trash/trash_20241210_113916.jpg,trash,train
trash/trash_20241210_120641.jpg,trash,train
trash/trash_20241210_134943.jpg,trash,train
trash/trash_20241210_163523.jpg,trash,train
trash/trash_20243.jpg,trash,train
trash/trash_20243.png,trash,train
trash/trash_20244.jpg,trash,train
trash/trash_20244.png,trash,train
trash/trash_20245.png,trash,train
trash/trash_20246.jpg,trash,train
trash/trash_20246.png,trash,train
trash/trash_20247.jpg,trash,train
trash/trash_20247.png,trash,train
trash/trash_20248.png,trash,train
trash/trash_20249.jpg,trash,train
trash/trash_20249.png,trash,train
trash/trash_204.jpg,trash,train
trash/trash_208.jpg,trash,train
trash/trash_209.jpg,trash,train
trash/trash_210.jpg,trash,train
trash/trash_211.jpg,trash,train
trash/trash_213.jpg,trash,train
trash/trash_214.jpg,trash,train
trash/trash_215.jpg,trash,train
trash/trash_218.jpg,trash,train
trash/trash_219.jpg,trash,train
trash/trash_22.jpg,trash,train
trash/trash_220.jpg,trash,train
trash/trash_221.jpg,trash,train
trash/trash_222.jpg,trash,train
trash/trash_223.jpg,trash,train
trash/trash_224.jpg,trash,train
trash/trash_225.jpg,trash,train
trash/trash_227.jpg,trash,train
trash/trash_228.jpg,trash,train
trash/trash_229.jpg,trash,train
trash/trash_23.jpg,trash,train
trash/trash_231.jpg,trash,train
trash/trash_234.jpg,trash,train
trash/trash_235.jpg,trash,train
trash/trash_238.jpg,trash,train
trash/trash_239.jpg,trash,train
trash/trash_240.jpg,trash,train
trash/trash_243.jpg,trash,train
trash/trash_244.jpg,trash,train
trash/trash_246.jpg,trash,train
trash/trash_247.jpg,trash,train
trash/trash_249.jpg,trash,train
trash/trash_25.jpg,trash,train
trash/trash_250.jpg,trash,train
trash/trash_253.jpg,trash,train
trash/trash_254.jpg,trash,train
trash/trash_255.jpg,trash,train
trash/trash_256.jpg,trash,train
trash/trash_257.jpg,trash,train
trash/trash_258.jpg,trash,train
trash/trash_26.jpg,trash,train
trash/trash_260.jpg,trash,train
trash/trash_261.jpg,trash,train
trash/trash_262.jpg,trash,train
trash/trash_263.jpg,trash,train
trash/trash_265.jpg,trash,train
trash/trash_266.jpg,trash,train
trash/trash_267.jpg,trash,train
trash/trash_268.jpg,trash,train
trash/trash_269.jpg,trash,train
trash/trash_27.jpg,trash,train
trash/trash_270.jpg,trash,train
trash/trash_271.jpg,trash,train
trash/trash_272.jpg,trash,train
trash/trash_275.jpg,trash,train
trash/trash_277.jpg,trash,train
trash/trash_278.jpg,trash,train
trash/trash_28.jpg,trash,train
trash/trash_280.jpg,trash,train
trash/trash_284.jpg,trash,train
trash/trash_285.jpg,trash,train
trash/trash_286.jpg,trash,train
trash/trash_287.jpg,trash,train
trash/trash_288.jpg,trash,train
trash/trash_289.jpg,trash,train
trash/trash_290.jpg,trash,train
trash/trash_293.jpg,trash,train
trash/trash_294.jpg,trash,train
trash/trash_295.jpg,trash,train
trash/trash_296.jpg,trash,train
trash/trash_297.jpg,trash,train
trash/trash_298.jpg,trash,train
trash/trash_299.jpg,trash,train
trash/trash_30.jpg,trash,train
trash/trash_301.jpg,trash,train
trash/trash_302.jpg,trash,train
trash/trash_303.jpg,trash,train
trash/trash_304.jpg,trash,train
trash/trash_306.jpg,trash,train
trash/trash_308.jpg,trash,train
trash/trash_309.jpg,trash,train
trash/trash_311.jpg,trash,train
trash/trash_312.jpg,trash,train
trash/trash_314.jpg,trash,train
trash/trash_315.jpg,trash,train
trash/trash_316.jpg,trash,train
trash/trash_317.jpg,trash,train
trash/trash_319.jpg,trash,train
trash/trash_322.jpg,trash,train
trash/trash_323.jpg,trash,train
trash/trash_324.jpg,trash,train
trash/trash_325.jpg,trash,train
trash/trash_328.jpg,trash,train
trash/trash_33.jpg,trash,train
trash/trash_330.jpg,trash,train
trash/trash_331.jpg,trash,train
trash/trash_332.jpg,trash,train
trash/trash_333.jpg,trash,train
trash/trash_336.jpg,trash,train
trash/trash_338.jpg,trash,train
trash/trash_339.jpg,trash,train
trash/trash_340.jpg,trash,train
trash/trash_341.jpg,trash,train
trash/trash_342.jpg,trash,train
trash/trash_344.jpg,trash,train
trash/trash_345.jpg,trash,train
trash/trash_346.jpg,trash,train
trash/trash_347.jpg,trash,train
trash/trash_348.jpg,trash,train
trash/trash_349.jpg,trash,train
trash/trash_35.jpg,trash,train
trash/trash_351.jpg,trash,train
trash/trash_353.jpg,trash,train
trash/trash_354.jpg,trash,train
trash/trash_355.jpg,trash,train
trash/trash_356.jpg,trash,train
trash/trash_357.jpg,trash,train
trash/trash_36.jpg,trash,train
trash/trash_360.jpg,trash,train
trash/trash_361.jpg,trash,train
trash/trash_362.jpg,trash,train
trash/trash_364.jpg,trash,train
trash/trash_365.jpg,trash,train
trash/trash_368.jpg,trash,train
trash/trash_369.jpg,trash,train
trash/trash_371.jpg,trash,train
trash/trash_372.jpg,trash,train
trash/trash_373.jpg,trash,train
trash/trash_374.jpg,trash,train
trash/trash_378.jpg,trash,train
trash/trash_379.jpg,trash,train
trash/trash_38.jpg,trash,train
trash/trash_381.jpg,trash,train
trash/trash_382.jpg,trash,train
trash/trash_383.jpg,trash,train
trash/trash_385.jpg,trash,train
trash/trash_387.jpg,trash,train
trash/trash_388.jpg,trash,train
trash/trash_389.jpg,trash,train
trash/trash_390.jpg,trash,train
trash/trash_391.jpg,trash,train
trash/trash_395.jpg,trash,train
trash/trash_398.jpg,trash,train
trash/trash_399.jpg,trash,train
trash/trash_4.jpg,trash,train
trash/trash_401.jpg,trash,train
trash/trash_404.jpg,trash,train
trash/trash_405.jpg,trash,train
trash/trash_406.jpg,trash,train
trash/trash_407.jpg,trash,train
trash/trash_408.jpg,trash,train
trash/trash_409.jpg,trash,train
trash/trash_41.jpg,trash,train
trash/trash_410.jpg,trash,train
trash/trash_413.jpg,trash,train
trash/trash_416.jpg,trash,train
trash/trash_417.jpg,trash,train
trash/trash_418.jpg,trash,train
trash/trash_419.jpg,trash,train
trash/trash_42.jpg,trash,train
trash/trash_421.jpg,trash,train
trash/trash_422.jpg,trash,train
trash/trash_424.jpg,trash,train
trash/trash_425.jpg,trash,train
trash/trash_427.jpg,trash,train
trash/trash_43.jpg,trash,train
trash/trash_432.jpg,trash,train
trash/trash_433.jpg,trash,train
trash/trash_435.jpg,trash,train
trash/trash_436.jpg,trash,train
trash/trash_438.jpg,trash,train
trash/trash_440.jpg,trash,train
trash/trash_441.jpg,trash,train
trash/trash_443.jpg,trash,train
trash/trash_445.jpg,trash,train
trash/trash_446.jpg,trash,train
trash/trash_447.jpg,trash,train
trash/trash_448.jpg,trash,train
trash/trash_45.jpg,trash,train
trash/trash_450.jpg,trash,train
trash/trash_452.jpg,trash,train
trash/trash_454.jpg,trash,train
trash/trash_455.jpg,trash,train
trash/trash_456.jpg,trash,train
trash/trash_459.jpg,trash,train
trash/trash_46.jpg,trash,train
trash/trash_460.jpg,trash,train
trash/trash_461.jpg,trash,train
trash/trash_462.jpg,trash,train
trash/trash_463.jpg,trash,train
trash/trash_464.jpg,trash,train
trash/trash_465.jpg,trash,train
trash/trash_466.jpg,trash,train
trash/trash_467.jpg,trash,train
trash/trash_468.jpg,trash,train
trash/trash_469.jpg,trash,train
trash/trash_47.jpg,trash,train
trash/trash_470.jpg,trash,train
trash/trash_471.jpg,trash,train
trash/trash_472.jpg,trash,train
trash/trash_473.jpg,trash,train
trash/trash_475.jpg,trash,train
trash/trash_476.jpg,trash,train
trash/trash_477.jpg,trash,train
trash/trash_48.jpg,trash,train
trash/trash_483.jpg,trash,train
trash/trash_484.jpg,trash,train
trash/trash_485.jpg,trash,train
trash/trash_486.jpg,trash,train
trash/trash_487.jpg,trash,train
trash/trash_488.jpg,trash,train
trash/trash_489.jpg,trash,train
trash/trash_49.jpg,trash,train
trash/trash_490.jpg,trash,train
trash/trash_491.jpg,trash,train
trash/trash_492.jpg,trash,train
trash/trash_495.jpg,trash,train
trash/trash_496.jpg,trash,train
trash/trash_497.jpg,trash,train
trash/trash_498.jpg,trash,train
trash/trash_499.jpg,trash,train
trash/trash_5.jpg,trash,train
trash/trash_50.jpg,trash,train
trash/trash_502.jpg,trash,train
trash/trash_503.jpg,trash,train
trash/trash_505.jpg,trash,train
trash/trash_506.jpg,trash,train
trash/trash_508.jpg,trash,train
trash/trash_509.jpg,trash,train
trash/trash_51.jpg,trash,train
trash/trash_513.jpg,trash,train
trash/trash_514.jpg,trash,train
trash/trash_515.jpg,trash,train
trash/trash_519.jpg,trash,train
trash/trash_52.jpg,trash,train
trash/trash_522.jpg,trash,train
trash/trash_525.jpg,trash,train
trash/trash_526.jpg,trash,train
trash/trash_527.jpg,trash,train
trash/trash_529.jpg,trash,train
trash/trash_530.jpg,trash,train
trash/trash_531.jpg,trash,train
trash/trash_532.jpg,trash,train
trash/trash_533.jpg,trash,train
trash/trash_534.jpg,trash,train
trash/trash_535.jpg,trash,train
trash/trash_536.jpg,trash,train
trash/trash_538.jpg,trash,train
trash/trash_539.jpg,trash,train
trash/trash_54.jpg,trash,train
trash/trash_540.jpg,trash,train
trash/trash_541.jpg,trash,train
trash/trash_542.jpg,trash,train
trash/trash_543.jpg,trash,train
trash/trash_544.jpg,trash,train
trash/trash_546.jpg,trash,train
trash/trash_547.jpg,trash,train
trash/trash_549.jpg,trash,train
trash/trash_550.jpg,trash,train
trash/trash_551.jpg,trash,train
trash/trash_552.jpg,trash,train
trash/trash_553.jpg,trash,train
trash/trash_555.jpg,trash,train
trash/trash_557.jpg,trash,train
trash/trash_558.jpg,trash,train
trash/trash_559.jpg,trash,train
trash/trash_56.jpg,trash,train
trash/trash_563.jpg,trash,train
trash/trash_564.jpg,trash,train
trash/trash_565.jpg,trash,train
trash/trash_569.jpg,trash,train
trash/trash_57.jpg,trash,train
trash/trash_572.jpg,trash,train
trash/trash_573.jpg,trash,train
trash/trash_575.jpg,trash,train
trash/trash_577.jpg,trash,train
trash/trash_578.jpg,trash,train
trash/trash_580.jpg,trash,train
trash/trash_584.jpg,trash,train
trash/trash_585.jpg,trash,train
trash/trash_586.jpg,trash,train
trash/trash_587.jpg,trash,train
trash/trash_589.jpg,trash,train
trash/trash_590.jpg,trash,train
trash/trash_591.jpg,trash,train
trash/trash_592.jpg,trash,train
trash/trash_593.jpg,trash,train
trash/trash_595.jpg,trash,train
trash/trash_596.jpg,trash,train
trash/trash_599.jpg,trash,train
trash/trash_6.jpg,trash,train
trash/trash_60.jpg,trash,train
trash/trash_600.jpg,trash,train
trash/trash_602.jpg,trash,train
trash/trash_605.jpg,trash,train
trash/trash_607.jpg,trash,train
trash/trash_609.jpg,trash,train
trash/trash_610.jpg,trash,train
trash/trash_611.jpg,trash,train
trash/trash_613.jpg,trash,train
trash/trash_614.jpg,trash,train
trash/trash_616.jpg,trash,train
trash/trash_617.jpg,trash,train
trash/trash_619.jpg,trash,train
trash/trash_62.jpg,trash,train
trash/trash_620.jpg,trash,train
trash/trash_621.jpg,trash,train
trash/trash_624.jpg,trash,train
trash/trash_626.jpg,trash,train
trash/trash_627.jpg,trash,train
trash/trash_628.jpg,trash,train
trash/trash_629.jpg,trash,train
trash/trash_63.jpg,trash,train
trash/trash_631.jpg,trash,train
trash/trash_633.jpg,trash,train
trash/trash_635.jpg,trash,train
trash/trash_636.jpg,trash,train
trash/trash_637.jpg,trash,train
trash/trash_638.jpg,trash,train
trash/trash_64.jpg,trash,train
trash/trash_640.jpg,trash,train
trash/trash_641.jpg,trash,train
trash/trash_642.jpg,trash,train
trash/trash_645.jpg,trash,train
trash/trash_647.jpg,trash,train
trash/trash_648.jpg,trash,train
trash/trash_650.jpg,trash,train
trash/trash_652.jpg,trash,train
trash/trash_653.jpg,trash,train
trash/trash_655.jpg,trash,train
trash/trash_656.jpg,trash,train
trash/trash_659.jpg,trash,train
trash/trash_66.jpg,trash,train
trash/trash_663.jpg,trash,train
trash/trash_664.jpg,trash,train
trash/trash_665.jpg,trash,train
trash/trash_666.jpg,trash,train
trash/trash_668.jpg,trash,train
trash/trash_669.jpg,trash,train
trash/trash_67.jpg,trash,train
trash/trash_670.jpg,trash,train
trash/trash_671.jpg,trash,train
trash/trash_673.jpg,trash,train
trash/trash_674.jpg,trash,train
trash/trash_675.jpg,trash,train
trash/trash_676.jpg,trash,train
trash/trash_677.jpg,trash,train
trash/trash_678.jpg,trash,train
trash/trash_681.jpg,trash,train
trash/trash_683.jpg,trash,train
trash/trash_685.jpg,trash,train
trash/trash_686.jpg,trash,train
trash/trash_687.jpg,trash,train
trash/trash_688.jpg,trash,train
trash/trash_69.jpg,trash,train
trash/trash_690.jpg,trash,train
trash/trash_691.jpg,trash,train
trash/trash_692.jpg,trash,train
trash/trash_693.jpg,trash,train
trash/trash_694.jpg,trash,train
trash/trash_695.jpg,trash,train
trash/trash_696.jpg,trash,train
trash/trash_697.jpg,trash,train
trash/trash_698.jpg,trash,train
trash/trash_7.jpg,trash,train
trash/trash_700.jpg,trash,train
trash/trash_701.jpg,trash,train
trash/trash_702.jpg,trash,train
trash/trash_704.jpg,trash,train
trash/trash_705.jpg,trash,train
trash/trash_706.jpg,trash,train
trash/trash_707.jpg,trash,train
trash/trash_708.jpg,trash,train
trash/trash_709.jpg,trash,train
trash/trash_71.jpg,trash,train
trash/trash_710.jpg,trash,train
trash/trash_714.jpg,trash,train
trash/trash_716.jpg,trash,train
trash/trash_717.jpg,trash,train
trash/trash_718.jpg,trash,train
trash/trash_72.jpg,trash,train
trash/trash_721.jpg,trash,train
trash/trash_723.jpg,trash,train
trash/trash_724.jpg,trash,train
trash/trash_725.jpg,trash,train
trash/trash_728.jpg,trash,train
trash/trash_729.jpg,trash,train
trash/trash_730.jpg,trash,train
trash/trash_731.jpg,trash,train
trash/trash_732.jpg,trash,train
trash/trash_734.jpg,trash,train
trash/trash_736.jpg,trash,train
trash/trash_737.jpg,trash,train
trash/trash_738.jpg,trash,train
trash/trash_740.jpg,trash,train
trash/trash_741.jpg,trash,train
trash/trash_744.jpg,trash,train
trash/trash_745.jpg,trash,train
trash/trash_746.jpg,trash,train
trash/trash_747.jpg,trash,train
trash/trash_749.jpg,trash,train
trash/trash_751.jpg,trash,train
trash/trash_753.jpg,trash,train
trash/trash_76.jpg,trash,train
trash/trash_761.jpg,trash,train
trash/trash_762.jpg,trash,train
trash/trash_766.jpg,trash,train
trash/trash_767.jpg,trash,train
trash/trash_769.jpg,trash,train
trash/trash_77.jpg,trash,train
trash/trash_770.jpg,trash,train
trash/trash_771.jpg,trash,train
trash/trash_772.jpg,trash,train
trash/trash_773.jpg,trash,train
trash/trash_774.jpg,trash,train
trash/trash_775.jpg,trash,train
trash/trash_777.jpg,trash,train
trash/trash_778.jpg,trash,train
trash/trash_783.jpg,trash,train
trash/trash_786.jpg,trash,train
trash/trash_789.jpg,trash,train
trash/trash_790.jpg,trash,train
trash/trash_792.jpg,trash,train
trash/trash_793.jpg,trash,train
trash/trash_794.jpg,trash,train
trash/trash_796.jpg,trash,train
trash/trash_797.jpg,trash,train
trash/trash_798.jpg,trash,train
trash/trash_799.jpg,trash,train
trash/trash_8.jpg,trash,train
trash/trash_80.jpg,trash,train
trash/trash_800.jpg,trash,train
trash/trash_801.jpg,trash,train
trash/trash_802.jpg,trash,train
trash/trash_804.jpg,trash,train
trash/trash_806.jpg,trash,train
trash/trash_807.jpg,trash,train
trash/trash_808.jpg,trash,train
trash/trash_809.jpg,trash,train
trash/trash_811.jpg,trash,train
trash/trash_813.jpg,trash,train
trash/trash_814.jpg,trash,train
trash/trash_815.jpg,trash,train
trash/trash_816.jpg,trash,train
trash/trash_818.jpg,trash,train
trash/trash_819.jpg,trash,train
trash/trash_82.jpg,trash,train
trash/trash_820.jpg,trash,train
trash/trash_821.jpg,trash,train
trash/trash_822.jpg,trash,train
trash/trash_823.jpg,trash,train
trash/trash_825.jpg,trash,train
trash/trash_826.jpg,trash,train
trash/trash_829.jpg,trash,train
trash/trash_830.jpg,trash,train
trash/trash_832.jpg,trash,train
trash/trash_833.jpg,trash,train
trash/trash_84.jpg,trash,train
trash/trash_85.jpg,trash,train
trash/trash_86.jpg,trash,train
trash/trash_87.jpg,trash,train
trash/trash_9.jpg,trash,train
trash/trash_91.jpg,trash,train
trash/trash_93.jpg,trash,train
trash/trash_94.jpg,trash,train
trash/trash_95.jpg,trash,train
trash/trash_97.jpg,trash,train
trash/trash_98.jpg,trash,train
